[2026-09-17 01:58:04] local.ERROR: SQLSTATE[HY000]: General error: 1 no such column: o.subtotal (Connection: sqlite, Database: C:\Users\sumarin\Herd\foodpos-690916\foodpos\database\database.sqlite, SQL: select 
                  COUNT(*) AS bill_count
                , COALESCE(SUM(o.subtotal), 0) AS gross_sales
                , COALESCE(SUM(o.item_discount), 0) AS item_discount
                , COALESCE(SUM(o.bill_discount + o.promotion_discount + o.voucher_discount), 0) AS bill_discount
                , COALESCE(SUM(o.service_charge), 0) AS service_charge
                , COALESCE(SUM(o.delivery_fee), 0) AS delivery_fee
                , COALESCE(SUM(o.tax_amount), 0) AS tax_amount
                , COALESCE(SUM(o.rounding), 0) AS rounding
                , COALESCE(SUM(o.grand_total), 0) AS net_sales
                , COALESCE(SUM(o.cost_total), 0) AS cost_total
                , COALESCE(SUM(o.guest_count), 0) AS guest_count
             from "POS2_orders" as "POS2_o" where "POS2_o"."branch_id" in (1) and "POS2_o"."business_date" between 2026-09-17 and 2026-09-17 and "POS2_o"."status" = paid limit 1) {"userId":1,"exception":"[object] (Illuminate\\Database\\QueryException(code: HY000): SQLSTATE[HY000]: General error: 1 no such column: o.subtotal (Connection: sqlite, Database: C:\\Users\\sumarin\\Herd\\foodpos-690916\\foodpos\\database\\database.sqlite, SQL: select 
                  COUNT(*) AS bill_count
                , COALESCE(SUM(o.subtotal), 0) AS gross_sales
                , COALESCE(SUM(o.item_discount), 0) AS item_discount
                , COALESCE(SUM(o.bill_discount + o.promotion_discount + o.voucher_discount), 0) AS bill_discount
                , COALESCE(SUM(o.service_charge), 0) AS service_charge
                , COALESCE(SUM(o.delivery_fee), 0) AS delivery_fee
                , COALESCE(SUM(o.tax_amount), 0) AS tax_amount
                , COALESCE(SUM(o.rounding), 0) AS rounding
                , COALESCE(SUM(o.grand_total), 0) AS net_sales
                , COALESCE(SUM(o.cost_total), 0) AS cost_total
                , COALESCE(SUM(o.guest_count), 0) AS guest_count
             from \"POS2_orders\" as \"POS2_o\" where \"POS2_o\".\"branch_id\" in (1) and \"POS2_o\".\"business_date\" between 2026-09-17 and 2026-09-17 and \"POS2_o\".\"status\" = paid limit 1) at C:/Users/sumarin/Herd/foodpos-690916/foodpos/vendor/laravel/framework/src/Illuminate/Database/Connection.php:838)
[stacktrace]
#0 C:/Users/sumarin/Herd/foodpos-690916/foodpos/vendor/laravel/framework/src/Illuminate/Database/Connection.php(794): Illuminate/Database/Connection->runQueryCallback('select /n       ...', Array, Object(Closure))
#1 C:/Users/sumarin/Herd/foodpos-690916/foodpos/vendor/laravel/framework/src/Illuminate/Database/Connection.php(411): Illuminate/Database/Connection->run('select /n       ...', Array, Object(Closure))
#2 C:/Users/sumarin/Herd/foodpos-690916/foodpos/vendor/laravel/framework/src/Illuminate/Database/Query/Builder.php(3505): Illuminate/Database/Connection->select('select /n       ...', Array, true)
#3 C:/Users/sumarin/Herd/foodpos-690916/foodpos/vendor/laravel/framework/src/Illuminate/Database/Query/Builder.php(3490): Illuminate/Database/Query/Builder->runSelect()
#4 C:/Users/sumarin/Herd/foodpos-690916/foodpos/vendor/laravel/framework/src/Illuminate/Database/Query/Builder.php(4080): Illuminate/Database/Query/Builder->Illuminate/Database/Query/{closure}()
#5 C:/Users/sumarin/Herd/foodpos-690916/foodpos/vendor/laravel/framework/src/Illuminate/Database/Query/Builder.php(3489): Illuminate/Database/Query/Builder->onceWithColumns(Array, Object(Closure))
#6 C:/Users/sumarin/Herd/foodpos-690916/foodpos/vendor/laravel/framework/src/Illuminate/Database/Concerns/BuildsQueries.php(366): Illuminate/Database/Query/Builder->get(Array)
#7 C:/Users/sumarin/Herd/foodpos-690916/foodpos/app/Services/SummaryReportService.php(49): Illuminate/Database/Query/Builder->first()
#8 C:/Users/sumarin/Herd/foodpos-690916/foodpos/app/Services/SummaryReportService.php(426): App/Services/SummaryReportService->salesSummary()
#9 C:/Users/sumarin/Herd/foodpos-690916/foodpos/app/Http/Controllers/BackOffice/SummaryController.php(27): App/Services/SummaryReportService->all()
#10 C:/Users/sumarin/Herd/foodpos-690916/foodpos/vendor/laravel/framework/src/Illuminate/Routing/ControllerDispatcher.php(46): App/Http/Controllers/BackOffice/SummaryController->__invoke(Object(Illuminate/Http/Request))
#11 C:/Users/sumarin/Herd/foodpos-690916/foodpos/vendor/laravel/framework/src/Illuminate/Routing/Route.php(265): Illuminate/Routing/ControllerDispatcher->dispatch(Object(Illuminate/Routing/Route), Object(App/Http/Controllers/BackOffice/SummaryController), '__invoke')
#12 C:/Users/sumarin/Herd/foodpos-690916/foodpos/vendor/laravel/framework/src/Illuminate/Routing/Route.php(211): Illuminate/Routing/Route->runController()
#13 C:/Users/sumarin/Herd/foodpos-690916/foodpos/vendor/laravel/framework/src/Illuminate/Routing/Router.php(822): Illuminate/Routing/Route->run()
#14 C:/Users/sumarin/Herd/foodpos-690916/foodpos/vendor/laravel/framework/src/Illuminate/Pipeline/Pipeline.php(180): Illuminate/Routing/Router->Illuminate/Routing/{closure}(Object(Illuminate/Http/Request))
#15 C:/Users/sumarin/Herd/foodpos-690916/foodpos/app/Http/Middleware/EnsureUserHasPermission.php(25): Illuminate/Pipeline/Pipeline->Illuminate/Pipeline/{closure}(Object(Illuminate/Http/Request))
#16 C:/Users/sumarin/Herd/foodpos-690916/foodpos/vendor/laravel/framework/src/Illuminate/Pipeline/Pipeline.php(219): App/Http/Middleware/EnsureUserHasPermission->handle(Object(Illuminate/Http/Request), Object(Closure), 'backoffice.acce...')
#17 C:/Users/sumarin/Herd/foodpos-690916/foodpos/vendor/laravel/framework/src/Illuminate/Http/Middleware/AddLinkHeadersForPreloadedAssets.php(32): Illuminate/Pipeline/Pipeline->Illuminate/Pipeline/{closure}(Object(Illuminate/Http/Request))
#18 C:/Users/sumarin/Herd/foodpos-690916/foodpos/vendor/laravel/framework/src/Illuminate/Pipeline/Pipeline.php(219): Illuminate/Http/Middleware/AddLinkHeadersForPreloadedAssets->handle(Object(Illuminate/Http/Request), Object(Closure))
#19 C:/Users/sumarin/Herd/foodpos-690916/foodpos/vendor/inertiajs/inertia-laravel/src/Middleware.php(122): Illuminate/Pipeline/Pipeline->Illuminate/Pipeline/{closure}(Object(Illuminate/Http/Request))
#20 C:/Users/sumarin/Herd/foodpos-690916/foodpos/vendor/laravel/framework/src/Illuminate/Pipeline/Pipeline.php(219): Inertia/Middleware->handle(Object(Illuminate/Http/Request), Object(Closure))
#21 C:/Users/sumarin/Herd/foodpos-690916/foodpos/app/Http/Middleware/ResolveCurrentBranch.php(40): Illuminate/Pipeline/Pipeline->Illuminate/Pipeline/{closure}(Object(Illuminate/Http/Request))
#22 C:/Users/sumarin/Herd/foodpos-690916/foodpos/vendor/laravel/framework/src/Illuminate/Pipeline/Pipeline.php(219): App/Http/Middleware/ResolveCurrentBranch->handle(Object(Illuminate/Http/Request), Object(Closure))
#23 C:/Users/sumarin/Herd/foodpos-690916/foodpos/vendor/laravel/framework/src/Illuminate/Routing/Middleware/SubstituteBindings.php(50): Illuminate/Pipeline/Pipeline->Illuminate/Pipeline/{closure}(Object(Illuminate/Http/Request))
#24 C:/Users/sumarin/Herd/foodpos-690916/foodpos/vendor/laravel/framework/src/Illuminate/Pipeline/Pipeline.php(219): Illuminate/Routing/Middleware/SubstituteBindings->handle(Object(Illuminate/Http/Request), Object(Closure))
#25 C:/Users/sumarin/Herd/foodpos-690916/foodpos/vendor/laravel/framework/src/Illuminate/Auth/Middleware/Authenticate.php(63): Illuminate/Pipeline/Pipeline->Illuminate/Pipeline/{closure}(Object(Illuminate/Http/Request))
#26 C:/Users/sumarin/Herd/foodpos-690916/foodpos/vendor/laravel/framework/src/Illuminate/Pipeline/Pipeline.php(219): Illuminate/Auth/Middleware/Authenticate->handle(Object(Illuminate/Http/Request), Object(Closure))
#27 C:/Users/sumarin/Herd/foodpos-690916/foodpos/vendor/laravel/framework/src/Illuminate/Foundation/Http/Middleware/VerifyCsrfToken.php(87): Illuminate/Pipeline/Pipeline->Illuminate/Pipeline/{closure}(Object(Illuminate/Http/Request))
#28 C:/Users/sumarin/Herd/foodpos-690916/foodpos/vendor/laravel/framework/src/Illuminate/Pipeline/Pipeline.php(219): Illuminate/Foundation/Http/Middleware/VerifyCsrfToken->handle(Object(Illuminate/Http/Request), Object(Closure))
#29 C:/Users/sumarin/Herd/foodpos-690916/foodpos/vendor/laravel/framework/src/Illuminate/View/Middleware/ShareErrorsFromSession.php(48): Illuminate/Pipeline/Pipeline->Illuminate/Pipeline/{closure}(Object(Illuminate/Http/Request))
#30 C:/Users/sumarin/Herd/foodpos-690916/foodpos/vendor/laravel/framework/src/Illuminate/Pipeline/Pipeline.php(219): Illuminate/View/Middleware/ShareErrorsFromSession->handle(Object(Illuminate/Http/Request), Object(Closure))
#31 C:/Users/sumarin/Herd/foodpos-690916/foodpos/vendor/laravel/framework/src/Illuminate/Session/Middleware/StartSession.php(120): Illuminate/Pipeline/Pipeline->Illuminate/Pipeline/{closure}(Object(Illuminate/Http/Request))
#32 C:/Users/sumarin/Herd/foodpos-690916/foodpos/vendor/laravel/framework/src/Illuminate/Session/Middleware/StartSession.php(63): Illuminate/Session/Middleware/StartSession->handleStatefulRequest(Object(Illuminate/Http/Request), Object(Illuminate/Session/Store), Object(Closure))
#33 C:/Users/sumarin/Herd/foodpos-690916/foodpos/vendor/laravel/framework/src/Illuminate/Pipeline/Pipeline.php(219): Illuminate/Session/Middleware/StartSession->handle(Object(Illuminate/Http/Request), Object(Closure))
#34 C:/Users/sumarin/Herd/foodpos-690916/foodpos/vendor/laravel/framework/src/Illuminate/Cookie/Middleware/AddQueuedCookiesToResponse.php(36): Illuminate/Pipeline/Pipeline->Illuminate/Pipeline/{closure}(Object(Illuminate/Http/Request))
#35 C:/Users/sumarin/Herd/foodpos-690916/foodpos/vendor/laravel/framework/src/Illuminate/Pipeline/Pipeline.php(219): Illuminate/Cookie/Middleware/AddQueuedCookiesToResponse->handle(Object(Illuminate/Http/Request), Object(Closure))
#36 C:/Users/sumarin/Herd/foodpos-690916/foodpos/vendor/laravel/framework/src/Illuminate/Cookie/Middleware/EncryptCookies.php(74): Illuminate/Pipeline/Pipeline->Illuminate/Pipeline/{closure}(Object(Illuminate/Http/Request))
#37 C:/Users/sumarin/Herd/foodpos-690916/foodpos/vendor/laravel/framework/src/Illuminate/Pipeline/Pipeline.php(219): Illuminate/Cookie/Middleware/EncryptCookies->handle(Object(Illuminate/Http/Request), Object(Closure))
#38 C:/Users/sumarin/Herd/foodpos-690916/foodpos/vendor/laravel/framework/src/Illuminate/Pipeline/Pipeline.php(137): Illuminate/Pipeline/Pipeline->Illuminate/Pipeline/{closure}(Object(Illuminate/Http/Request))
#39 C:/Users/sumarin/Herd/foodpos-690916/foodpos/vendor/laravel/framework/src/Illuminate/Routing/Router.php(821): Illuminate/Pipeline/Pipeline->then(Object(Closure))
#40 C:/Users/sumarin/Herd/foodpos-690916/foodpos/vendor/laravel/framework/src/Illuminate/Routing/Router.php(800): Illuminate/Routing/Router->runRouteWithinStack(Object(Illuminate/Routing/Route), Object(Illuminate/Http/Request))
#41 C:/Users/sumarin/Herd/foodpos-690916/foodpos/vendor/laravel/framework/src/Illuminate/Routing/Router.php(764): Illuminate/Routing/Router->runRoute(Object(Illuminate/Http/Request), Object(Illuminate/Routing/Route))
#42 C:/Users/sumarin/Herd/foodpos-690916/foodpos/vendor/laravel/framework/src/Illuminate/Routing/Router.php(753): Illuminate/Routing/Router->dispatchToRoute(Object(Illuminate/Http/Request))
#43 C:/Users/sumarin/Herd/foodpos-690916/foodpos/vendor/laravel/framework/src/Illuminate/Foundation/Http/Kernel.php(200): Illuminate/Routing/Router->dispatch(Object(Illuminate/Http/Request))
#44 C:/Users/sumarin/Herd/foodpos-690916/foodpos/vendor/laravel/framework/src/Illuminate/Pipeline/Pipeline.php(180): Illuminate/Foundation/Http/Kernel->Illuminate/Foundation/Http/{closure}(Object(Illuminate/Http/Request))
#45 C:/Users/sumarin/Herd/foodpos-690916/foodpos/vendor/laravel/framework/src/Illuminate/Foundation/Http/Middleware/TransformsRequest.php(21): Illuminate/Pipeline/Pipeline->Illuminate/Pipeline/{closure}(Object(Illuminate/Http/Request))
#46 C:/Users/sumarin/Herd/foodpos-690916/foodpos/vendor/laravel/framework/src/Illuminate/Foundation/Http/Middleware/ConvertEmptyStringsToNull.php(31): Illuminate/Foundation/Http/Middleware/TransformsRequest->handle(Object(Illuminate/Http/Request), Object(Closure))
#47 C:/Users/sumarin/Herd/foodpos-690916/foodpos/vendor/laravel/framework/src/Illuminate/Pipeline/Pipeline.php(219): Illuminate/Foundation/Http/Middleware/ConvertEmptyStringsToNull->handle(Object(Illuminate/Http/Request), Object(Closure))
#48 C:/Users/sumarin/Herd/foodpos-690916/foodpos/vendor/laravel/framework/src/Illuminate/Foundation/Http/Middleware/TransformsRequest.php(21): Illuminate/Pipeline/Pipeline->Illuminate/Pipeline/{closure}(Object(Illuminate/Http/Request))
#49 C:/Users/sumarin/Herd/foodpos-690916/foodpos/vendor/laravel/framework/src/Illuminate/Foundation/Http/Middleware/TrimStrings.php(51): Illuminate/Foundation/Http/Middleware/TransformsRequest->handle(Object(Illuminate/Http/Request), Object(Closure))
#50 C:/Users/sumarin/Herd/foodpos-690916/foodpos/vendor/laravel/framework/src/Illuminate/Pipeline/Pipeline.php(219): Illuminate/Foundation/Http/Middleware/TrimStrings->handle(Object(Illuminate/Http/Request), Object(Closure))
#51 C:/Users/sumarin/Herd/foodpos-690916/foodpos/vendor/laravel/framework/src/Illuminate/Http/Middleware/ValidatePostSize.php(27): Illuminate/Pipeline/Pipeline->Illuminate/Pipeline/{closure}(Object(Illuminate/Http/Request))
#52 C:/Users/sumarin/Herd/foodpos-690916/foodpos/vendor/laravel/framework/src/Illuminate/Pipeline/Pipeline.php(219): Illuminate/Http/Middleware/ValidatePostSize->handle(Object(Illuminate/Http/Request), Object(Closure))
#53 C:/Users/sumarin/Herd/foodpos-690916/foodpos/vendor/laravel/framework/src/Illuminate/Foundation/Http/Middleware/PreventRequestsDuringMaintenance.php(109): Illuminate/Pipeline/Pipeline->Illuminate/Pipeline/{closure}(Object(Illuminate/Http/Request))
#54 C:/Users/sumarin/Herd/foodpos-690916/foodpos/vendor/laravel/framework/src/Illuminate/Pipeline/Pipeline.php(219): Illuminate/Foundation/Http/Middleware/PreventRequestsDuringMaintenance->handle(Object(Illuminate/Http/Request), Object(Closure))
#55 C:/Users/sumarin/Herd/foodpos-690916/foodpos/vendor/laravel/framework/src/Illuminate/Http/Middleware/HandleCors.php(61): Illuminate/Pipeline/Pipeline->Illuminate/Pipeline/{closure}(Object(Illuminate/Http/Request))
#56 C:/Users/sumarin/Herd/foodpos-690916/foodpos/vendor/laravel/framework/src/Illuminate/Pipeline/Pipeline.php(219): Illuminate/Http/Middleware/HandleCors->handle(Object(Illuminate/Http/Request), Object(Closure))
#57 C:/Users/sumarin/Herd/foodpos-690916/foodpos/vendor/laravel/framework/src/Illuminate/Http/Middleware/TrustProxies.php(58): Illuminate/Pipeline/Pipeline->Illuminate/Pipeline/{closure}(Object(Illuminate/Http/Request))
#58 C:/Users/sumarin/Herd/foodpos-690916/foodpos/vendor/laravel/framework/src/Illuminate/Pipeline/Pipeline.php(219): Illuminate/Http/Middleware/TrustProxies->handle(Object(Illuminate/Http/Request), Object(Closure))
#59 C:/Users/sumarin/Herd/foodpos-690916/foodpos/vendor/laravel/framework/src/Illuminate/Foundation/Http/Middleware/InvokeDeferredCallbacks.php(22): Illuminate/Pipeline/Pipeline->Illuminate/Pipeline/{closure}(Object(Illuminate/Http/Request))
#60 C:/Users/sumarin/Herd/foodpos-690916/foodpos/vendor/laravel/framework/src/Illuminate/Pipeline/Pipeline.php(219): Illuminate/Foundation/Http/Middleware/InvokeDeferredCallbacks->handle(Object(Illuminate/Http/Request), Object(Closure))
#61 C:/Users/sumarin/Herd/foodpos-690916/foodpos/vendor/laravel/framework/src/Illuminate/Http/Middleware/ValidatePathEncoding.php(26): Illuminate/Pipeline/Pipeline->Illuminate/Pipeline/{closure}(Object(Illuminate/Http/Request))
#62 C:/Users/sumarin/Herd/foodpos-690916/foodpos/vendor/laravel/framework/src/Illuminate/Pipeline/Pipeline.php(219): Illuminate/Http/Middleware/ValidatePathEncoding->handle(Object(Illuminate/Http/Request), Object(Closure))
#63 C:/Users/sumarin/Herd/foodpos-690916/foodpos/vendor/laravel/framework/src/Illuminate/Pipeline/Pipeline.php(137): Illuminate/Pipeline/Pipeline->Illuminate/Pipeline/{closure}(Object(Illuminate/Http/Request))
#64 C:/Users/sumarin/Herd/foodpos-690916/foodpos/vendor/laravel/framework/src/Illuminate/Foundation/Http/Kernel.php(175): Illuminate/Pipeline/Pipeline->then(Object(Closure))
#65 C:/Users/sumarin/Herd/foodpos-690916/foodpos/vendor/laravel/framework/src/Illuminate/Foundation/Http/Kernel.php(144): Illuminate/Foundation/Http/Kernel->sendRequestThroughRouter(Object(Illuminate/Http/Request))
#66 C:/Users/sumarin/Herd/foodpos-690916/foodpos/vendor/laravel/framework/src/Illuminate/Foundation/Application.php(1220): Illuminate/Foundation/Http/Kernel->handle(Object(Illuminate/Http/Request))
#67 C:/Users/sumarin/Herd/foodpos-690916/foodpos/public/index.php(14): Illuminate/Foundation/Application->handleRequest(Object(Illuminate/Http/Request))
#68 C:/Users/sumarin/Herd/foodpos-690916/foodpos/vendor/laravel/framework/src/Illuminate/Foundation/resources/server.php(23): require_once('C://Users//sumari...')
#69 {main}

[previous exception] [object] (PDOException(code: HY000): SQLSTATE[HY000]: General error: 1 no such column: o.subtotal at C:/Users/sumarin/Herd/foodpos-690916/foodpos/vendor/laravel/framework/src/Illuminate/Database/Connection.php:420)
[stacktrace]
#0 C:/Users/sumarin/Herd/foodpos-690916/foodpos/vendor/laravel/framework/src/Illuminate/Database/Connection.php(420): PDO->prepare('select /n       ...')
#1 C:/Users/sumarin/Herd/foodpos-690916/foodpos/vendor/laravel/framework/src/Illuminate/Database/Connection.php(827): Illuminate/Database/Connection->Illuminate/Database/{closure}('select /n       ...', Array)
#2 C:/Users/sumarin/Herd/foodpos-690916/foodpos/vendor/laravel/framework/src/Illuminate/Database/Connection.php(794): Illuminate/Database/Connection->runQueryCallback('select /n       ...', Array, Object(Closure))
#3 C:/Users/sumarin/Herd/foodpos-690916/foodpos/vendor/laravel/framework/src/Illuminate/Database/Connection.php(411): Illuminate/Database/Connection->run('select /n       ...', Array, Object(Closure))
#4 C:/Users/sumarin/Herd/foodpos-690916/foodpos/vendor/laravel/framework/src/Illuminate/Database/Query/Builder.php(3505): Illuminate/Database/Connection->select('select /n       ...', Array, true)
#5 C:/Users/sumarin/Herd/foodpos-690916/foodpos/vendor/laravel/framework/src/Illuminate/Database/Query/Builder.php(3490): Illuminate/Database/Query/Builder->runSelect()
#6 C:/Users/sumarin/Herd/foodpos-690916/foodpos/vendor/laravel/framework/src/Illuminate/Database/Query/Builder.php(4080): Illuminate/Database/Query/Builder->Illuminate/Database/Query/{closure}()
#7 C:/Users/sumarin/Herd/foodpos-690916/foodpos/vendor/laravel/framework/src/Illuminate/Database/Query/Builder.php(3489): Illuminate/Database/Query/Builder->onceWithColumns(Array, Object(Closure))
#8 C:/Users/sumarin/Herd/foodpos-690916/foodpos/vendor/laravel/framework/src/Illuminate/Database/Concerns/BuildsQueries.php(366): Illuminate/Database/Query/Builder->get(Array)
#9 C:/Users/sumarin/Herd/foodpos-690916/foodpos/app/Services/SummaryReportService.php(49): Illuminate/Database/Query/Builder->first()
#10 C:/Users/sumarin/Herd/foodpos-690916/foodpos/app/Services/SummaryReportService.php(426): App/Services/SummaryReportService->salesSummary()
#11 C:/Users/sumarin/Herd/foodpos-690916/foodpos/app/Http/Controllers/BackOffice/SummaryController.php(27): App/Services/SummaryReportService->all()
#12 C:/Users/sumarin/Herd/foodpos-690916/foodpos/vendor/laravel/framework/src/Illuminate/Routing/ControllerDispatcher.php(46): App/Http/Controllers/BackOffice/SummaryController->__invoke(Object(Illuminate/Http/Request))
#13 C:/Users/sumarin/Herd/foodpos-690916/foodpos/vendor/laravel/framework/src/Illuminate/Routing/Route.php(265): Illuminate/Routing/ControllerDispatcher->dispatch(Object(Illuminate/Routing/Route), Object(App/Http/Controllers/BackOffice/SummaryController), '__invoke')
#14 C:/Users/sumarin/Herd/foodpos-690916/foodpos/vendor/laravel/framework/src/Illuminate/Routing/Route.php(211): Illuminate/Routing/Route->runController()
#15 C:/Users/sumarin/Herd/foodpos-690916/foodpos/vendor/laravel/framework/src/Illuminate/Routing/Router.php(822): Illuminate/Routing/Route->run()
#16 C:/Users/sumarin/Herd/foodpos-690916/foodpos/vendor/laravel/framework/src/Illuminate/Pipeline/Pipeline.php(180): Illuminate/Routing/Router->Illuminate/Routing/{closure}(Object(Illuminate/Http/Request))
#17 C:/Users/sumarin/Herd/foodpos-690916/foodpos/app/Http/Middleware/EnsureUserHasPermission.php(25): Illuminate/Pipeline/Pipeline->Illuminate/Pipeline/{closure}(Object(Illuminate/Http/Request))
#18 C:/Users/sumarin/Herd/foodpos-690916/foodpos/vendor/laravel/framework/src/Illuminate/Pipeline/Pipeline.php(219): App/Http/Middleware/EnsureUserHasPermission->handle(Object(Illuminate/Http/Request), Object(Closure), 'backoffice.acce...')
#19 C:/Users/sumarin/Herd/foodpos-690916/foodpos/vendor/laravel/framework/src/Illuminate/Http/Middleware/AddLinkHeadersForPreloadedAssets.php(32): Illuminate/Pipeline/Pipeline->Illuminate/Pipeline/{closure}(Object(Illuminate/Http/Request))
#20 C:/Users/sumarin/Herd/foodpos-690916/foodpos/vendor/laravel/framework/src/Illuminate/Pipeline/Pipeline.php(219): Illuminate/Http/Middleware/AddLinkHeadersForPreloadedAssets->handle(Object(Illuminate/Http/Request), Object(Closure))
#21 C:/Users/sumarin/Herd/foodpos-690916/foodpos/vendor/inertiajs/inertia-laravel/src/Middleware.php(122): Illuminate/Pipeline/Pipeline->Illuminate/Pipeline/{closure}(Object(Illuminate/Http/Request))
#22 C:/Users/sumarin/Herd/foodpos-690916/foodpos/vendor/laravel/framework/src/Illuminate/Pipeline/Pipeline.php(219): Inertia/Middleware->handle(Object(Illuminate/Http/Request), Object(Closure))
#23 C:/Users/sumarin/Herd/foodpos-690916/foodpos/app/Http/Middleware/ResolveCurrentBranch.php(40): Illuminate/Pipeline/Pipeline->Illuminate/Pipeline/{closure}(Object(Illuminate/Http/Request))
#24 C:/Users/sumarin/Herd/foodpos-690916/foodpos/vendor/laravel/framework/src/Illuminate/Pipeline/Pipeline.php(219): App/Http/Middleware/ResolveCurrentBranch->handle(Object(Illuminate/Http/Request), Object(Closure))
#25 C:/Users/sumarin/Herd/foodpos-690916/foodpos/vendor/laravel/framework/src/Illuminate/Routing/Middleware/SubstituteBindings.php(50): Illuminate/Pipeline/Pipeline->Illuminate/Pipeline/{closure}(Object(Illuminate/Http/Request))
#26 C:/Users/sumarin/Herd/foodpos-690916/foodpos/vendor/laravel/framework/src/Illuminate/Pipeline/Pipeline.php(219): Illuminate/Routing/Middleware/SubstituteBindings->handle(Object(Illuminate/Http/Request), Object(Closure))
#27 C:/Users/sumarin/Herd/foodpos-690916/foodpos/vendor/laravel/framework/src/Illuminate/Auth/Middleware/Authenticate.php(63): Illuminate/Pipeline/Pipeline->Illuminate/Pipeline/{closure}(Object(Illuminate/Http/Request))
#28 C:/Users/sumarin/Herd/foodpos-690916/foodpos/vendor/laravel/framework/src/Illuminate/Pipeline/Pipeline.php(219): Illuminate/Auth/Middleware/Authenticate->handle(Object(Illuminate/Http/Request), Object(Closure))
#29 C:/Users/sumarin/Herd/foodpos-690916/foodpos/vendor/laravel/framework/src/Illuminate/Foundation/Http/Middleware/VerifyCsrfToken.php(87): Illuminate/Pipeline/Pipeline->Illuminate/Pipeline/{closure}(Object(Illuminate/Http/Request))
#30 C:/Users/sumarin/Herd/foodpos-690916/foodpos/vendor/laravel/framework/src/Illuminate/Pipeline/Pipeline.php(219): Illuminate/Foundation/Http/Middleware/VerifyCsrfToken->handle(Object(Illuminate/Http/Request), Object(Closure))
#31 C:/Users/sumarin/Herd/foodpos-690916/foodpos/vendor/laravel/framework/src/Illuminate/View/Middleware/ShareErrorsFromSession.php(48): Illuminate/Pipeline/Pipeline->Illuminate/Pipeline/{closure}(Object(Illuminate/Http/Request))
#32 C:/Users/sumarin/Herd/foodpos-690916/foodpos/vendor/laravel/framework/src/Illuminate/Pipeline/Pipeline.php(219): Illuminate/View/Middleware/ShareErrorsFromSession->handle(Object(Illuminate/Http/Request), Object(Closure))
#33 C:/Users/sumarin/Herd/foodpos-690916/foodpos/vendor/laravel/framework/src/Illuminate/Session/Middleware/StartSession.php(120): Illuminate/Pipeline/Pipeline->Illuminate/Pipeline/{closure}(Object(Illuminate/Http/Request))
#34 C:/Users/sumarin/Herd/foodpos-690916/foodpos/vendor/laravel/framework/src/Illuminate/Session/Middleware/StartSession.php(63): Illuminate/Session/Middleware/StartSession->handleStatefulRequest(Object(Illuminate/Http/Request), Object(Illuminate/Session/Store), Object(Closure))
#35 C:/Users/sumarin/Herd/foodpos-690916/foodpos/vendor/laravel/framework/src/Illuminate/Pipeline/Pipeline.php(219): Illuminate/Session/Middleware/StartSession->handle(Object(Illuminate/Http/Request), Object(Closure))
#36 C:/Users/sumarin/Herd/foodpos-690916/foodpos/vendor/laravel/framework/src/Illuminate/Cookie/Middleware/AddQueuedCookiesToResponse.php(36): Illuminate/Pipeline/Pipeline->Illuminate/Pipeline/{closure}(Object(Illuminate/Http/Request))
#37 C:/Users/sumarin/Herd/foodpos-690916/foodpos/vendor/laravel/framework/src/Illuminate/Pipeline/Pipeline.php(219): Illuminate/Cookie/Middleware/AddQueuedCookiesToResponse->handle(Object(Illuminate/Http/Request), Object(Closure))
#38 C:/Users/sumarin/Herd/foodpos-690916/foodpos/vendor/laravel/framework/src/Illuminate/Cookie/Middleware/EncryptCookies.php(74): Illuminate/Pipeline/Pipeline->Illuminate/Pipeline/{closure}(Object(Illuminate/Http/Request))
#39 C:/Users/sumarin/Herd/foodpos-690916/foodpos/vendor/laravel/framework/src/Illuminate/Pipeline/Pipeline.php(219): Illuminate/Cookie/Middleware/EncryptCookies->handle(Object(Illuminate/Http/Request), Object(Closure))
#40 C:/Users/sumarin/Herd/foodpos-690916/foodpos/vendor/laravel/framework/src/Illuminate/Pipeline/Pipeline.php(137): Illuminate/Pipeline/Pipeline->Illuminate/Pipeline/{closure}(Object(Illuminate/Http/Request))
#41 C:/Users/sumarin/Herd/foodpos-690916/foodpos/vendor/laravel/framework/src/Illuminate/Routing/Router.php(821): Illuminate/Pipeline/Pipeline->then(Object(Closure))
#42 C:/Users/sumarin/Herd/foodpos-690916/foodpos/vendor/laravel/framework/src/Illuminate/Routing/Router.php(800): Illuminate/Routing/Router->runRouteWithinStack(Object(Illuminate/Routing/Route), Object(Illuminate/Http/Request))
#43 C:/Users/sumarin/Herd/foodpos-690916/foodpos/vendor/laravel/framework/src/Illuminate/Routing/Router.php(764): Illuminate/Routing/Router->runRoute(Object(Illuminate/Http/Request), Object(Illuminate/Routing/Route))
#44 C:/Users/sumarin/Herd/foodpos-690916/foodpos/vendor/laravel/framework/src/Illuminate/Routing/Router.php(753): Illuminate/Routing/Router->dispatchToRoute(Object(Illuminate/Http/Request))
#45 C:/Users/sumarin/Herd/foodpos-690916/foodpos/vendor/laravel/framework/src/Illuminate/Foundation/Http/Kernel.php(200): Illuminate/Routing/Router->dispatch(Object(Illuminate/Http/Request))
#46 C:/Users/sumarin/Herd/foodpos-690916/foodpos/vendor/laravel/framework/src/Illuminate/Pipeline/Pipeline.php(180): Illuminate/Foundation/Http/Kernel->Illuminate/Foundation/Http/{closure}(Object(Illuminate/Http/Request))
#47 C:/Users/sumarin/Herd/foodpos-690916/foodpos/vendor/laravel/framework/src/Illuminate/Foundation/Http/Middleware/TransformsRequest.php(21): Illuminate/Pipeline/Pipeline->Illuminate/Pipeline/{closure}(Object(Illuminate/Http/Request))
#48 C:/Users/sumarin/Herd/foodpos-690916/foodpos/vendor/laravel/framework/src/Illuminate/Foundation/Http/Middleware/ConvertEmptyStringsToNull.php(31): Illuminate/Foundation/Http/Middleware/TransformsRequest->handle(Object(Illuminate/Http/Request), Object(Closure))
#49 C:/Users/sumarin/Herd/foodpos-690916/foodpos/vendor/laravel/framework/src/Illuminate/Pipeline/Pipeline.php(219): Illuminate/Foundation/Http/Middleware/ConvertEmptyStringsToNull->handle(Object(Illuminate/Http/Request), Object(Closure))
#50 C:/Users/sumarin/Herd/foodpos-690916/foodpos/vendor/laravel/framework/src/Illuminate/Foundation/Http/Middleware/TransformsRequest.php(21): Illuminate/Pipeline/Pipeline->Illuminate/Pipeline/{closure}(Object(Illuminate/Http/Request))
#51 C:/Users/sumarin/Herd/foodpos-690916/foodpos/vendor/laravel/framework/src/Illuminate/Foundation/Http/Middleware/TrimStrings.php(51): Illuminate/Foundation/Http/Middleware/TransformsRequest->handle(Object(Illuminate/Http/Request), Object(Closure))
#52 C:/Users/sumarin/Herd/foodpos-690916/foodpos/vendor/laravel/framework/src/Illuminate/Pipeline/Pipeline.php(219): Illuminate/Foundation/Http/Middleware/TrimStrings->handle(Object(Illuminate/Http/Request), Object(Closure))
#53 C:/Users/sumarin/Herd/foodpos-690916/foodpos/vendor/laravel/framework/src/Illuminate/Http/Middleware/ValidatePostSize.php(27): Illuminate/Pipeline/Pipeline->Illuminate/Pipeline/{closure}(Object(Illuminate/Http/Request))
#54 C:/Users/sumarin/Herd/foodpos-690916/foodpos/vendor/laravel/framework/src/Illuminate/Pipeline/Pipeline.php(219): Illuminate/Http/Middleware/ValidatePostSize->handle(Object(Illuminate/Http/Request), Object(Closure))
#55 C:/Users/sumarin/Herd/foodpos-690916/foodpos/vendor/laravel/framework/src/Illuminate/Foundation/Http/Middleware/PreventRequestsDuringMaintenance.php(109): Illuminate/Pipeline/Pipeline->Illuminate/Pipeline/{closure}(Object(Illuminate/Http/Request))
#56 C:/Users/sumarin/Herd/foodpos-690916/foodpos/vendor/laravel/framework/src/Illuminate/Pipeline/Pipeline.php(219): Illuminate/Foundation/Http/Middleware/PreventRequestsDuringMaintenance->handle(Object(Illuminate/Http/Request), Object(Closure))
#57 C:/Users/sumarin/Herd/foodpos-690916/foodpos/vendor/laravel/framework/src/Illuminate/Http/Middleware/HandleCors.php(61): Illuminate/Pipeline/Pipeline->Illuminate/Pipeline/{closure}(Object(Illuminate/Http/Request))
#58 C:/Users/sumarin/Herd/foodpos-690916/foodpos/vendor/laravel/framework/src/Illuminate/Pipeline/Pipeline.php(219): Illuminate/Http/Middleware/HandleCors->handle(Object(Illuminate/Http/Request), Object(Closure))
#59 C:/Users/sumarin/Herd/foodpos-690916/foodpos/vendor/laravel/framework/src/Illuminate/Http/Middleware/TrustProxies.php(58): Illuminate/Pipeline/Pipeline->Illuminate/Pipeline/{closure}(Object(Illuminate/Http/Request))
#60 C:/Users/sumarin/Herd/foodpos-690916/foodpos/vendor/laravel/framework/src/Illuminate/Pipeline/Pipeline.php(219): Illuminate/Http/Middleware/TrustProxies->handle(Object(Illuminate/Http/Request), Object(Closure))
#61 C:/Users/sumarin/Herd/foodpos-690916/foodpos/vendor/laravel/framework/src/Illuminate/Foundation/Http/Middleware/InvokeDeferredCallbacks.php(22): Illuminate/Pipeline/Pipeline->Illuminate/Pipeline/{closure}(Object(Illuminate/Http/Request))
#62 C:/Users/sumarin/Herd/foodpos-690916/foodpos/vendor/laravel/framework/src/Illuminate/Pipeline/Pipeline.php(219): Illuminate/Foundation/Http/Middleware/InvokeDeferredCallbacks->handle(Object(Illuminate/Http/Request), Object(Closure))
#63 C:/Users/sumarin/Herd/foodpos-690916/foodpos/vendor/laravel/framework/src/Illuminate/Http/Middleware/ValidatePathEncoding.php(26): Illuminate/Pipeline/Pipeline->Illuminate/Pipeline/{closure}(Object(Illuminate/Http/Request))
#64 C:/Users/sumarin/Herd/foodpos-690916/foodpos/vendor/laravel/framework/src/Illuminate/Pipeline/Pipeline.php(219): Illuminate/Http/Middleware/ValidatePathEncoding->handle(Object(Illuminate/Http/Request), Object(Closure))
#65 C:/Users/sumarin/Herd/foodpos-690916/foodpos/vendor/laravel/framework/src/Illuminate/Pipeline/Pipeline.php(137): Illuminate/Pipeline/Pipeline->Illuminate/Pipeline/{closure}(Object(Illuminate/Http/Request))
#66 C:/Users/sumarin/Herd/foodpos-690916/foodpos/vendor/laravel/framework/src/Illuminate/Foundation/Http/Kernel.php(175): Illuminate/Pipeline/Pipeline->then(Object(Closure))
#67 C:/Users/sumarin/Herd/foodpos-690916/foodpos/vendor/laravel/framework/src/Illuminate/Foundation/Http/Kernel.php(144): Illuminate/Foundation/Http/Kernel->sendRequestThroughRouter(Object(Illuminate/Http/Request))
#68 C:/Users/sumarin/Herd/foodpos-690916/foodpos/vendor/laravel/framework/src/Illuminate/Foundation/Application.php(1220): Illuminate/Foundation/Http/Kernel->handle(Object(Illuminate/Http/Request))
#69 C:/Users/sumarin/Herd/foodpos-690916/foodpos/public/index.php(14): Illuminate/Foundation/Application->handleRequest(Object(Illuminate/Http/Request))
#70 C:/Users/sumarin/Herd/foodpos-690916/foodpos/vendor/laravel/framework/src/Illuminate/Foundation/resources/server.php(23): require_once('C://Users//sumari...')
#71 {main}
"} 
[2026-09-17 02:01:04] local.ERROR: SQLSTATE[HY000]: General error: 1 no such column: o.subtotal (Connection: sqlite, Database: C:\Users\sumarin\Herd\foodpos-690916\foodpos\database\database.sqlite, SQL: select 
                  COUNT(*) AS bill_count
                , COALESCE(SUM(o.subtotal), 0) AS gross_sales
                , COALESCE(SUM(o.item_discount), 0) AS item_discount
                , COALESCE(SUM(o.bill_discount + o.promotion_discount + o.voucher_discount), 0) AS bill_discount
                , COALESCE(SUM(o.service_charge), 0) AS service_charge
                , COALESCE(SUM(o.delivery_fee), 0) AS delivery_fee
                , COALESCE(SUM(o.tax_amount), 0) AS tax_amount
                , COALESCE(SUM(o.rounding), 0) AS rounding
                , COALESCE(SUM(o.grand_total), 0) AS net_sales
                , COALESCE(SUM(o.cost_total), 0) AS cost_total
                , COALESCE(SUM(o.guest_count), 0) AS guest_count
             from "POS2_orders" as "POS2_o" where "POS2_o"."branch_id" in (1) and "POS2_o"."business_date" between 2026-09-17 and 2026-09-17 and "POS2_o"."status" = paid limit 1) {"userId":1,"exception":"[object] (Illuminate\\Database\\QueryException(code: HY000): SQLSTATE[HY000]: General error: 1 no such column: o.subtotal (Connection: sqlite, Database: C:\\Users\\sumarin\\Herd\\foodpos-690916\\foodpos\\database\\database.sqlite, SQL: select 
                  COUNT(*) AS bill_count
                , COALESCE(SUM(o.subtotal), 0) AS gross_sales
                , COALESCE(SUM(o.item_discount), 0) AS item_discount
                , COALESCE(SUM(o.bill_discount + o.promotion_discount + o.voucher_discount), 0) AS bill_discount
                , COALESCE(SUM(o.service_charge), 0) AS service_charge
                , COALESCE(SUM(o.delivery_fee), 0) AS delivery_fee
                , COALESCE(SUM(o.tax_amount), 0) AS tax_amount
                , COALESCE(SUM(o.rounding), 0) AS rounding
                , COALESCE(SUM(o.grand_total), 0) AS net_sales
                , COALESCE(SUM(o.cost_total), 0) AS cost_total
                , COALESCE(SUM(o.guest_count), 0) AS guest_count
             from \"POS2_orders\" as \"POS2_o\" where \"POS2_o\".\"branch_id\" in (1) and \"POS2_o\".\"business_date\" between 2026-09-17 and 2026-09-17 and \"POS2_o\".\"status\" = paid limit 1) at C:/Users/sumarin/Herd/foodpos-690916/foodpos/vendor/laravel/framework/src/Illuminate/Database/Connection.php:838)
[stacktrace]
#0 C:/Users/sumarin/Herd/foodpos-690916/foodpos/vendor/laravel/framework/src/Illuminate/Database/Connection.php(794): Illuminate/Database/Connection->runQueryCallback('select /n       ...', Array, Object(Closure))
#1 C:/Users/sumarin/Herd/foodpos-690916/foodpos/vendor/laravel/framework/src/Illuminate/Database/Connection.php(411): Illuminate/Database/Connection->run('select /n       ...', Array, Object(Closure))
#2 C:/Users/sumarin/Herd/foodpos-690916/foodpos/vendor/laravel/framework/src/Illuminate/Database/Query/Builder.php(3505): Illuminate/Database/Connection->select('select /n       ...', Array, true)
#3 C:/Users/sumarin/Herd/foodpos-690916/foodpos/vendor/laravel/framework/src/Illuminate/Database/Query/Builder.php(3490): Illuminate/Database/Query/Builder->runSelect()
#4 C:/Users/sumarin/Herd/foodpos-690916/foodpos/vendor/laravel/framework/src/Illuminate/Database/Query/Builder.php(4080): Illuminate/Database/Query/Builder->Illuminate/Database/Query/{closure}()
#5 C:/Users/sumarin/Herd/foodpos-690916/foodpos/vendor/laravel/framework/src/Illuminate/Database/Query/Builder.php(3489): Illuminate/Database/Query/Builder->onceWithColumns(Array, Object(Closure))
#6 C:/Users/sumarin/Herd/foodpos-690916/foodpos/vendor/laravel/framework/src/Illuminate/Database/Concerns/BuildsQueries.php(366): Illuminate/Database/Query/Builder->get(Array)
#7 C:/Users/sumarin/Herd/foodpos-690916/foodpos/app/Services/SummaryReportService.php(49): Illuminate/Database/Query/Builder->first()
#8 C:/Users/sumarin/Herd/foodpos-690916/foodpos/app/Services/SummaryReportService.php(426): App/Services/SummaryReportService->salesSummary()
#9 C:/Users/sumarin/Herd/foodpos-690916/foodpos/app/Http/Controllers/BackOffice/SummaryController.php(27): App/Services/SummaryReportService->all()
#10 C:/Users/sumarin/Herd/foodpos-690916/foodpos/vendor/laravel/framework/src/Illuminate/Routing/ControllerDispatcher.php(46): App/Http/Controllers/BackOffice/SummaryController->__invoke(Object(Illuminate/Http/Request))
#11 C:/Users/sumarin/Herd/foodpos-690916/foodpos/vendor/laravel/framework/src/Illuminate/Routing/Route.php(265): Illuminate/Routing/ControllerDispatcher->dispatch(Object(Illuminate/Routing/Route), Object(App/Http/Controllers/BackOffice/SummaryController), '__invoke')
#12 C:/Users/sumarin/Herd/foodpos-690916/foodpos/vendor/laravel/framework/src/Illuminate/Routing/Route.php(211): Illuminate/Routing/Route->runController()
#13 C:/Users/sumarin/Herd/foodpos-690916/foodpos/vendor/laravel/framework/src/Illuminate/Routing/Router.php(822): Illuminate/Routing/Route->run()
#14 C:/Users/sumarin/Herd/foodpos-690916/foodpos/vendor/laravel/framework/src/Illuminate/Pipeline/Pipeline.php(180): Illuminate/Routing/Router->Illuminate/Routing/{closure}(Object(Illuminate/Http/Request))
#15 C:/Users/sumarin/Herd/foodpos-690916/foodpos/app/Http/Middleware/EnsureUserHasPermission.php(25): Illuminate/Pipeline/Pipeline->Illuminate/Pipeline/{closure}(Object(Illuminate/Http/Request))
#16 C:/Users/sumarin/Herd/foodpos-690916/foodpos/vendor/laravel/framework/src/Illuminate/Pipeline/Pipeline.php(219): App/Http/Middleware/EnsureUserHasPermission->handle(Object(Illuminate/Http/Request), Object(Closure), 'backoffice.acce...')
#17 C:/Users/sumarin/Herd/foodpos-690916/foodpos/vendor/laravel/framework/src/Illuminate/Http/Middleware/AddLinkHeadersForPreloadedAssets.php(32): Illuminate/Pipeline/Pipeline->Illuminate/Pipeline/{closure}(Object(Illuminate/Http/Request))
#18 C:/Users/sumarin/Herd/foodpos-690916/foodpos/vendor/laravel/framework/src/Illuminate/Pipeline/Pipeline.php(219): Illuminate/Http/Middleware/AddLinkHeadersForPreloadedAssets->handle(Object(Illuminate/Http/Request), Object(Closure))
#19 C:/Users/sumarin/Herd/foodpos-690916/foodpos/vendor/inertiajs/inertia-laravel/src/Middleware.php(122): Illuminate/Pipeline/Pipeline->Illuminate/Pipeline/{closure}(Object(Illuminate/Http/Request))
#20 C:/Users/sumarin/Herd/foodpos-690916/foodpos/vendor/laravel/framework/src/Illuminate/Pipeline/Pipeline.php(219): Inertia/Middleware->handle(Object(Illuminate/Http/Request), Object(Closure))
#21 C:/Users/sumarin/Herd/foodpos-690916/foodpos/app/Http/Middleware/ResolveCurrentBranch.php(40): Illuminate/Pipeline/Pipeline->Illuminate/Pipeline/{closure}(Object(Illuminate/Http/Request))
#22 C:/Users/sumarin/Herd/foodpos-690916/foodpos/vendor/laravel/framework/src/Illuminate/Pipeline/Pipeline.php(219): App/Http/Middleware/ResolveCurrentBranch->handle(Object(Illuminate/Http/Request), Object(Closure))
#23 C:/Users/sumarin/Herd/foodpos-690916/foodpos/vendor/laravel/framework/src/Illuminate/Routing/Middleware/SubstituteBindings.php(50): Illuminate/Pipeline/Pipeline->Illuminate/Pipeline/{closure}(Object(Illuminate/Http/Request))
#24 C:/Users/sumarin/Herd/foodpos-690916/foodpos/vendor/laravel/framework/src/Illuminate/Pipeline/Pipeline.php(219): Illuminate/Routing/Middleware/SubstituteBindings->handle(Object(Illuminate/Http/Request), Object(Closure))
#25 C:/Users/sumarin/Herd/foodpos-690916/foodpos/vendor/laravel/framework/src/Illuminate/Auth/Middleware/Authenticate.php(63): Illuminate/Pipeline/Pipeline->Illuminate/Pipeline/{closure}(Object(Illuminate/Http/Request))
#26 C:/Users/sumarin/Herd/foodpos-690916/foodpos/vendor/laravel/framework/src/Illuminate/Pipeline/Pipeline.php(219): Illuminate/Auth/Middleware/Authenticate->handle(Object(Illuminate/Http/Request), Object(Closure))
#27 C:/Users/sumarin/Herd/foodpos-690916/foodpos/vendor/laravel/framework/src/Illuminate/Foundation/Http/Middleware/VerifyCsrfToken.php(87): Illuminate/Pipeline/Pipeline->Illuminate/Pipeline/{closure}(Object(Illuminate/Http/Request))
#28 C:/Users/sumarin/Herd/foodpos-690916/foodpos/vendor/laravel/framework/src/Illuminate/Pipeline/Pipeline.php(219): Illuminate/Foundation/Http/Middleware/VerifyCsrfToken->handle(Object(Illuminate/Http/Request), Object(Closure))
#29 C:/Users/sumarin/Herd/foodpos-690916/foodpos/vendor/laravel/framework/src/Illuminate/View/Middleware/ShareErrorsFromSession.php(48): Illuminate/Pipeline/Pipeline->Illuminate/Pipeline/{closure}(Object(Illuminate/Http/Request))
#30 C:/Users/sumarin/Herd/foodpos-690916/foodpos/vendor/laravel/framework/src/Illuminate/Pipeline/Pipeline.php(219): Illuminate/View/Middleware/ShareErrorsFromSession->handle(Object(Illuminate/Http/Request), Object(Closure))
#31 C:/Users/sumarin/Herd/foodpos-690916/foodpos/vendor/laravel/framework/src/Illuminate/Session/Middleware/StartSession.php(120): Illuminate/Pipeline/Pipeline->Illuminate/Pipeline/{closure}(Object(Illuminate/Http/Request))
#32 C:/Users/sumarin/Herd/foodpos-690916/foodpos/vendor/laravel/framework/src/Illuminate/Session/Middleware/StartSession.php(63): Illuminate/Session/Middleware/StartSession->handleStatefulRequest(Object(Illuminate/Http/Request), Object(Illuminate/Session/Store), Object(Closure))
#33 C:/Users/sumarin/Herd/foodpos-690916/foodpos/vendor/laravel/framework/src/Illuminate/Pipeline/Pipeline.php(219): Illuminate/Session/Middleware/StartSession->handle(Object(Illuminate/Http/Request), Object(Closure))
#34 C:/Users/sumarin/Herd/foodpos-690916/foodpos/vendor/laravel/framework/src/Illuminate/Cookie/Middleware/AddQueuedCookiesToResponse.php(36): Illuminate/Pipeline/Pipeline->Illuminate/Pipeline/{closure}(Object(Illuminate/Http/Request))
#35 C:/Users/sumarin/Herd/foodpos-690916/foodpos/vendor/laravel/framework/src/Illuminate/Pipeline/Pipeline.php(219): Illuminate/Cookie/Middleware/AddQueuedCookiesToResponse->handle(Object(Illuminate/Http/Request), Object(Closure))
#36 C:/Users/sumarin/Herd/foodpos-690916/foodpos/vendor/laravel/framework/src/Illuminate/Cookie/Middleware/EncryptCookies.php(74): Illuminate/Pipeline/Pipeline->Illuminate/Pipeline/{closure}(Object(Illuminate/Http/Request))
#37 C:/Users/sumarin/Herd/foodpos-690916/foodpos/vendor/laravel/framework/src/Illuminate/Pipeline/Pipeline.php(219): Illuminate/Cookie/Middleware/EncryptCookies->handle(Object(Illuminate/Http/Request), Object(Closure))
#38 C:/Users/sumarin/Herd/foodpos-690916/foodpos/vendor/laravel/framework/src/Illuminate/Pipeline/Pipeline.php(137): Illuminate/Pipeline/Pipeline->Illuminate/Pipeline/{closure}(Object(Illuminate/Http/Request))
#39 C:/Users/sumarin/Herd/foodpos-690916/foodpos/vendor/laravel/framework/src/Illuminate/Routing/Router.php(821): Illuminate/Pipeline/Pipeline->then(Object(Closure))
#40 C:/Users/sumarin/Herd/foodpos-690916/foodpos/vendor/laravel/framework/src/Illuminate/Routing/Router.php(800): Illuminate/Routing/Router->runRouteWithinStack(Object(Illuminate/Routing/Route), Object(Illuminate/Http/Request))
#41 C:/Users/sumarin/Herd/foodpos-690916/foodpos/vendor/laravel/framework/src/Illuminate/Routing/Router.php(764): Illuminate/Routing/Router->runRoute(Object(Illuminate/Http/Request), Object(Illuminate/Routing/Route))
#42 C:/Users/sumarin/Herd/foodpos-690916/foodpos/vendor/laravel/framework/src/Illuminate/Routing/Router.php(753): Illuminate/Routing/Router->dispatchToRoute(Object(Illuminate/Http/Request))
#43 C:/Users/sumarin/Herd/foodpos-690916/foodpos/vendor/laravel/framework/src/Illuminate/Foundation/Http/Kernel.php(200): Illuminate/Routing/Router->dispatch(Object(Illuminate/Http/Request))
#44 C:/Users/sumarin/Herd/foodpos-690916/foodpos/vendor/laravel/framework/src/Illuminate/Pipeline/Pipeline.php(180): Illuminate/Foundation/Http/Kernel->Illuminate/Foundation/Http/{closure}(Object(Illuminate/Http/Request))
#45 C:/Users/sumarin/Herd/foodpos-690916/foodpos/vendor/laravel/framework/src/Illuminate/Foundation/Http/Middleware/TransformsRequest.php(21): Illuminate/Pipeline/Pipeline->Illuminate/Pipeline/{closure}(Object(Illuminate/Http/Request))
#46 C:/Users/sumarin/Herd/foodpos-690916/foodpos/vendor/laravel/framework/src/Illuminate/Foundation/Http/Middleware/ConvertEmptyStringsToNull.php(31): Illuminate/Foundation/Http/Middleware/TransformsRequest->handle(Object(Illuminate/Http/Request), Object(Closure))
#47 C:/Users/sumarin/Herd/foodpos-690916/foodpos/vendor/laravel/framework/src/Illuminate/Pipeline/Pipeline.php(219): Illuminate/Foundation/Http/Middleware/ConvertEmptyStringsToNull->handle(Object(Illuminate/Http/Request), Object(Closure))
#48 C:/Users/sumarin/Herd/foodpos-690916/foodpos/vendor/laravel/framework/src/Illuminate/Foundation/Http/Middleware/TransformsRequest.php(21): Illuminate/Pipeline/Pipeline->Illuminate/Pipeline/{closure}(Object(Illuminate/Http/Request))
#49 C:/Users/sumarin/Herd/foodpos-690916/foodpos/vendor/laravel/framework/src/Illuminate/Foundation/Http/Middleware/TrimStrings.php(51): Illuminate/Foundation/Http/Middleware/TransformsRequest->handle(Object(Illuminate/Http/Request), Object(Closure))
#50 C:/Users/sumarin/Herd/foodpos-690916/foodpos/vendor/laravel/framework/src/Illuminate/Pipeline/Pipeline.php(219): Illuminate/Foundation/Http/Middleware/TrimStrings->handle(Object(Illuminate/Http/Request), Object(Closure))
#51 C:/Users/sumarin/Herd/foodpos-690916/foodpos/vendor/laravel/framework/src/Illuminate/Http/Middleware/ValidatePostSize.php(27): Illuminate/Pipeline/Pipeline->Illuminate/Pipeline/{closure}(Object(Illuminate/Http/Request))
#52 C:/Users/sumarin/Herd/foodpos-690916/foodpos/vendor/laravel/framework/src/Illuminate/Pipeline/Pipeline.php(219): Illuminate/Http/Middleware/ValidatePostSize->handle(Object(Illuminate/Http/Request), Object(Closure))
#53 C:/Users/sumarin/Herd/foodpos-690916/foodpos/vendor/laravel/framework/src/Illuminate/Foundation/Http/Middleware/PreventRequestsDuringMaintenance.php(109): Illuminate/Pipeline/Pipeline->Illuminate/Pipeline/{closure}(Object(Illuminate/Http/Request))
#54 C:/Users/sumarin/Herd/foodpos-690916/foodpos/vendor/laravel/framework/src/Illuminate/Pipeline/Pipeline.php(219): Illuminate/Foundation/Http/Middleware/PreventRequestsDuringMaintenance->handle(Object(Illuminate/Http/Request), Object(Closure))
#55 C:/Users/sumarin/Herd/foodpos-690916/foodpos/vendor/laravel/framework/src/Illuminate/Http/Middleware/HandleCors.php(61): Illuminate/Pipeline/Pipeline->Illuminate/Pipeline/{closure}(Object(Illuminate/Http/Request))
#56 C:/Users/sumarin/Herd/foodpos-690916/foodpos/vendor/laravel/framework/src/Illuminate/Pipeline/Pipeline.php(219): Illuminate/Http/Middleware/HandleCors->handle(Object(Illuminate/Http/Request), Object(Closure))
#57 C:/Users/sumarin/Herd/foodpos-690916/foodpos/vendor/laravel/framework/src/Illuminate/Http/Middleware/TrustProxies.php(58): Illuminate/Pipeline/Pipeline->Illuminate/Pipeline/{closure}(Object(Illuminate/Http/Request))
#58 C:/Users/sumarin/Herd/foodpos-690916/foodpos/vendor/laravel/framework/src/Illuminate/Pipeline/Pipeline.php(219): Illuminate/Http/Middleware/TrustProxies->handle(Object(Illuminate/Http/Request), Object(Closure))
#59 C:/Users/sumarin/Herd/foodpos-690916/foodpos/vendor/laravel/framework/src/Illuminate/Foundation/Http/Middleware/InvokeDeferredCallbacks.php(22): Illuminate/Pipeline/Pipeline->Illuminate/Pipeline/{closure}(Object(Illuminate/Http/Request))
#60 C:/Users/sumarin/Herd/foodpos-690916/foodpos/vendor/laravel/framework/src/Illuminate/Pipeline/Pipeline.php(219): Illuminate/Foundation/Http/Middleware/InvokeDeferredCallbacks->handle(Object(Illuminate/Http/Request), Object(Closure))
#61 C:/Users/sumarin/Herd/foodpos-690916/foodpos/vendor/laravel/framework/src/Illuminate/Http/Middleware/ValidatePathEncoding.php(26): Illuminate/Pipeline/Pipeline->Illuminate/Pipeline/{closure}(Object(Illuminate/Http/Request))
#62 C:/Users/sumarin/Herd/foodpos-690916/foodpos/vendor/laravel/framework/src/Illuminate/Pipeline/Pipeline.php(219): Illuminate/Http/Middleware/ValidatePathEncoding->handle(Object(Illuminate/Http/Request), Object(Closure))
#63 C:/Users/sumarin/Herd/foodpos-690916/foodpos/vendor/laravel/framework/src/Illuminate/Pipeline/Pipeline.php(137): Illuminate/Pipeline/Pipeline->Illuminate/Pipeline/{closure}(Object(Illuminate/Http/Request))
#64 C:/Users/sumarin/Herd/foodpos-690916/foodpos/vendor/laravel/framework/src/Illuminate/Foundation/Http/Kernel.php(175): Illuminate/Pipeline/Pipeline->then(Object(Closure))
#65 C:/Users/sumarin/Herd/foodpos-690916/foodpos/vendor/laravel/framework/src/Illuminate/Foundation/Http/Kernel.php(144): Illuminate/Foundation/Http/Kernel->sendRequestThroughRouter(Object(Illuminate/Http/Request))
#66 C:/Users/sumarin/Herd/foodpos-690916/foodpos/vendor/laravel/framework/src/Illuminate/Foundation/Application.php(1220): Illuminate/Foundation/Http/Kernel->handle(Object(Illuminate/Http/Request))
#67 C:/Users/sumarin/Herd/foodpos-690916/foodpos/public/index.php(14): Illuminate/Foundation/Application->handleRequest(Object(Illuminate/Http/Request))
#68 C:/Users/sumarin/Herd/foodpos-690916/foodpos/vendor/laravel/framework/src/Illuminate/Foundation/resources/server.php(23): require_once('C://Users//sumari...')
#69 {main}

[previous exception] [object] (PDOException(code: HY000): SQLSTATE[HY000]: General error: 1 no such column: o.subtotal at C:/Users/sumarin/Herd/foodpos-690916/foodpos/vendor/laravel/framework/src/Illuminate/Database/Connection.php:420)
[stacktrace]
#0 C:/Users/sumarin/Herd/foodpos-690916/foodpos/vendor/laravel/framework/src/Illuminate/Database/Connection.php(420): PDO->prepare('select /n       ...')
#1 C:/Users/sumarin/Herd/foodpos-690916/foodpos/vendor/laravel/framework/src/Illuminate/Database/Connection.php(827): Illuminate/Database/Connection->Illuminate/Database/{closure}('select /n       ...', Array)
#2 C:/Users/sumarin/Herd/foodpos-690916/foodpos/vendor/laravel/framework/src/Illuminate/Database/Connection.php(794): Illuminate/Database/Connection->runQueryCallback('select /n       ...', Array, Object(Closure))
#3 C:/Users/sumarin/Herd/foodpos-690916/foodpos/vendor/laravel/framework/src/Illuminate/Database/Connection.php(411): Illuminate/Database/Connection->run('select /n       ...', Array, Object(Closure))
#4 C:/Users/sumarin/Herd/foodpos-690916/foodpos/vendor/laravel/framework/src/Illuminate/Database/Query/Builder.php(3505): Illuminate/Database/Connection->select('select /n       ...', Array, true)
#5 C:/Users/sumarin/Herd/foodpos-690916/foodpos/vendor/laravel/framework/src/Illuminate/Database/Query/Builder.php(3490): Illuminate/Database/Query/Builder->runSelect()
#6 C:/Users/sumarin/Herd/foodpos-690916/foodpos/vendor/laravel/framework/src/Illuminate/Database/Query/Builder.php(4080): Illuminate/Database/Query/Builder->Illuminate/Database/Query/{closure}()
#7 C:/Users/sumarin/Herd/foodpos-690916/foodpos/vendor/laravel/framework/src/Illuminate/Database/Query/Builder.php(3489): Illuminate/Database/Query/Builder->onceWithColumns(Array, Object(Closure))
#8 C:/Users/sumarin/Herd/foodpos-690916/foodpos/vendor/laravel/framework/src/Illuminate/Database/Concerns/BuildsQueries.php(366): Illuminate/Database/Query/Builder->get(Array)
#9 C:/Users/sumarin/Herd/foodpos-690916/foodpos/app/Services/SummaryReportService.php(49): Illuminate/Database/Query/Builder->first()
#10 C:/Users/sumarin/Herd/foodpos-690916/foodpos/app/Services/SummaryReportService.php(426): App/Services/SummaryReportService->salesSummary()
#11 C:/Users/sumarin/Herd/foodpos-690916/foodpos/app/Http/Controllers/BackOffice/SummaryController.php(27): App/Services/SummaryReportService->all()
#12 C:/Users/sumarin/Herd/foodpos-690916/foodpos/vendor/laravel/framework/src/Illuminate/Routing/ControllerDispatcher.php(46): App/Http/Controllers/BackOffice/SummaryController->__invoke(Object(Illuminate/Http/Request))
#13 C:/Users/sumarin/Herd/foodpos-690916/foodpos/vendor/laravel/framework/src/Illuminate/Routing/Route.php(265): Illuminate/Routing/ControllerDispatcher->dispatch(Object(Illuminate/Routing/Route), Object(App/Http/Controllers/BackOffice/SummaryController), '__invoke')
#14 C:/Users/sumarin/Herd/foodpos-690916/foodpos/vendor/laravel/framework/src/Illuminate/Routing/Route.php(211): Illuminate/Routing/Route->runController()
#15 C:/Users/sumarin/Herd/foodpos-690916/foodpos/vendor/laravel/framework/src/Illuminate/Routing/Router.php(822): Illuminate/Routing/Route->run()
#16 C:/Users/sumarin/Herd/foodpos-690916/foodpos/vendor/laravel/framework/src/Illuminate/Pipeline/Pipeline.php(180): Illuminate/Routing/Router->Illuminate/Routing/{closure}(Object(Illuminate/Http/Request))
#17 C:/Users/sumarin/Herd/foodpos-690916/foodpos/app/Http/Middleware/EnsureUserHasPermission.php(25): Illuminate/Pipeline/Pipeline->Illuminate/Pipeline/{closure}(Object(Illuminate/Http/Request))
#18 C:/Users/sumarin/Herd/foodpos-690916/foodpos/vendor/laravel/framework/src/Illuminate/Pipeline/Pipeline.php(219): App/Http/Middleware/EnsureUserHasPermission->handle(Object(Illuminate/Http/Request), Object(Closure), 'backoffice.acce...')
#19 C:/Users/sumarin/Herd/foodpos-690916/foodpos/vendor/laravel/framework/src/Illuminate/Http/Middleware/AddLinkHeadersForPreloadedAssets.php(32): Illuminate/Pipeline/Pipeline->Illuminate/Pipeline/{closure}(Object(Illuminate/Http/Request))
#20 C:/Users/sumarin/Herd/foodpos-690916/foodpos/vendor/laravel/framework/src/Illuminate/Pipeline/Pipeline.php(219): Illuminate/Http/Middleware/AddLinkHeadersForPreloadedAssets->handle(Object(Illuminate/Http/Request), Object(Closure))
#21 C:/Users/sumarin/Herd/foodpos-690916/foodpos/vendor/inertiajs/inertia-laravel/src/Middleware.php(122): Illuminate/Pipeline/Pipeline->Illuminate/Pipeline/{closure}(Object(Illuminate/Http/Request))
#22 C:/Users/sumarin/Herd/foodpos-690916/foodpos/vendor/laravel/framework/src/Illuminate/Pipeline/Pipeline.php(219): Inertia/Middleware->handle(Object(Illuminate/Http/Request), Object(Closure))
#23 C:/Users/sumarin/Herd/foodpos-690916/foodpos/app/Http/Middleware/ResolveCurrentBranch.php(40): Illuminate/Pipeline/Pipeline->Illuminate/Pipeline/{closure}(Object(Illuminate/Http/Request))
#24 C:/Users/sumarin/Herd/foodpos-690916/foodpos/vendor/laravel/framework/src/Illuminate/Pipeline/Pipeline.php(219): App/Http/Middleware/ResolveCurrentBranch->handle(Object(Illuminate/Http/Request), Object(Closure))
#25 C:/Users/sumarin/Herd/foodpos-690916/foodpos/vendor/laravel/framework/src/Illuminate/Routing/Middleware/SubstituteBindings.php(50): Illuminate/Pipeline/Pipeline->Illuminate/Pipeline/{closure}(Object(Illuminate/Http/Request))
#26 C:/Users/sumarin/Herd/foodpos-690916/foodpos/vendor/laravel/framework/src/Illuminate/Pipeline/Pipeline.php(219): Illuminate/Routing/Middleware/SubstituteBindings->handle(Object(Illuminate/Http/Request), Object(Closure))
#27 C:/Users/sumarin/Herd/foodpos-690916/foodpos/vendor/laravel/framework/src/Illuminate/Auth/Middleware/Authenticate.php(63): Illuminate/Pipeline/Pipeline->Illuminate/Pipeline/{closure}(Object(Illuminate/Http/Request))
#28 C:/Users/sumarin/Herd/foodpos-690916/foodpos/vendor/laravel/framework/src/Illuminate/Pipeline/Pipeline.php(219): Illuminate/Auth/Middleware/Authenticate->handle(Object(Illuminate/Http/Request), Object(Closure))
#29 C:/Users/sumarin/Herd/foodpos-690916/foodpos/vendor/laravel/framework/src/Illuminate/Foundation/Http/Middleware/VerifyCsrfToken.php(87): Illuminate/Pipeline/Pipeline->Illuminate/Pipeline/{closure}(Object(Illuminate/Http/Request))
#30 C:/Users/sumarin/Herd/foodpos-690916/foodpos/vendor/laravel/framework/src/Illuminate/Pipeline/Pipeline.php(219): Illuminate/Foundation/Http/Middleware/VerifyCsrfToken->handle(Object(Illuminate/Http/Request), Object(Closure))
#31 C:/Users/sumarin/Herd/foodpos-690916/foodpos/vendor/laravel/framework/src/Illuminate/View/Middleware/ShareErrorsFromSession.php(48): Illuminate/Pipeline/Pipeline->Illuminate/Pipeline/{closure}(Object(Illuminate/Http/Request))
#32 C:/Users/sumarin/Herd/foodpos-690916/foodpos/vendor/laravel/framework/src/Illuminate/Pipeline/Pipeline.php(219): Illuminate/View/Middleware/ShareErrorsFromSession->handle(Object(Illuminate/Http/Request), Object(Closure))
#33 C:/Users/sumarin/Herd/foodpos-690916/foodpos/vendor/laravel/framework/src/Illuminate/Session/Middleware/StartSession.php(120): Illuminate/Pipeline/Pipeline->Illuminate/Pipeline/{closure}(Object(Illuminate/Http/Request))
#34 C:/Users/sumarin/Herd/foodpos-690916/foodpos/vendor/laravel/framework/src/Illuminate/Session/Middleware/StartSession.php(63): Illuminate/Session/Middleware/StartSession->handleStatefulRequest(Object(Illuminate/Http/Request), Object(Illuminate/Session/Store), Object(Closure))
#35 C:/Users/sumarin/Herd/foodpos-690916/foodpos/vendor/laravel/framework/src/Illuminate/Pipeline/Pipeline.php(219): Illuminate/Session/Middleware/StartSession->handle(Object(Illuminate/Http/Request), Object(Closure))
#36 C:/Users/sumarin/Herd/foodpos-690916/foodpos/vendor/laravel/framework/src/Illuminate/Cookie/Middleware/AddQueuedCookiesToResponse.php(36): Illuminate/Pipeline/Pipeline->Illuminate/Pipeline/{closure}(Object(Illuminate/Http/Request))
#37 C:/Users/sumarin/Herd/foodpos-690916/foodpos/vendor/laravel/framework/src/Illuminate/Pipeline/Pipeline.php(219): Illuminate/Cookie/Middleware/AddQueuedCookiesToResponse->handle(Object(Illuminate/Http/Request), Object(Closure))
#38 C:/Users/sumarin/Herd/foodpos-690916/foodpos/vendor/laravel/framework/src/Illuminate/Cookie/Middleware/EncryptCookies.php(74): Illuminate/Pipeline/Pipeline->Illuminate/Pipeline/{closure}(Object(Illuminate/Http/Request))
#39 C:/Users/sumarin/Herd/foodpos-690916/foodpos/vendor/laravel/framework/src/Illuminate/Pipeline/Pipeline.php(219): Illuminate/Cookie/Middleware/EncryptCookies->handle(Object(Illuminate/Http/Request), Object(Closure))
#40 C:/Users/sumarin/Herd/foodpos-690916/foodpos/vendor/laravel/framework/src/Illuminate/Pipeline/Pipeline.php(137): Illuminate/Pipeline/Pipeline->Illuminate/Pipeline/{closure}(Object(Illuminate/Http/Request))
#41 C:/Users/sumarin/Herd/foodpos-690916/foodpos/vendor/laravel/framework/src/Illuminate/Routing/Router.php(821): Illuminate/Pipeline/Pipeline->then(Object(Closure))
#42 C:/Users/sumarin/Herd/foodpos-690916/foodpos/vendor/laravel/framework/src/Illuminate/Routing/Router.php(800): Illuminate/Routing/Router->runRouteWithinStack(Object(Illuminate/Routing/Route), Object(Illuminate/Http/Request))
#43 C:/Users/sumarin/Herd/foodpos-690916/foodpos/vendor/laravel/framework/src/Illuminate/Routing/Router.php(764): Illuminate/Routing/Router->runRoute(Object(Illuminate/Http/Request), Object(Illuminate/Routing/Route))
#44 C:/Users/sumarin/Herd/foodpos-690916/foodpos/vendor/laravel/framework/src/Illuminate/Routing/Router.php(753): Illuminate/Routing/Router->dispatchToRoute(Object(Illuminate/Http/Request))
#45 C:/Users/sumarin/Herd/foodpos-690916/foodpos/vendor/laravel/framework/src/Illuminate/Foundation/Http/Kernel.php(200): Illuminate/Routing/Router->dispatch(Object(Illuminate/Http/Request))
#46 C:/Users/sumarin/Herd/foodpos-690916/foodpos/vendor/laravel/framework/src/Illuminate/Pipeline/Pipeline.php(180): Illuminate/Foundation/Http/Kernel->Illuminate/Foundation/Http/{closure}(Object(Illuminate/Http/Request))
#47 C:/Users/sumarin/Herd/foodpos-690916/foodpos/vendor/laravel/framework/src/Illuminate/Foundation/Http/Middleware/TransformsRequest.php(21): Illuminate/Pipeline/Pipeline->Illuminate/Pipeline/{closure}(Object(Illuminate/Http/Request))
#48 C:/Users/sumarin/Herd/foodpos-690916/foodpos/vendor/laravel/framework/src/Illuminate/Foundation/Http/Middleware/ConvertEmptyStringsToNull.php(31): Illuminate/Foundation/Http/Middleware/TransformsRequest->handle(Object(Illuminate/Http/Request), Object(Closure))
#49 C:/Users/sumarin/Herd/foodpos-690916/foodpos/vendor/laravel/framework/src/Illuminate/Pipeline/Pipeline.php(219): Illuminate/Foundation/Http/Middleware/ConvertEmptyStringsToNull->handle(Object(Illuminate/Http/Request), Object(Closure))
#50 C:/Users/sumarin/Herd/foodpos-690916/foodpos/vendor/laravel/framework/src/Illuminate/Foundation/Http/Middleware/TransformsRequest.php(21): Illuminate/Pipeline/Pipeline->Illuminate/Pipeline/{closure}(Object(Illuminate/Http/Request))
#51 C:/Users/sumarin/Herd/foodpos-690916/foodpos/vendor/laravel/framework/src/Illuminate/Foundation/Http/Middleware/TrimStrings.php(51): Illuminate/Foundation/Http/Middleware/TransformsRequest->handle(Object(Illuminate/Http/Request), Object(Closure))
#52 C:/Users/sumarin/Herd/foodpos-690916/foodpos/vendor/laravel/framework/src/Illuminate/Pipeline/Pipeline.php(219): Illuminate/Foundation/Http/Middleware/TrimStrings->handle(Object(Illuminate/Http/Request), Object(Closure))
#53 C:/Users/sumarin/Herd/foodpos-690916/foodpos/vendor/laravel/framework/src/Illuminate/Http/Middleware/ValidatePostSize.php(27): Illuminate/Pipeline/Pipeline->Illuminate/Pipeline/{closure}(Object(Illuminate/Http/Request))
#54 C:/Users/sumarin/Herd/foodpos-690916/foodpos/vendor/laravel/framework/src/Illuminate/Pipeline/Pipeline.php(219): Illuminate/Http/Middleware/ValidatePostSize->handle(Object(Illuminate/Http/Request), Object(Closure))
#55 C:/Users/sumarin/Herd/foodpos-690916/foodpos/vendor/laravel/framework/src/Illuminate/Foundation/Http/Middleware/PreventRequestsDuringMaintenance.php(109): Illuminate/Pipeline/Pipeline->Illuminate/Pipeline/{closure}(Object(Illuminate/Http/Request))
#56 C:/Users/sumarin/Herd/foodpos-690916/foodpos/vendor/laravel/framework/src/Illuminate/Pipeline/Pipeline.php(219): Illuminate/Foundation/Http/Middleware/PreventRequestsDuringMaintenance->handle(Object(Illuminate/Http/Request), Object(Closure))
#57 C:/Users/sumarin/Herd/foodpos-690916/foodpos/vendor/laravel/framework/src/Illuminate/Http/Middleware/HandleCors.php(61): Illuminate/Pipeline/Pipeline->Illuminate/Pipeline/{closure}(Object(Illuminate/Http/Request))
#58 C:/Users/sumarin/Herd/foodpos-690916/foodpos/vendor/laravel/framework/src/Illuminate/Pipeline/Pipeline.php(219): Illuminate/Http/Middleware/HandleCors->handle(Object(Illuminate/Http/Request), Object(Closure))
#59 C:/Users/sumarin/Herd/foodpos-690916/foodpos/vendor/laravel/framework/src/Illuminate/Http/Middleware/TrustProxies.php(58): Illuminate/Pipeline/Pipeline->Illuminate/Pipeline/{closure}(Object(Illuminate/Http/Request))
#60 C:/Users/sumarin/Herd/foodpos-690916/foodpos/vendor/laravel/framework/src/Illuminate/Pipeline/Pipeline.php(219): Illuminate/Http/Middleware/TrustProxies->handle(Object(Illuminate/Http/Request), Object(Closure))
#61 C:/Users/sumarin/Herd/foodpos-690916/foodpos/vendor/laravel/framework/src/Illuminate/Foundation/Http/Middleware/InvokeDeferredCallbacks.php(22): Illuminate/Pipeline/Pipeline->Illuminate/Pipeline/{closure}(Object(Illuminate/Http/Request))
#62 C:/Users/sumarin/Herd/foodpos-690916/foodpos/vendor/laravel/framework/src/Illuminate/Pipeline/Pipeline.php(219): Illuminate/Foundation/Http/Middleware/InvokeDeferredCallbacks->handle(Object(Illuminate/Http/Request), Object(Closure))
#63 C:/Users/sumarin/Herd/foodpos-690916/foodpos/vendor/laravel/framework/src/Illuminate/Http/Middleware/ValidatePathEncoding.php(26): Illuminate/Pipeline/Pipeline->Illuminate/Pipeline/{closure}(Object(Illuminate/Http/Request))
#64 C:/Users/sumarin/Herd/foodpos-690916/foodpos/vendor/laravel/framework/src/Illuminate/Pipeline/Pipeline.php(219): Illuminate/Http/Middleware/ValidatePathEncoding->handle(Object(Illuminate/Http/Request), Object(Closure))
#65 C:/Users/sumarin/Herd/foodpos-690916/foodpos/vendor/laravel/framework/src/Illuminate/Pipeline/Pipeline.php(137): Illuminate/Pipeline/Pipeline->Illuminate/Pipeline/{closure}(Object(Illuminate/Http/Request))
#66 C:/Users/sumarin/Herd/foodpos-690916/foodpos/vendor/laravel/framework/src/Illuminate/Foundation/Http/Kernel.php(175): Illuminate/Pipeline/Pipeline->then(Object(Closure))
#67 C:/Users/sumarin/Herd/foodpos-690916/foodpos/vendor/laravel/framework/src/Illuminate/Foundation/Http/Kernel.php(144): Illuminate/Foundation/Http/Kernel->sendRequestThroughRouter(Object(Illuminate/Http/Request))
#68 C:/Users/sumarin/Herd/foodpos-690916/foodpos/vendor/laravel/framework/src/Illuminate/Foundation/Application.php(1220): Illuminate/Foundation/Http/Kernel->handle(Object(Illuminate/Http/Request))
#69 C:/Users/sumarin/Herd/foodpos-690916/foodpos/public/index.php(14): Illuminate/Foundation/Application->handleRequest(Object(Illuminate/Http/Request))
#70 C:/Users/sumarin/Herd/foodpos-690916/foodpos/vendor/laravel/framework/src/Illuminate/Foundation/resources/server.php(23): require_once('C://Users//sumari...')
#71 {main}
"} 
[2026-09-17 02:01:47] local.ERROR: SQLSTATE[HY000]: General error: 1 no such column: o.subtotal (Connection: sqlite, Database: C:\Users\sumarin\Herd\foodpos-690916\foodpos\database\database.sqlite, SQL: select 
                  COUNT(*) AS bill_count
                , COALESCE(SUM(o.subtotal), 0) AS gross_sales
                , COALESCE(SUM(o.item_discount), 0) AS item_discount
                , COALESCE(SUM(o.bill_discount + o.promotion_discount + o.voucher_discount), 0) AS bill_discount
                , COALESCE(SUM(o.service_charge), 0) AS service_charge
                , COALESCE(SUM(o.delivery_fee), 0) AS delivery_fee
                , COALESCE(SUM(o.tax_amount), 0) AS tax_amount
                , COALESCE(SUM(o.rounding), 0) AS rounding
                , COALESCE(SUM(o.grand_total), 0) AS net_sales
                , COALESCE(SUM(o.cost_total), 0) AS cost_total
                , COALESCE(SUM(o.guest_count), 0) AS guest_count
             from "POS2_orders" as "POS2_o" where "POS2_o"."branch_id" in (1) and "POS2_o"."business_date" between 2026-09-17 and 2026-09-17 and "POS2_o"."status" = paid limit 1) {"userId":1,"exception":"[object] (Illuminate\\Database\\QueryException(code: HY000): SQLSTATE[HY000]: General error: 1 no such column: o.subtotal (Connection: sqlite, Database: C:\\Users\\sumarin\\Herd\\foodpos-690916\\foodpos\\database\\database.sqlite, SQL: select 
                  COUNT(*) AS bill_count
                , COALESCE(SUM(o.subtotal), 0) AS gross_sales
                , COALESCE(SUM(o.item_discount), 0) AS item_discount
                , COALESCE(SUM(o.bill_discount + o.promotion_discount + o.voucher_discount), 0) AS bill_discount
                , COALESCE(SUM(o.service_charge), 0) AS service_charge
                , COALESCE(SUM(o.delivery_fee), 0) AS delivery_fee
                , COALESCE(SUM(o.tax_amount), 0) AS tax_amount
                , COALESCE(SUM(o.rounding), 0) AS rounding
                , COALESCE(SUM(o.grand_total), 0) AS net_sales
                , COALESCE(SUM(o.cost_total), 0) AS cost_total
                , COALESCE(SUM(o.guest_count), 0) AS guest_count
             from \"POS2_orders\" as \"POS2_o\" where \"POS2_o\".\"branch_id\" in (1) and \"POS2_o\".\"business_date\" between 2026-09-17 and 2026-09-17 and \"POS2_o\".\"status\" = paid limit 1) at C:/Users/sumarin/Herd/foodpos-690916/foodpos/vendor/laravel/framework/src/Illuminate/Database/Connection.php:838)
[stacktrace]
#0 C:/Users/sumarin/Herd/foodpos-690916/foodpos/vendor/laravel/framework/src/Illuminate/Database/Connection.php(794): Illuminate/Database/Connection->runQueryCallback('select /n       ...', Array, Object(Closure))
#1 C:/Users/sumarin/Herd/foodpos-690916/foodpos/vendor/laravel/framework/src/Illuminate/Database/Connection.php(411): Illuminate/Database/Connection->run('select /n       ...', Array, Object(Closure))
#2 C:/Users/sumarin/Herd/foodpos-690916/foodpos/vendor/laravel/framework/src/Illuminate/Database/Query/Builder.php(3505): Illuminate/Database/Connection->select('select /n       ...', Array, true)
#3 C:/Users/sumarin/Herd/foodpos-690916/foodpos/vendor/laravel/framework/src/Illuminate/Database/Query/Builder.php(3490): Illuminate/Database/Query/Builder->runSelect()
#4 C:/Users/sumarin/Herd/foodpos-690916/foodpos/vendor/laravel/framework/src/Illuminate/Database/Query/Builder.php(4080): Illuminate/Database/Query/Builder->Illuminate/Database/Query/{closure}()
#5 C:/Users/sumarin/Herd/foodpos-690916/foodpos/vendor/laravel/framework/src/Illuminate/Database/Query/Builder.php(3489): Illuminate/Database/Query/Builder->onceWithColumns(Array, Object(Closure))
#6 C:/Users/sumarin/Herd/foodpos-690916/foodpos/vendor/laravel/framework/src/Illuminate/Database/Concerns/BuildsQueries.php(366): Illuminate/Database/Query/Builder->get(Array)
#7 C:/Users/sumarin/Herd/foodpos-690916/foodpos/app/Services/SummaryReportService.php(49): Illuminate/Database/Query/Builder->first()
#8 C:/Users/sumarin/Herd/foodpos-690916/foodpos/app/Services/SummaryReportService.php(426): App/Services/SummaryReportService->salesSummary()
#9 C:/Users/sumarin/Herd/foodpos-690916/foodpos/app/Http/Controllers/BackOffice/SummaryController.php(27): App/Services/SummaryReportService->all()
#10 C:/Users/sumarin/Herd/foodpos-690916/foodpos/vendor/laravel/framework/src/Illuminate/Routing/ControllerDispatcher.php(46): App/Http/Controllers/BackOffice/SummaryController->__invoke(Object(Illuminate/Http/Request))
#11 C:/Users/sumarin/Herd/foodpos-690916/foodpos/vendor/laravel/framework/src/Illuminate/Routing/Route.php(265): Illuminate/Routing/ControllerDispatcher->dispatch(Object(Illuminate/Routing/Route), Object(App/Http/Controllers/BackOffice/SummaryController), '__invoke')
#12 C:/Users/sumarin/Herd/foodpos-690916/foodpos/vendor/laravel/framework/src/Illuminate/Routing/Route.php(211): Illuminate/Routing/Route->runController()
#13 C:/Users/sumarin/Herd/foodpos-690916/foodpos/vendor/laravel/framework/src/Illuminate/Routing/Router.php(822): Illuminate/Routing/Route->run()
#14 C:/Users/sumarin/Herd/foodpos-690916/foodpos/vendor/laravel/framework/src/Illuminate/Pipeline/Pipeline.php(180): Illuminate/Routing/Router->Illuminate/Routing/{closure}(Object(Illuminate/Http/Request))
#15 C:/Users/sumarin/Herd/foodpos-690916/foodpos/app/Http/Middleware/EnsureUserHasPermission.php(25): Illuminate/Pipeline/Pipeline->Illuminate/Pipeline/{closure}(Object(Illuminate/Http/Request))
#16 C:/Users/sumarin/Herd/foodpos-690916/foodpos/vendor/laravel/framework/src/Illuminate/Pipeline/Pipeline.php(219): App/Http/Middleware/EnsureUserHasPermission->handle(Object(Illuminate/Http/Request), Object(Closure), 'backoffice.acce...')
#17 C:/Users/sumarin/Herd/foodpos-690916/foodpos/vendor/laravel/framework/src/Illuminate/Http/Middleware/AddLinkHeadersForPreloadedAssets.php(32): Illuminate/Pipeline/Pipeline->Illuminate/Pipeline/{closure}(Object(Illuminate/Http/Request))
#18 C:/Users/sumarin/Herd/foodpos-690916/foodpos/vendor/laravel/framework/src/Illuminate/Pipeline/Pipeline.php(219): Illuminate/Http/Middleware/AddLinkHeadersForPreloadedAssets->handle(Object(Illuminate/Http/Request), Object(Closure))
#19 C:/Users/sumarin/Herd/foodpos-690916/foodpos/vendor/inertiajs/inertia-laravel/src/Middleware.php(122): Illuminate/Pipeline/Pipeline->Illuminate/Pipeline/{closure}(Object(Illuminate/Http/Request))
#20 C:/Users/sumarin/Herd/foodpos-690916/foodpos/vendor/laravel/framework/src/Illuminate/Pipeline/Pipeline.php(219): Inertia/Middleware->handle(Object(Illuminate/Http/Request), Object(Closure))
#21 C:/Users/sumarin/Herd/foodpos-690916/foodpos/app/Http/Middleware/ResolveCurrentBranch.php(40): Illuminate/Pipeline/Pipeline->Illuminate/Pipeline/{closure}(Object(Illuminate/Http/Request))
#22 C:/Users/sumarin/Herd/foodpos-690916/foodpos/vendor/laravel/framework/src/Illuminate/Pipeline/Pipeline.php(219): App/Http/Middleware/ResolveCurrentBranch->handle(Object(Illuminate/Http/Request), Object(Closure))
#23 C:/Users/sumarin/Herd/foodpos-690916/foodpos/vendor/laravel/framework/src/Illuminate/Routing/Middleware/SubstituteBindings.php(50): Illuminate/Pipeline/Pipeline->Illuminate/Pipeline/{closure}(Object(Illuminate/Http/Request))
#24 C:/Users/sumarin/Herd/foodpos-690916/foodpos/vendor/laravel/framework/src/Illuminate/Pipeline/Pipeline.php(219): Illuminate/Routing/Middleware/SubstituteBindings->handle(Object(Illuminate/Http/Request), Object(Closure))
#25 C:/Users/sumarin/Herd/foodpos-690916/foodpos/vendor/laravel/framework/src/Illuminate/Auth/Middleware/Authenticate.php(63): Illuminate/Pipeline/Pipeline->Illuminate/Pipeline/{closure}(Object(Illuminate/Http/Request))
#26 C:/Users/sumarin/Herd/foodpos-690916/foodpos/vendor/laravel/framework/src/Illuminate/Pipeline/Pipeline.php(219): Illuminate/Auth/Middleware/Authenticate->handle(Object(Illuminate/Http/Request), Object(Closure))
#27 C:/Users/sumarin/Herd/foodpos-690916/foodpos/vendor/laravel/framework/src/Illuminate/Foundation/Http/Middleware/VerifyCsrfToken.php(87): Illuminate/Pipeline/Pipeline->Illuminate/Pipeline/{closure}(Object(Illuminate/Http/Request))
#28 C:/Users/sumarin/Herd/foodpos-690916/foodpos/vendor/laravel/framework/src/Illuminate/Pipeline/Pipeline.php(219): Illuminate/Foundation/Http/Middleware/VerifyCsrfToken->handle(Object(Illuminate/Http/Request), Object(Closure))
#29 C:/Users/sumarin/Herd/foodpos-690916/foodpos/vendor/laravel/framework/src/Illuminate/View/Middleware/ShareErrorsFromSession.php(48): Illuminate/Pipeline/Pipeline->Illuminate/Pipeline/{closure}(Object(Illuminate/Http/Request))
#30 C:/Users/sumarin/Herd/foodpos-690916/foodpos/vendor/laravel/framework/src/Illuminate/Pipeline/Pipeline.php(219): Illuminate/View/Middleware/ShareErrorsFromSession->handle(Object(Illuminate/Http/Request), Object(Closure))
#31 C:/Users/sumarin/Herd/foodpos-690916/foodpos/vendor/laravel/framework/src/Illuminate/Session/Middleware/StartSession.php(120): Illuminate/Pipeline/Pipeline->Illuminate/Pipeline/{closure}(Object(Illuminate/Http/Request))
#32 C:/Users/sumarin/Herd/foodpos-690916/foodpos/vendor/laravel/framework/src/Illuminate/Session/Middleware/StartSession.php(63): Illuminate/Session/Middleware/StartSession->handleStatefulRequest(Object(Illuminate/Http/Request), Object(Illuminate/Session/Store), Object(Closure))
#33 C:/Users/sumarin/Herd/foodpos-690916/foodpos/vendor/laravel/framework/src/Illuminate/Pipeline/Pipeline.php(219): Illuminate/Session/Middleware/StartSession->handle(Object(Illuminate/Http/Request), Object(Closure))
#34 C:/Users/sumarin/Herd/foodpos-690916/foodpos/vendor/laravel/framework/src/Illuminate/Cookie/Middleware/AddQueuedCookiesToResponse.php(36): Illuminate/Pipeline/Pipeline->Illuminate/Pipeline/{closure}(Object(Illuminate/Http/Request))
#35 C:/Users/sumarin/Herd/foodpos-690916/foodpos/vendor/laravel/framework/src/Illuminate/Pipeline/Pipeline.php(219): Illuminate/Cookie/Middleware/AddQueuedCookiesToResponse->handle(Object(Illuminate/Http/Request), Object(Closure))
#36 C:/Users/sumarin/Herd/foodpos-690916/foodpos/vendor/laravel/framework/src/Illuminate/Cookie/Middleware/EncryptCookies.php(74): Illuminate/Pipeline/Pipeline->Illuminate/Pipeline/{closure}(Object(Illuminate/Http/Request))
#37 C:/Users/sumarin/Herd/foodpos-690916/foodpos/vendor/laravel/framework/src/Illuminate/Pipeline/Pipeline.php(219): Illuminate/Cookie/Middleware/EncryptCookies->handle(Object(Illuminate/Http/Request), Object(Closure))
#38 C:/Users/sumarin/Herd/foodpos-690916/foodpos/vendor/laravel/framework/src/Illuminate/Pipeline/Pipeline.php(137): Illuminate/Pipeline/Pipeline->Illuminate/Pipeline/{closure}(Object(Illuminate/Http/Request))
#39 C:/Users/sumarin/Herd/foodpos-690916/foodpos/vendor/laravel/framework/src/Illuminate/Routing/Router.php(821): Illuminate/Pipeline/Pipeline->then(Object(Closure))
#40 C:/Users/sumarin/Herd/foodpos-690916/foodpos/vendor/laravel/framework/src/Illuminate/Routing/Router.php(800): Illuminate/Routing/Router->runRouteWithinStack(Object(Illuminate/Routing/Route), Object(Illuminate/Http/Request))
#41 C:/Users/sumarin/Herd/foodpos-690916/foodpos/vendor/laravel/framework/src/Illuminate/Routing/Router.php(764): Illuminate/Routing/Router->runRoute(Object(Illuminate/Http/Request), Object(Illuminate/Routing/Route))
#42 C:/Users/sumarin/Herd/foodpos-690916/foodpos/vendor/laravel/framework/src/Illuminate/Routing/Router.php(753): Illuminate/Routing/Router->dispatchToRoute(Object(Illuminate/Http/Request))
#43 C:/Users/sumarin/Herd/foodpos-690916/foodpos/vendor/laravel/framework/src/Illuminate/Foundation/Http/Kernel.php(200): Illuminate/Routing/Router->dispatch(Object(Illuminate/Http/Request))
#44 C:/Users/sumarin/Herd/foodpos-690916/foodpos/vendor/laravel/framework/src/Illuminate/Pipeline/Pipeline.php(180): Illuminate/Foundation/Http/Kernel->Illuminate/Foundation/Http/{closure}(Object(Illuminate/Http/Request))
#45 C:/Users/sumarin/Herd/foodpos-690916/foodpos/vendor/laravel/framework/src/Illuminate/Foundation/Http/Middleware/TransformsRequest.php(21): Illuminate/Pipeline/Pipeline->Illuminate/Pipeline/{closure}(Object(Illuminate/Http/Request))
#46 C:/Users/sumarin/Herd/foodpos-690916/foodpos/vendor/laravel/framework/src/Illuminate/Foundation/Http/Middleware/ConvertEmptyStringsToNull.php(31): Illuminate/Foundation/Http/Middleware/TransformsRequest->handle(Object(Illuminate/Http/Request), Object(Closure))
#47 C:/Users/sumarin/Herd/foodpos-690916/foodpos/vendor/laravel/framework/src/Illuminate/Pipeline/Pipeline.php(219): Illuminate/Foundation/Http/Middleware/ConvertEmptyStringsToNull->handle(Object(Illuminate/Http/Request), Object(Closure))
#48 C:/Users/sumarin/Herd/foodpos-690916/foodpos/vendor/laravel/framework/src/Illuminate/Foundation/Http/Middleware/TransformsRequest.php(21): Illuminate/Pipeline/Pipeline->Illuminate/Pipeline/{closure}(Object(Illuminate/Http/Request))
#49 C:/Users/sumarin/Herd/foodpos-690916/foodpos/vendor/laravel/framework/src/Illuminate/Foundation/Http/Middleware/TrimStrings.php(51): Illuminate/Foundation/Http/Middleware/TransformsRequest->handle(Object(Illuminate/Http/Request), Object(Closure))
#50 C:/Users/sumarin/Herd/foodpos-690916/foodpos/vendor/laravel/framework/src/Illuminate/Pipeline/Pipeline.php(219): Illuminate/Foundation/Http/Middleware/TrimStrings->handle(Object(Illuminate/Http/Request), Object(Closure))
#51 C:/Users/sumarin/Herd/foodpos-690916/foodpos/vendor/laravel/framework/src/Illuminate/Http/Middleware/ValidatePostSize.php(27): Illuminate/Pipeline/Pipeline->Illuminate/Pipeline/{closure}(Object(Illuminate/Http/Request))
#52 C:/Users/sumarin/Herd/foodpos-690916/foodpos/vendor/laravel/framework/src/Illuminate/Pipeline/Pipeline.php(219): Illuminate/Http/Middleware/ValidatePostSize->handle(Object(Illuminate/Http/Request), Object(Closure))
#53 C:/Users/sumarin/Herd/foodpos-690916/foodpos/vendor/laravel/framework/src/Illuminate/Foundation/Http/Middleware/PreventRequestsDuringMaintenance.php(109): Illuminate/Pipeline/Pipeline->Illuminate/Pipeline/{closure}(Object(Illuminate/Http/Request))
#54 C:/Users/sumarin/Herd/foodpos-690916/foodpos/vendor/laravel/framework/src/Illuminate/Pipeline/Pipeline.php(219): Illuminate/Foundation/Http/Middleware/PreventRequestsDuringMaintenance->handle(Object(Illuminate/Http/Request), Object(Closure))
#55 C:/Users/sumarin/Herd/foodpos-690916/foodpos/vendor/laravel/framework/src/Illuminate/Http/Middleware/HandleCors.php(61): Illuminate/Pipeline/Pipeline->Illuminate/Pipeline/{closure}(Object(Illuminate/Http/Request))
#56 C:/Users/sumarin/Herd/foodpos-690916/foodpos/vendor/laravel/framework/src/Illuminate/Pipeline/Pipeline.php(219): Illuminate/Http/Middleware/HandleCors->handle(Object(Illuminate/Http/Request), Object(Closure))
#57 C:/Users/sumarin/Herd/foodpos-690916/foodpos/vendor/laravel/framework/src/Illuminate/Http/Middleware/TrustProxies.php(58): Illuminate/Pipeline/Pipeline->Illuminate/Pipeline/{closure}(Object(Illuminate/Http/Request))
#58 C:/Users/sumarin/Herd/foodpos-690916/foodpos/vendor/laravel/framework/src/Illuminate/Pipeline/Pipeline.php(219): Illuminate/Http/Middleware/TrustProxies->handle(Object(Illuminate/Http/Request), Object(Closure))
#59 C:/Users/sumarin/Herd/foodpos-690916/foodpos/vendor/laravel/framework/src/Illuminate/Foundation/Http/Middleware/InvokeDeferredCallbacks.php(22): Illuminate/Pipeline/Pipeline->Illuminate/Pipeline/{closure}(Object(Illuminate/Http/Request))
#60 C:/Users/sumarin/Herd/foodpos-690916/foodpos/vendor/laravel/framework/src/Illuminate/Pipeline/Pipeline.php(219): Illuminate/Foundation/Http/Middleware/InvokeDeferredCallbacks->handle(Object(Illuminate/Http/Request), Object(Closure))
#61 C:/Users/sumarin/Herd/foodpos-690916/foodpos/vendor/laravel/framework/src/Illuminate/Http/Middleware/ValidatePathEncoding.php(26): Illuminate/Pipeline/Pipeline->Illuminate/Pipeline/{closure}(Object(Illuminate/Http/Request))
#62 C:/Users/sumarin/Herd/foodpos-690916/foodpos/vendor/laravel/framework/src/Illuminate/Pipeline/Pipeline.php(219): Illuminate/Http/Middleware/ValidatePathEncoding->handle(Object(Illuminate/Http/Request), Object(Closure))
#63 C:/Users/sumarin/Herd/foodpos-690916/foodpos/vendor/laravel/framework/src/Illuminate/Pipeline/Pipeline.php(137): Illuminate/Pipeline/Pipeline->Illuminate/Pipeline/{closure}(Object(Illuminate/Http/Request))
#64 C:/Users/sumarin/Herd/foodpos-690916/foodpos/vendor/laravel/framework/src/Illuminate/Foundation/Http/Kernel.php(175): Illuminate/Pipeline/Pipeline->then(Object(Closure))
#65 C:/Users/sumarin/Herd/foodpos-690916/foodpos/vendor/laravel/framework/src/Illuminate/Foundation/Http/Kernel.php(144): Illuminate/Foundation/Http/Kernel->sendRequestThroughRouter(Object(Illuminate/Http/Request))
#66 C:/Users/sumarin/Herd/foodpos-690916/foodpos/vendor/laravel/framework/src/Illuminate/Foundation/Application.php(1220): Illuminate/Foundation/Http/Kernel->handle(Object(Illuminate/Http/Request))
#67 C:/Users/sumarin/Herd/foodpos-690916/foodpos/public/index.php(14): Illuminate/Foundation/Application->handleRequest(Object(Illuminate/Http/Request))
#68 C:/Users/sumarin/Herd/foodpos-690916/foodpos/vendor/laravel/framework/src/Illuminate/Foundation/resources/server.php(23): require_once('C://Users//sumari...')
#69 {main}

[previous exception] [object] (PDOException(code: HY000): SQLSTATE[HY000]: General error: 1 no such column: o.subtotal at C:/Users/sumarin/Herd/foodpos-690916/foodpos/vendor/laravel/framework/src/Illuminate/Database/Connection.php:420)
[stacktrace]
#0 C:/Users/sumarin/Herd/foodpos-690916/foodpos/vendor/laravel/framework/src/Illuminate/Database/Connection.php(420): PDO->prepare('select /n       ...')
#1 C:/Users/sumarin/Herd/foodpos-690916/foodpos/vendor/laravel/framework/src/Illuminate/Database/Connection.php(827): Illuminate/Database/Connection->Illuminate/Database/{closure}('select /n       ...', Array)
#2 C:/Users/sumarin/Herd/foodpos-690916/foodpos/vendor/laravel/framework/src/Illuminate/Database/Connection.php(794): Illuminate/Database/Connection->runQueryCallback('select /n       ...', Array, Object(Closure))
#3 C:/Users/sumarin/Herd/foodpos-690916/foodpos/vendor/laravel/framework/src/Illuminate/Database/Connection.php(411): Illuminate/Database/Connection->run('select /n       ...', Array, Object(Closure))
#4 C:/Users/sumarin/Herd/foodpos-690916/foodpos/vendor/laravel/framework/src/Illuminate/Database/Query/Builder.php(3505): Illuminate/Database/Connection->select('select /n       ...', Array, true)
#5 C:/Users/sumarin/Herd/foodpos-690916/foodpos/vendor/laravel/framework/src/Illuminate/Database/Query/Builder.php(3490): Illuminate/Database/Query/Builder->runSelect()
#6 C:/Users/sumarin/Herd/foodpos-690916/foodpos/vendor/laravel/framework/src/Illuminate/Database/Query/Builder.php(4080): Illuminate/Database/Query/Builder->Illuminate/Database/Query/{closure}()
#7 C:/Users/sumarin/Herd/foodpos-690916/foodpos/vendor/laravel/framework/src/Illuminate/Database/Query/Builder.php(3489): Illuminate/Database/Query/Builder->onceWithColumns(Array, Object(Closure))
#8 C:/Users/sumarin/Herd/foodpos-690916/foodpos/vendor/laravel/framework/src/Illuminate/Database/Concerns/BuildsQueries.php(366): Illuminate/Database/Query/Builder->get(Array)
#9 C:/Users/sumarin/Herd/foodpos-690916/foodpos/app/Services/SummaryReportService.php(49): Illuminate/Database/Query/Builder->first()
#10 C:/Users/sumarin/Herd/foodpos-690916/foodpos/app/Services/SummaryReportService.php(426): App/Services/SummaryReportService->salesSummary()
#11 C:/Users/sumarin/Herd/foodpos-690916/foodpos/app/Http/Controllers/BackOffice/SummaryController.php(27): App/Services/SummaryReportService->all()
#12 C:/Users/sumarin/Herd/foodpos-690916/foodpos/vendor/laravel/framework/src/Illuminate/Routing/ControllerDispatcher.php(46): App/Http/Controllers/BackOffice/SummaryController->__invoke(Object(Illuminate/Http/Request))
#13 C:/Users/sumarin/Herd/foodpos-690916/foodpos/vendor/laravel/framework/src/Illuminate/Routing/Route.php(265): Illuminate/Routing/ControllerDispatcher->dispatch(Object(Illuminate/Routing/Route), Object(App/Http/Controllers/BackOffice/SummaryController), '__invoke')
#14 C:/Users/sumarin/Herd/foodpos-690916/foodpos/vendor/laravel/framework/src/Illuminate/Routing/Route.php(211): Illuminate/Routing/Route->runController()
#15 C:/Users/sumarin/Herd/foodpos-690916/foodpos/vendor/laravel/framework/src/Illuminate/Routing/Router.php(822): Illuminate/Routing/Route->run()
#16 C:/Users/sumarin/Herd/foodpos-690916/foodpos/vendor/laravel/framework/src/Illuminate/Pipeline/Pipeline.php(180): Illuminate/Routing/Router->Illuminate/Routing/{closure}(Object(Illuminate/Http/Request))
#17 C:/Users/sumarin/Herd/foodpos-690916/foodpos/app/Http/Middleware/EnsureUserHasPermission.php(25): Illuminate/Pipeline/Pipeline->Illuminate/Pipeline/{closure}(Object(Illuminate/Http/Request))
#18 C:/Users/sumarin/Herd/foodpos-690916/foodpos/vendor/laravel/framework/src/Illuminate/Pipeline/Pipeline.php(219): App/Http/Middleware/EnsureUserHasPermission->handle(Object(Illuminate/Http/Request), Object(Closure), 'backoffice.acce...')
#19 C:/Users/sumarin/Herd/foodpos-690916/foodpos/vendor/laravel/framework/src/Illuminate/Http/Middleware/AddLinkHeadersForPreloadedAssets.php(32): Illuminate/Pipeline/Pipeline->Illuminate/Pipeline/{closure}(Object(Illuminate/Http/Request))
#20 C:/Users/sumarin/Herd/foodpos-690916/foodpos/vendor/laravel/framework/src/Illuminate/Pipeline/Pipeline.php(219): Illuminate/Http/Middleware/AddLinkHeadersForPreloadedAssets->handle(Object(Illuminate/Http/Request), Object(Closure))
#21 C:/Users/sumarin/Herd/foodpos-690916/foodpos/vendor/inertiajs/inertia-laravel/src/Middleware.php(122): Illuminate/Pipeline/Pipeline->Illuminate/Pipeline/{closure}(Object(Illuminate/Http/Request))
#22 C:/Users/sumarin/Herd/foodpos-690916/foodpos/vendor/laravel/framework/src/Illuminate/Pipeline/Pipeline.php(219): Inertia/Middleware->handle(Object(Illuminate/Http/Request), Object(Closure))
#23 C:/Users/sumarin/Herd/foodpos-690916/foodpos/app/Http/Middleware/ResolveCurrentBranch.php(40): Illuminate/Pipeline/Pipeline->Illuminate/Pipeline/{closure}(Object(Illuminate/Http/Request))
#24 C:/Users/sumarin/Herd/foodpos-690916/foodpos/vendor/laravel/framework/src/Illuminate/Pipeline/Pipeline.php(219): App/Http/Middleware/ResolveCurrentBranch->handle(Object(Illuminate/Http/Request), Object(Closure))
#25 C:/Users/sumarin/Herd/foodpos-690916/foodpos/vendor/laravel/framework/src/Illuminate/Routing/Middleware/SubstituteBindings.php(50): Illuminate/Pipeline/Pipeline->Illuminate/Pipeline/{closure}(Object(Illuminate/Http/Request))
#26 C:/Users/sumarin/Herd/foodpos-690916/foodpos/vendor/laravel/framework/src/Illuminate/Pipeline/Pipeline.php(219): Illuminate/Routing/Middleware/SubstituteBindings->handle(Object(Illuminate/Http/Request), Object(Closure))
#27 C:/Users/sumarin/Herd/foodpos-690916/foodpos/vendor/laravel/framework/src/Illuminate/Auth/Middleware/Authenticate.php(63): Illuminate/Pipeline/Pipeline->Illuminate/Pipeline/{closure}(Object(Illuminate/Http/Request))
#28 C:/Users/sumarin/Herd/foodpos-690916/foodpos/vendor/laravel/framework/src/Illuminate/Pipeline/Pipeline.php(219): Illuminate/Auth/Middleware/Authenticate->handle(Object(Illuminate/Http/Request), Object(Closure))
#29 C:/Users/sumarin/Herd/foodpos-690916/foodpos/vendor/laravel/framework/src/Illuminate/Foundation/Http/Middleware/VerifyCsrfToken.php(87): Illuminate/Pipeline/Pipeline->Illuminate/Pipeline/{closure}(Object(Illuminate/Http/Request))
#30 C:/Users/sumarin/Herd/foodpos-690916/foodpos/vendor/laravel/framework/src/Illuminate/Pipeline/Pipeline.php(219): Illuminate/Foundation/Http/Middleware/VerifyCsrfToken->handle(Object(Illuminate/Http/Request), Object(Closure))
#31 C:/Users/sumarin/Herd/foodpos-690916/foodpos/vendor/laravel/framework/src/Illuminate/View/Middleware/ShareErrorsFromSession.php(48): Illuminate/Pipeline/Pipeline->Illuminate/Pipeline/{closure}(Object(Illuminate/Http/Request))
#32 C:/Users/sumarin/Herd/foodpos-690916/foodpos/vendor/laravel/framework/src/Illuminate/Pipeline/Pipeline.php(219): Illuminate/View/Middleware/ShareErrorsFromSession->handle(Object(Illuminate/Http/Request), Object(Closure))
#33 C:/Users/sumarin/Herd/foodpos-690916/foodpos/vendor/laravel/framework/src/Illuminate/Session/Middleware/StartSession.php(120): Illuminate/Pipeline/Pipeline->Illuminate/Pipeline/{closure}(Object(Illuminate/Http/Request))
#34 C:/Users/sumarin/Herd/foodpos-690916/foodpos/vendor/laravel/framework/src/Illuminate/Session/Middleware/StartSession.php(63): Illuminate/Session/Middleware/StartSession->handleStatefulRequest(Object(Illuminate/Http/Request), Object(Illuminate/Session/Store), Object(Closure))
#35 C:/Users/sumarin/Herd/foodpos-690916/foodpos/vendor/laravel/framework/src/Illuminate/Pipeline/Pipeline.php(219): Illuminate/Session/Middleware/StartSession->handle(Object(Illuminate/Http/Request), Object(Closure))
#36 C:/Users/sumarin/Herd/foodpos-690916/foodpos/vendor/laravel/framework/src/Illuminate/Cookie/Middleware/AddQueuedCookiesToResponse.php(36): Illuminate/Pipeline/Pipeline->Illuminate/Pipeline/{closure}(Object(Illuminate/Http/Request))
#37 C:/Users/sumarin/Herd/foodpos-690916/foodpos/vendor/laravel/framework/src/Illuminate/Pipeline/Pipeline.php(219): Illuminate/Cookie/Middleware/AddQueuedCookiesToResponse->handle(Object(Illuminate/Http/Request), Object(Closure))
#38 C:/Users/sumarin/Herd/foodpos-690916/foodpos/vendor/laravel/framework/src/Illuminate/Cookie/Middleware/EncryptCookies.php(74): Illuminate/Pipeline/Pipeline->Illuminate/Pipeline/{closure}(Object(Illuminate/Http/Request))
#39 C:/Users/sumarin/Herd/foodpos-690916/foodpos/vendor/laravel/framework/src/Illuminate/Pipeline/Pipeline.php(219): Illuminate/Cookie/Middleware/EncryptCookies->handle(Object(Illuminate/Http/Request), Object(Closure))
#40 C:/Users/sumarin/Herd/foodpos-690916/foodpos/vendor/laravel/framework/src/Illuminate/Pipeline/Pipeline.php(137): Illuminate/Pipeline/Pipeline->Illuminate/Pipeline/{closure}(Object(Illuminate/Http/Request))
#41 C:/Users/sumarin/Herd/foodpos-690916/foodpos/vendor/laravel/framework/src/Illuminate/Routing/Router.php(821): Illuminate/Pipeline/Pipeline->then(Object(Closure))
#42 C:/Users/sumarin/Herd/foodpos-690916/foodpos/vendor/laravel/framework/src/Illuminate/Routing/Router.php(800): Illuminate/Routing/Router->runRouteWithinStack(Object(Illuminate/Routing/Route), Object(Illuminate/Http/Request))
#43 C:/Users/sumarin/Herd/foodpos-690916/foodpos/vendor/laravel/framework/src/Illuminate/Routing/Router.php(764): Illuminate/Routing/Router->runRoute(Object(Illuminate/Http/Request), Object(Illuminate/Routing/Route))
#44 C:/Users/sumarin/Herd/foodpos-690916/foodpos/vendor/laravel/framework/src/Illuminate/Routing/Router.php(753): Illuminate/Routing/Router->dispatchToRoute(Object(Illuminate/Http/Request))
#45 C:/Users/sumarin/Herd/foodpos-690916/foodpos/vendor/laravel/framework/src/Illuminate/Foundation/Http/Kernel.php(200): Illuminate/Routing/Router->dispatch(Object(Illuminate/Http/Request))
#46 C:/Users/sumarin/Herd/foodpos-690916/foodpos/vendor/laravel/framework/src/Illuminate/Pipeline/Pipeline.php(180): Illuminate/Foundation/Http/Kernel->Illuminate/Foundation/Http/{closure}(Object(Illuminate/Http/Request))
#47 C:/Users/sumarin/Herd/foodpos-690916/foodpos/vendor/laravel/framework/src/Illuminate/Foundation/Http/Middleware/TransformsRequest.php(21): Illuminate/Pipeline/Pipeline->Illuminate/Pipeline/{closure}(Object(Illuminate/Http/Request))
#48 C:/Users/sumarin/Herd/foodpos-690916/foodpos/vendor/laravel/framework/src/Illuminate/Foundation/Http/Middleware/ConvertEmptyStringsToNull.php(31): Illuminate/Foundation/Http/Middleware/TransformsRequest->handle(Object(Illuminate/Http/Request), Object(Closure))
#49 C:/Users/sumarin/Herd/foodpos-690916/foodpos/vendor/laravel/framework/src/Illuminate/Pipeline/Pipeline.php(219): Illuminate/Foundation/Http/Middleware/ConvertEmptyStringsToNull->handle(Object(Illuminate/Http/Request), Object(Closure))
#50 C:/Users/sumarin/Herd/foodpos-690916/foodpos/vendor/laravel/framework/src/Illuminate/Foundation/Http/Middleware/TransformsRequest.php(21): Illuminate/Pipeline/Pipeline->Illuminate/Pipeline/{closure}(Object(Illuminate/Http/Request))
#51 C:/Users/sumarin/Herd/foodpos-690916/foodpos/vendor/laravel/framework/src/Illuminate/Foundation/Http/Middleware/TrimStrings.php(51): Illuminate/Foundation/Http/Middleware/TransformsRequest->handle(Object(Illuminate/Http/Request), Object(Closure))
#52 C:/Users/sumarin/Herd/foodpos-690916/foodpos/vendor/laravel/framework/src/Illuminate/Pipeline/Pipeline.php(219): Illuminate/Foundation/Http/Middleware/TrimStrings->handle(Object(Illuminate/Http/Request), Object(Closure))
#53 C:/Users/sumarin/Herd/foodpos-690916/foodpos/vendor/laravel/framework/src/Illuminate/Http/Middleware/ValidatePostSize.php(27): Illuminate/Pipeline/Pipeline->Illuminate/Pipeline/{closure}(Object(Illuminate/Http/Request))
#54 C:/Users/sumarin/Herd/foodpos-690916/foodpos/vendor/laravel/framework/src/Illuminate/Pipeline/Pipeline.php(219): Illuminate/Http/Middleware/ValidatePostSize->handle(Object(Illuminate/Http/Request), Object(Closure))
#55 C:/Users/sumarin/Herd/foodpos-690916/foodpos/vendor/laravel/framework/src/Illuminate/Foundation/Http/Middleware/PreventRequestsDuringMaintenance.php(109): Illuminate/Pipeline/Pipeline->Illuminate/Pipeline/{closure}(Object(Illuminate/Http/Request))
#56 C:/Users/sumarin/Herd/foodpos-690916/foodpos/vendor/laravel/framework/src/Illuminate/Pipeline/Pipeline.php(219): Illuminate/Foundation/Http/Middleware/PreventRequestsDuringMaintenance->handle(Object(Illuminate/Http/Request), Object(Closure))
#57 C:/Users/sumarin/Herd/foodpos-690916/foodpos/vendor/laravel/framework/src/Illuminate/Http/Middleware/HandleCors.php(61): Illuminate/Pipeline/Pipeline->Illuminate/Pipeline/{closure}(Object(Illuminate/Http/Request))
#58 C:/Users/sumarin/Herd/foodpos-690916/foodpos/vendor/laravel/framework/src/Illuminate/Pipeline/Pipeline.php(219): Illuminate/Http/Middleware/HandleCors->handle(Object(Illuminate/Http/Request), Object(Closure))
#59 C:/Users/sumarin/Herd/foodpos-690916/foodpos/vendor/laravel/framework/src/Illuminate/Http/Middleware/TrustProxies.php(58): Illuminate/Pipeline/Pipeline->Illuminate/Pipeline/{closure}(Object(Illuminate/Http/Request))
#60 C:/Users/sumarin/Herd/foodpos-690916/foodpos/vendor/laravel/framework/src/Illuminate/Pipeline/Pipeline.php(219): Illuminate/Http/Middleware/TrustProxies->handle(Object(Illuminate/Http/Request), Object(Closure))
#61 C:/Users/sumarin/Herd/foodpos-690916/foodpos/vendor/laravel/framework/src/Illuminate/Foundation/Http/Middleware/InvokeDeferredCallbacks.php(22): Illuminate/Pipeline/Pipeline->Illuminate/Pipeline/{closure}(Object(Illuminate/Http/Request))
#62 C:/Users/sumarin/Herd/foodpos-690916/foodpos/vendor/laravel/framework/src/Illuminate/Pipeline/Pipeline.php(219): Illuminate/Foundation/Http/Middleware/InvokeDeferredCallbacks->handle(Object(Illuminate/Http/Request), Object(Closure))
#63 C:/Users/sumarin/Herd/foodpos-690916/foodpos/vendor/laravel/framework/src/Illuminate/Http/Middleware/ValidatePathEncoding.php(26): Illuminate/Pipeline/Pipeline->Illuminate/Pipeline/{closure}(Object(Illuminate/Http/Request))
#64 C:/Users/sumarin/Herd/foodpos-690916/foodpos/vendor/laravel/framework/src/Illuminate/Pipeline/Pipeline.php(219): Illuminate/Http/Middleware/ValidatePathEncoding->handle(Object(Illuminate/Http/Request), Object(Closure))
#65 C:/Users/sumarin/Herd/foodpos-690916/foodpos/vendor/laravel/framework/src/Illuminate/Pipeline/Pipeline.php(137): Illuminate/Pipeline/Pipeline->Illuminate/Pipeline/{closure}(Object(Illuminate/Http/Request))
#66 C:/Users/sumarin/Herd/foodpos-690916/foodpos/vendor/laravel/framework/src/Illuminate/Foundation/Http/Kernel.php(175): Illuminate/Pipeline/Pipeline->then(Object(Closure))
#67 C:/Users/sumarin/Herd/foodpos-690916/foodpos/vendor/laravel/framework/src/Illuminate/Foundation/Http/Kernel.php(144): Illuminate/Foundation/Http/Kernel->sendRequestThroughRouter(Object(Illuminate/Http/Request))
#68 C:/Users/sumarin/Herd/foodpos-690916/foodpos/vendor/laravel/framework/src/Illuminate/Foundation/Application.php(1220): Illuminate/Foundation/Http/Kernel->handle(Object(Illuminate/Http/Request))
#69 C:/Users/sumarin/Herd/foodpos-690916/foodpos/public/index.php(14): Illuminate/Foundation/Application->handleRequest(Object(Illuminate/Http/Request))
#70 C:/Users/sumarin/Herd/foodpos-690916/foodpos/vendor/laravel/framework/src/Illuminate/Foundation/resources/server.php(23): require_once('C://Users//sumari...')
#71 {main}
"} 
[2026-09-17 06:39:46] local.ERROR: Undefined array key 1 {"userId":1,"exception":"[object] (ErrorException(code: 0): Undefined array key 1 at C:/Users/sumarin/Herd/foodpos-690916/foodpos/vendor/laravel/framework/src/Illuminate/Collections/Collection.php:1972)
[stacktrace]
#0 C:/Users/sumarin/Herd/foodpos-690916/foodpos/vendor/laravel/framework/src/Illuminate/Foundation/Bootstrap/HandleExceptions.php(262): Illuminate/Foundation/Bootstrap/HandleExceptions->handleError(2, 'Undefined array...', 'C://Users//sumari...', 1972)
#1 C:/Users/sumarin/Herd/foodpos-690916/foodpos/vendor/laravel/framework/src/Illuminate/Collections/Collection.php(1972): Illuminate/Foundation/Bootstrap/HandleExceptions->Illuminate/Foundation/Bootstrap/{closure}(2, 'Undefined array...', 'C://Users//sumari...', 1972)
#2 C:/Users/sumarin/Herd/foodpos-690916/foodpos/app/Http/Controllers/BackOffice/SalesTargetController.php(48): Illuminate/Support/Collection->offsetGet(1)
#3 [internal function]: App/Http/Controllers/BackOffice/SalesTargetController->App/Http/Controllers/BackOffice/{closure}(1, 0)
#4 C:/Users/sumarin/Herd/foodpos-690916/foodpos/vendor/laravel/framework/src/Illuminate/Collections/Arr.php(841): array_map(Object(Closure), Array, Array)
#5 C:/Users/sumarin/Herd/foodpos-690916/foodpos/vendor/laravel/framework/src/Illuminate/Collections/Collection.php(829): Illuminate/Support/Arr::map(Array, Object(Closure))
#6 C:/Users/sumarin/Herd/foodpos-690916/foodpos/app/Http/Controllers/BackOffice/SalesTargetController.php(40): Illuminate/Support/Collection->map(Object(Closure))
#7 C:/Users/sumarin/Herd/foodpos-690916/foodpos/vendor/laravel/framework/src/Illuminate/Routing/ControllerDispatcher.php(46): App/Http/Controllers/BackOffice/SalesTargetController->index(Object(Illuminate/Http/Request), Object(App/Services/SalesTargetService))
#8 C:/Users/sumarin/Herd/foodpos-690916/foodpos/vendor/laravel/framework/src/Illuminate/Routing/Route.php(265): Illuminate/Routing/ControllerDispatcher->dispatch(Object(Illuminate/Routing/Route), Object(App/Http/Controllers/BackOffice/SalesTargetController), 'index')
#9 C:/Users/sumarin/Herd/foodpos-690916/foodpos/vendor/laravel/framework/src/Illuminate/Routing/Route.php(211): Illuminate/Routing/Route->runController()
#10 C:/Users/sumarin/Herd/foodpos-690916/foodpos/vendor/laravel/framework/src/Illuminate/Routing/Router.php(822): Illuminate/Routing/Route->run()
#11 C:/Users/sumarin/Herd/foodpos-690916/foodpos/vendor/laravel/framework/src/Illuminate/Pipeline/Pipeline.php(180): Illuminate/Routing/Router->Illuminate/Routing/{closure}(Object(Illuminate/Http/Request))
#12 C:/Users/sumarin/Herd/foodpos-690916/foodpos/app/Http/Middleware/EnsureUserHasPermission.php(25): Illuminate/Pipeline/Pipeline->Illuminate/Pipeline/{closure}(Object(Illuminate/Http/Request))
#13 C:/Users/sumarin/Herd/foodpos-690916/foodpos/vendor/laravel/framework/src/Illuminate/Pipeline/Pipeline.php(219): App/Http/Middleware/EnsureUserHasPermission->handle(Object(Illuminate/Http/Request), Object(Closure), 'branch.settings')
#14 C:/Users/sumarin/Herd/foodpos-690916/foodpos/app/Http/Middleware/EnsureUserHasPermission.php(25): Illuminate/Pipeline/Pipeline->Illuminate/Pipeline/{closure}(Object(Illuminate/Http/Request))
#15 C:/Users/sumarin/Herd/foodpos-690916/foodpos/vendor/laravel/framework/src/Illuminate/Pipeline/Pipeline.php(219): App/Http/Middleware/EnsureUserHasPermission->handle(Object(Illuminate/Http/Request), Object(Closure), 'backoffice.acce...')
#16 C:/Users/sumarin/Herd/foodpos-690916/foodpos/vendor/laravel/framework/src/Illuminate/Http/Middleware/AddLinkHeadersForPreloadedAssets.php(32): Illuminate/Pipeline/Pipeline->Illuminate/Pipeline/{closure}(Object(Illuminate/Http/Request))
#17 C:/Users/sumarin/Herd/foodpos-690916/foodpos/vendor/laravel/framework/src/Illuminate/Pipeline/Pipeline.php(219): Illuminate/Http/Middleware/AddLinkHeadersForPreloadedAssets->handle(Object(Illuminate/Http/Request), Object(Closure))
#18 C:/Users/sumarin/Herd/foodpos-690916/foodpos/vendor/inertiajs/inertia-laravel/src/Middleware.php(122): Illuminate/Pipeline/Pipeline->Illuminate/Pipeline/{closure}(Object(Illuminate/Http/Request))
#19 C:/Users/sumarin/Herd/foodpos-690916/foodpos/vendor/laravel/framework/src/Illuminate/Pipeline/Pipeline.php(219): Inertia/Middleware->handle(Object(Illuminate/Http/Request), Object(Closure))
#20 C:/Users/sumarin/Herd/foodpos-690916/foodpos/app/Http/Middleware/ResolveCurrentBranch.php(40): Illuminate/Pipeline/Pipeline->Illuminate/Pipeline/{closure}(Object(Illuminate/Http/Request))
#21 C:/Users/sumarin/Herd/foodpos-690916/foodpos/vendor/laravel/framework/src/Illuminate/Pipeline/Pipeline.php(219): App/Http/Middleware/ResolveCurrentBranch->handle(Object(Illuminate/Http/Request), Object(Closure))
#22 C:/Users/sumarin/Herd/foodpos-690916/foodpos/vendor/laravel/framework/src/Illuminate/Routing/Middleware/SubstituteBindings.php(50): Illuminate/Pipeline/Pipeline->Illuminate/Pipeline/{closure}(Object(Illuminate/Http/Request))
#23 C:/Users/sumarin/Herd/foodpos-690916/foodpos/vendor/laravel/framework/src/Illuminate/Pipeline/Pipeline.php(219): Illuminate/Routing/Middleware/SubstituteBindings->handle(Object(Illuminate/Http/Request), Object(Closure))
#24 C:/Users/sumarin/Herd/foodpos-690916/foodpos/vendor/laravel/framework/src/Illuminate/Auth/Middleware/Authenticate.php(63): Illuminate/Pipeline/Pipeline->Illuminate/Pipeline/{closure}(Object(Illuminate/Http/Request))
#25 C:/Users/sumarin/Herd/foodpos-690916/foodpos/vendor/laravel/framework/src/Illuminate/Pipeline/Pipeline.php(219): Illuminate/Auth/Middleware/Authenticate->handle(Object(Illuminate/Http/Request), Object(Closure))
#26 C:/Users/sumarin/Herd/foodpos-690916/foodpos/vendor/laravel/framework/src/Illuminate/Foundation/Http/Middleware/VerifyCsrfToken.php(87): Illuminate/Pipeline/Pipeline->Illuminate/Pipeline/{closure}(Object(Illuminate/Http/Request))
#27 C:/Users/sumarin/Herd/foodpos-690916/foodpos/vendor/laravel/framework/src/Illuminate/Pipeline/Pipeline.php(219): Illuminate/Foundation/Http/Middleware/VerifyCsrfToken->handle(Object(Illuminate/Http/Request), Object(Closure))
#28 C:/Users/sumarin/Herd/foodpos-690916/foodpos/vendor/laravel/framework/src/Illuminate/View/Middleware/ShareErrorsFromSession.php(48): Illuminate/Pipeline/Pipeline->Illuminate/Pipeline/{closure}(Object(Illuminate/Http/Request))
#29 C:/Users/sumarin/Herd/foodpos-690916/foodpos/vendor/laravel/framework/src/Illuminate/Pipeline/Pipeline.php(219): Illuminate/View/Middleware/ShareErrorsFromSession->handle(Object(Illuminate/Http/Request), Object(Closure))
#30 C:/Users/sumarin/Herd/foodpos-690916/foodpos/vendor/laravel/framework/src/Illuminate/Session/Middleware/StartSession.php(120): Illuminate/Pipeline/Pipeline->Illuminate/Pipeline/{closure}(Object(Illuminate/Http/Request))
#31 C:/Users/sumarin/Herd/foodpos-690916/foodpos/vendor/laravel/framework/src/Illuminate/Session/Middleware/StartSession.php(63): Illuminate/Session/Middleware/StartSession->handleStatefulRequest(Object(Illuminate/Http/Request), Object(Illuminate/Session/Store), Object(Closure))
#32 C:/Users/sumarin/Herd/foodpos-690916/foodpos/vendor/laravel/framework/src/Illuminate/Pipeline/Pipeline.php(219): Illuminate/Session/Middleware/StartSession->handle(Object(Illuminate/Http/Request), Object(Closure))
#33 C:/Users/sumarin/Herd/foodpos-690916/foodpos/vendor/laravel/framework/src/Illuminate/Cookie/Middleware/AddQueuedCookiesToResponse.php(36): Illuminate/Pipeline/Pipeline->Illuminate/Pipeline/{closure}(Object(Illuminate/Http/Request))
#34 C:/Users/sumarin/Herd/foodpos-690916/foodpos/vendor/laravel/framework/src/Illuminate/Pipeline/Pipeline.php(219): Illuminate/Cookie/Middleware/AddQueuedCookiesToResponse->handle(Object(Illuminate/Http/Request), Object(Closure))
#35 C:/Users/sumarin/Herd/foodpos-690916/foodpos/vendor/laravel/framework/src/Illuminate/Cookie/Middleware/EncryptCookies.php(74): Illuminate/Pipeline/Pipeline->Illuminate/Pipeline/{closure}(Object(Illuminate/Http/Request))
#36 C:/Users/sumarin/Herd/foodpos-690916/foodpos/vendor/laravel/framework/src/Illuminate/Pipeline/Pipeline.php(219): Illuminate/Cookie/Middleware/EncryptCookies->handle(Object(Illuminate/Http/Request), Object(Closure))
#37 C:/Users/sumarin/Herd/foodpos-690916/foodpos/vendor/laravel/framework/src/Illuminate/Pipeline/Pipeline.php(137): Illuminate/Pipeline/Pipeline->Illuminate/Pipeline/{closure}(Object(Illuminate/Http/Request))
#38 C:/Users/sumarin/Herd/foodpos-690916/foodpos/vendor/laravel/framework/src/Illuminate/Routing/Router.php(821): Illuminate/Pipeline/Pipeline->then(Object(Closure))
#39 C:/Users/sumarin/Herd/foodpos-690916/foodpos/vendor/laravel/framework/src/Illuminate/Routing/Router.php(800): Illuminate/Routing/Router->runRouteWithinStack(Object(Illuminate/Routing/Route), Object(Illuminate/Http/Request))
#40 C:/Users/sumarin/Herd/foodpos-690916/foodpos/vendor/laravel/framework/src/Illuminate/Routing/Router.php(764): Illuminate/Routing/Router->runRoute(Object(Illuminate/Http/Request), Object(Illuminate/Routing/Route))
#41 C:/Users/sumarin/Herd/foodpos-690916/foodpos/vendor/laravel/framework/src/Illuminate/Routing/Router.php(753): Illuminate/Routing/Router->dispatchToRoute(Object(Illuminate/Http/Request))
#42 C:/Users/sumarin/Herd/foodpos-690916/foodpos/vendor/laravel/framework/src/Illuminate/Foundation/Http/Kernel.php(200): Illuminate/Routing/Router->dispatch(Object(Illuminate/Http/Request))
#43 C:/Users/sumarin/Herd/foodpos-690916/foodpos/vendor/laravel/framework/src/Illuminate/Pipeline/Pipeline.php(180): Illuminate/Foundation/Http/Kernel->Illuminate/Foundation/Http/{closure}(Object(Illuminate/Http/Request))
#44 C:/Users/sumarin/Herd/foodpos-690916/foodpos/vendor/laravel/framework/src/Illuminate/Foundation/Http/Middleware/TransformsRequest.php(21): Illuminate/Pipeline/Pipeline->Illuminate/Pipeline/{closure}(Object(Illuminate/Http/Request))
#45 C:/Users/sumarin/Herd/foodpos-690916/foodpos/vendor/laravel/framework/src/Illuminate/Foundation/Http/Middleware/ConvertEmptyStringsToNull.php(31): Illuminate/Foundation/Http/Middleware/TransformsRequest->handle(Object(Illuminate/Http/Request), Object(Closure))
#46 C:/Users/sumarin/Herd/foodpos-690916/foodpos/vendor/laravel/framework/src/Illuminate/Pipeline/Pipeline.php(219): Illuminate/Foundation/Http/Middleware/ConvertEmptyStringsToNull->handle(Object(Illuminate/Http/Request), Object(Closure))
#47 C:/Users/sumarin/Herd/foodpos-690916/foodpos/vendor/laravel/framework/src/Illuminate/Foundation/Http/Middleware/TransformsRequest.php(21): Illuminate/Pipeline/Pipeline->Illuminate/Pipeline/{closure}(Object(Illuminate/Http/Request))
#48 C:/Users/sumarin/Herd/foodpos-690916/foodpos/vendor/laravel/framework/src/Illuminate/Foundation/Http/Middleware/TrimStrings.php(51): Illuminate/Foundation/Http/Middleware/TransformsRequest->handle(Object(Illuminate/Http/Request), Object(Closure))
#49 C:/Users/sumarin/Herd/foodpos-690916/foodpos/vendor/laravel/framework/src/Illuminate/Pipeline/Pipeline.php(219): Illuminate/Foundation/Http/Middleware/TrimStrings->handle(Object(Illuminate/Http/Request), Object(Closure))
#50 C:/Users/sumarin/Herd/foodpos-690916/foodpos/vendor/laravel/framework/src/Illuminate/Http/Middleware/ValidatePostSize.php(27): Illuminate/Pipeline/Pipeline->Illuminate/Pipeline/{closure}(Object(Illuminate/Http/Request))
#51 C:/Users/sumarin/Herd/foodpos-690916/foodpos/vendor/laravel/framework/src/Illuminate/Pipeline/Pipeline.php(219): Illuminate/Http/Middleware/ValidatePostSize->handle(Object(Illuminate/Http/Request), Object(Closure))
#52 C:/Users/sumarin/Herd/foodpos-690916/foodpos/vendor/laravel/framework/src/Illuminate/Foundation/Http/Middleware/PreventRequestsDuringMaintenance.php(109): Illuminate/Pipeline/Pipeline->Illuminate/Pipeline/{closure}(Object(Illuminate/Http/Request))
#53 C:/Users/sumarin/Herd/foodpos-690916/foodpos/vendor/laravel/framework/src/Illuminate/Pipeline/Pipeline.php(219): Illuminate/Foundation/Http/Middleware/PreventRequestsDuringMaintenance->handle(Object(Illuminate/Http/Request), Object(Closure))
#54 C:/Users/sumarin/Herd/foodpos-690916/foodpos/vendor/laravel/framework/src/Illuminate/Http/Middleware/HandleCors.php(61): Illuminate/Pipeline/Pipeline->Illuminate/Pipeline/{closure}(Object(Illuminate/Http/Request))
#55 C:/Users/sumarin/Herd/foodpos-690916/foodpos/vendor/laravel/framework/src/Illuminate/Pipeline/Pipeline.php(219): Illuminate/Http/Middleware/HandleCors->handle(Object(Illuminate/Http/Request), Object(Closure))
#56 C:/Users/sumarin/Herd/foodpos-690916/foodpos/vendor/laravel/framework/src/Illuminate/Http/Middleware/TrustProxies.php(58): Illuminate/Pipeline/Pipeline->Illuminate/Pipeline/{closure}(Object(Illuminate/Http/Request))
#57 C:/Users/sumarin/Herd/foodpos-690916/foodpos/vendor/laravel/framework/src/Illuminate/Pipeline/Pipeline.php(219): Illuminate/Http/Middleware/TrustProxies->handle(Object(Illuminate/Http/Request), Object(Closure))
#58 C:/Users/sumarin/Herd/foodpos-690916/foodpos/vendor/laravel/framework/src/Illuminate/Foundation/Http/Middleware/InvokeDeferredCallbacks.php(22): Illuminate/Pipeline/Pipeline->Illuminate/Pipeline/{closure}(Object(Illuminate/Http/Request))
#59 C:/Users/sumarin/Herd/foodpos-690916/foodpos/vendor/laravel/framework/src/Illuminate/Pipeline/Pipeline.php(219): Illuminate/Foundation/Http/Middleware/InvokeDeferredCallbacks->handle(Object(Illuminate/Http/Request), Object(Closure))
#60 C:/Users/sumarin/Herd/foodpos-690916/foodpos/vendor/laravel/framework/src/Illuminate/Http/Middleware/ValidatePathEncoding.php(26): Illuminate/Pipeline/Pipeline->Illuminate/Pipeline/{closure}(Object(Illuminate/Http/Request))
#61 C:/Users/sumarin/Herd/foodpos-690916/foodpos/vendor/laravel/framework/src/Illuminate/Pipeline/Pipeline.php(219): Illuminate/Http/Middleware/ValidatePathEncoding->handle(Object(Illuminate/Http/Request), Object(Closure))
#62 C:/Users/sumarin/Herd/foodpos-690916/foodpos/vendor/laravel/framework/src/Illuminate/Pipeline/Pipeline.php(137): Illuminate/Pipeline/Pipeline->Illuminate/Pipeline/{closure}(Object(Illuminate/Http/Request))
#63 C:/Users/sumarin/Herd/foodpos-690916/foodpos/vendor/laravel/framework/src/Illuminate/Foundation/Http/Kernel.php(175): Illuminate/Pipeline/Pipeline->then(Object(Closure))
#64 C:/Users/sumarin/Herd/foodpos-690916/foodpos/vendor/laravel/framework/src/Illuminate/Foundation/Http/Kernel.php(144): Illuminate/Foundation/Http/Kernel->sendRequestThroughRouter(Object(Illuminate/Http/Request))
#65 C:/Users/sumarin/Herd/foodpos-690916/foodpos/vendor/laravel/framework/src/Illuminate/Foundation/Application.php(1220): Illuminate/Foundation/Http/Kernel->handle(Object(Illuminate/Http/Request))
#66 C:/Users/sumarin/Herd/foodpos-690916/foodpos/public/index.php(14): Illuminate/Foundation/Application->handleRequest(Object(Illuminate/Http/Request))
#67 C:/Users/sumarin/Herd/foodpos-690916/foodpos/vendor/laravel/framework/src/Illuminate/Foundation/resources/server.php(23): require_once('C://Users//sumari...')
#68 {main}
"} 
[2026-09-17 06:41:14] local.ERROR: Undefined array key 1 {"userId":1,"exception":"[object] (ErrorException(code: 0): Undefined array key 1 at C:/Users/sumarin/Herd/foodpos-690916/foodpos/vendor/laravel/framework/src/Illuminate/Collections/Collection.php:1972)
[stacktrace]
#0 C:/Users/sumarin/Herd/foodpos-690916/foodpos/vendor/laravel/framework/src/Illuminate/Foundation/Bootstrap/HandleExceptions.php(262): Illuminate/Foundation/Bootstrap/HandleExceptions->handleError(2, 'Undefined array...', 'C://Users//sumari...', 1972)
#1 C:/Users/sumarin/Herd/foodpos-690916/foodpos/vendor/laravel/framework/src/Illuminate/Collections/Collection.php(1972): Illuminate/Foundation/Bootstrap/HandleExceptions->Illuminate/Foundation/Bootstrap/{closure}(2, 'Undefined array...', 'C://Users//sumari...', 1972)
#2 C:/Users/sumarin/Herd/foodpos-690916/foodpos/app/Http/Controllers/BackOffice/SalesTargetController.php(48): Illuminate/Support/Collection->offsetGet(1)
#3 [internal function]: App/Http/Controllers/BackOffice/SalesTargetController->App/Http/Controllers/BackOffice/{closure}(1, 0)
#4 C:/Users/sumarin/Herd/foodpos-690916/foodpos/vendor/laravel/framework/src/Illuminate/Collections/Arr.php(841): array_map(Object(Closure), Array, Array)
#5 C:/Users/sumarin/Herd/foodpos-690916/foodpos/vendor/laravel/framework/src/Illuminate/Collections/Collection.php(829): Illuminate/Support/Arr::map(Array, Object(Closure))
#6 C:/Users/sumarin/Herd/foodpos-690916/foodpos/app/Http/Controllers/BackOffice/SalesTargetController.php(40): Illuminate/Support/Collection->map(Object(Closure))
#7 C:/Users/sumarin/Herd/foodpos-690916/foodpos/vendor/laravel/framework/src/Illuminate/Routing/ControllerDispatcher.php(46): App/Http/Controllers/BackOffice/SalesTargetController->index(Object(Illuminate/Http/Request), Object(App/Services/SalesTargetService))
#8 C:/Users/sumarin/Herd/foodpos-690916/foodpos/vendor/laravel/framework/src/Illuminate/Routing/Route.php(265): Illuminate/Routing/ControllerDispatcher->dispatch(Object(Illuminate/Routing/Route), Object(App/Http/Controllers/BackOffice/SalesTargetController), 'index')
#9 C:/Users/sumarin/Herd/foodpos-690916/foodpos/vendor/laravel/framework/src/Illuminate/Routing/Route.php(211): Illuminate/Routing/Route->runController()
#10 C:/Users/sumarin/Herd/foodpos-690916/foodpos/vendor/laravel/framework/src/Illuminate/Routing/Router.php(822): Illuminate/Routing/Route->run()
#11 C:/Users/sumarin/Herd/foodpos-690916/foodpos/vendor/laravel/framework/src/Illuminate/Pipeline/Pipeline.php(180): Illuminate/Routing/Router->Illuminate/Routing/{closure}(Object(Illuminate/Http/Request))
#12 C:/Users/sumarin/Herd/foodpos-690916/foodpos/app/Http/Middleware/EnsureUserHasPermission.php(25): Illuminate/Pipeline/Pipeline->Illuminate/Pipeline/{closure}(Object(Illuminate/Http/Request))
#13 C:/Users/sumarin/Herd/foodpos-690916/foodpos/vendor/laravel/framework/src/Illuminate/Pipeline/Pipeline.php(219): App/Http/Middleware/EnsureUserHasPermission->handle(Object(Illuminate/Http/Request), Object(Closure), 'branch.settings')
#14 C:/Users/sumarin/Herd/foodpos-690916/foodpos/app/Http/Middleware/EnsureUserHasPermission.php(25): Illuminate/Pipeline/Pipeline->Illuminate/Pipeline/{closure}(Object(Illuminate/Http/Request))
#15 C:/Users/sumarin/Herd/foodpos-690916/foodpos/vendor/laravel/framework/src/Illuminate/Pipeline/Pipeline.php(219): App/Http/Middleware/EnsureUserHasPermission->handle(Object(Illuminate/Http/Request), Object(Closure), 'backoffice.acce...')
#16 C:/Users/sumarin/Herd/foodpos-690916/foodpos/vendor/laravel/framework/src/Illuminate/Http/Middleware/AddLinkHeadersForPreloadedAssets.php(32): Illuminate/Pipeline/Pipeline->Illuminate/Pipeline/{closure}(Object(Illuminate/Http/Request))
#17 C:/Users/sumarin/Herd/foodpos-690916/foodpos/vendor/laravel/framework/src/Illuminate/Pipeline/Pipeline.php(219): Illuminate/Http/Middleware/AddLinkHeadersForPreloadedAssets->handle(Object(Illuminate/Http/Request), Object(Closure))
#18 C:/Users/sumarin/Herd/foodpos-690916/foodpos/vendor/inertiajs/inertia-laravel/src/Middleware.php(122): Illuminate/Pipeline/Pipeline->Illuminate/Pipeline/{closure}(Object(Illuminate/Http/Request))
#19 C:/Users/sumarin/Herd/foodpos-690916/foodpos/vendor/laravel/framework/src/Illuminate/Pipeline/Pipeline.php(219): Inertia/Middleware->handle(Object(Illuminate/Http/Request), Object(Closure))
#20 C:/Users/sumarin/Herd/foodpos-690916/foodpos/app/Http/Middleware/ResolveCurrentBranch.php(40): Illuminate/Pipeline/Pipeline->Illuminate/Pipeline/{closure}(Object(Illuminate/Http/Request))
#21 C:/Users/sumarin/Herd/foodpos-690916/foodpos/vendor/laravel/framework/src/Illuminate/Pipeline/Pipeline.php(219): App/Http/Middleware/ResolveCurrentBranch->handle(Object(Illuminate/Http/Request), Object(Closure))
#22 C:/Users/sumarin/Herd/foodpos-690916/foodpos/vendor/laravel/framework/src/Illuminate/Routing/Middleware/SubstituteBindings.php(50): Illuminate/Pipeline/Pipeline->Illuminate/Pipeline/{closure}(Object(Illuminate/Http/Request))
#23 C:/Users/sumarin/Herd/foodpos-690916/foodpos/vendor/laravel/framework/src/Illuminate/Pipeline/Pipeline.php(219): Illuminate/Routing/Middleware/SubstituteBindings->handle(Object(Illuminate/Http/Request), Object(Closure))
#24 C:/Users/sumarin/Herd/foodpos-690916/foodpos/vendor/laravel/framework/src/Illuminate/Auth/Middleware/Authenticate.php(63): Illuminate/Pipeline/Pipeline->Illuminate/Pipeline/{closure}(Object(Illuminate/Http/Request))
#25 C:/Users/sumarin/Herd/foodpos-690916/foodpos/vendor/laravel/framework/src/Illuminate/Pipeline/Pipeline.php(219): Illuminate/Auth/Middleware/Authenticate->handle(Object(Illuminate/Http/Request), Object(Closure))
#26 C:/Users/sumarin/Herd/foodpos-690916/foodpos/vendor/laravel/framework/src/Illuminate/Foundation/Http/Middleware/VerifyCsrfToken.php(87): Illuminate/Pipeline/Pipeline->Illuminate/Pipeline/{closure}(Object(Illuminate/Http/Request))
#27 C:/Users/sumarin/Herd/foodpos-690916/foodpos/vendor/laravel/framework/src/Illuminate/Pipeline/Pipeline.php(219): Illuminate/Foundation/Http/Middleware/VerifyCsrfToken->handle(Object(Illuminate/Http/Request), Object(Closure))
#28 C:/Users/sumarin/Herd/foodpos-690916/foodpos/vendor/laravel/framework/src/Illuminate/View/Middleware/ShareErrorsFromSession.php(48): Illuminate/Pipeline/Pipeline->Illuminate/Pipeline/{closure}(Object(Illuminate/Http/Request))
#29 C:/Users/sumarin/Herd/foodpos-690916/foodpos/vendor/laravel/framework/src/Illuminate/Pipeline/Pipeline.php(219): Illuminate/View/Middleware/ShareErrorsFromSession->handle(Object(Illuminate/Http/Request), Object(Closure))
#30 C:/Users/sumarin/Herd/foodpos-690916/foodpos/vendor/laravel/framework/src/Illuminate/Session/Middleware/StartSession.php(120): Illuminate/Pipeline/Pipeline->Illuminate/Pipeline/{closure}(Object(Illuminate/Http/Request))
#31 C:/Users/sumarin/Herd/foodpos-690916/foodpos/vendor/laravel/framework/src/Illuminate/Session/Middleware/StartSession.php(63): Illuminate/Session/Middleware/StartSession->handleStatefulRequest(Object(Illuminate/Http/Request), Object(Illuminate/Session/Store), Object(Closure))
#32 C:/Users/sumarin/Herd/foodpos-690916/foodpos/vendor/laravel/framework/src/Illuminate/Pipeline/Pipeline.php(219): Illuminate/Session/Middleware/StartSession->handle(Object(Illuminate/Http/Request), Object(Closure))
#33 C:/Users/sumarin/Herd/foodpos-690916/foodpos/vendor/laravel/framework/src/Illuminate/Cookie/Middleware/AddQueuedCookiesToResponse.php(36): Illuminate/Pipeline/Pipeline->Illuminate/Pipeline/{closure}(Object(Illuminate/Http/Request))
#34 C:/Users/sumarin/Herd/foodpos-690916/foodpos/vendor/laravel/framework/src/Illuminate/Pipeline/Pipeline.php(219): Illuminate/Cookie/Middleware/AddQueuedCookiesToResponse->handle(Object(Illuminate/Http/Request), Object(Closure))
#35 C:/Users/sumarin/Herd/foodpos-690916/foodpos/vendor/laravel/framework/src/Illuminate/Cookie/Middleware/EncryptCookies.php(74): Illuminate/Pipeline/Pipeline->Illuminate/Pipeline/{closure}(Object(Illuminate/Http/Request))
#36 C:/Users/sumarin/Herd/foodpos-690916/foodpos/vendor/laravel/framework/src/Illuminate/Pipeline/Pipeline.php(219): Illuminate/Cookie/Middleware/EncryptCookies->handle(Object(Illuminate/Http/Request), Object(Closure))
#37 C:/Users/sumarin/Herd/foodpos-690916/foodpos/vendor/laravel/framework/src/Illuminate/Pipeline/Pipeline.php(137): Illuminate/Pipeline/Pipeline->Illuminate/Pipeline/{closure}(Object(Illuminate/Http/Request))
#38 C:/Users/sumarin/Herd/foodpos-690916/foodpos/vendor/laravel/framework/src/Illuminate/Routing/Router.php(821): Illuminate/Pipeline/Pipeline->then(Object(Closure))
#39 C:/Users/sumarin/Herd/foodpos-690916/foodpos/vendor/laravel/framework/src/Illuminate/Routing/Router.php(800): Illuminate/Routing/Router->runRouteWithinStack(Object(Illuminate/Routing/Route), Object(Illuminate/Http/Request))
#40 C:/Users/sumarin/Herd/foodpos-690916/foodpos/vendor/laravel/framework/src/Illuminate/Routing/Router.php(764): Illuminate/Routing/Router->runRoute(Object(Illuminate/Http/Request), Object(Illuminate/Routing/Route))
#41 C:/Users/sumarin/Herd/foodpos-690916/foodpos/vendor/laravel/framework/src/Illuminate/Routing/Router.php(753): Illuminate/Routing/Router->dispatchToRoute(Object(Illuminate/Http/Request))
#42 C:/Users/sumarin/Herd/foodpos-690916/foodpos/vendor/laravel/framework/src/Illuminate/Foundation/Http/Kernel.php(200): Illuminate/Routing/Router->dispatch(Object(Illuminate/Http/Request))
#43 C:/Users/sumarin/Herd/foodpos-690916/foodpos/vendor/laravel/framework/src/Illuminate/Pipeline/Pipeline.php(180): Illuminate/Foundation/Http/Kernel->Illuminate/Foundation/Http/{closure}(Object(Illuminate/Http/Request))
#44 C:/Users/sumarin/Herd/foodpos-690916/foodpos/vendor/laravel/framework/src/Illuminate/Foundation/Http/Middleware/TransformsRequest.php(21): Illuminate/Pipeline/Pipeline->Illuminate/Pipeline/{closure}(Object(Illuminate/Http/Request))
#45 C:/Users/sumarin/Herd/foodpos-690916/foodpos/vendor/laravel/framework/src/Illuminate/Foundation/Http/Middleware/ConvertEmptyStringsToNull.php(31): Illuminate/Foundation/Http/Middleware/TransformsRequest->handle(Object(Illuminate/Http/Request), Object(Closure))
#46 C:/Users/sumarin/Herd/foodpos-690916/foodpos/vendor/laravel/framework/src/Illuminate/Pipeline/Pipeline.php(219): Illuminate/Foundation/Http/Middleware/ConvertEmptyStringsToNull->handle(Object(Illuminate/Http/Request), Object(Closure))
#47 C:/Users/sumarin/Herd/foodpos-690916/foodpos/vendor/laravel/framework/src/Illuminate/Foundation/Http/Middleware/TransformsRequest.php(21): Illuminate/Pipeline/Pipeline->Illuminate/Pipeline/{closure}(Object(Illuminate/Http/Request))
#48 C:/Users/sumarin/Herd/foodpos-690916/foodpos/vendor/laravel/framework/src/Illuminate/Foundation/Http/Middleware/TrimStrings.php(51): Illuminate/Foundation/Http/Middleware/TransformsRequest->handle(Object(Illuminate/Http/Request), Object(Closure))
#49 C:/Users/sumarin/Herd/foodpos-690916/foodpos/vendor/laravel/framework/src/Illuminate/Pipeline/Pipeline.php(219): Illuminate/Foundation/Http/Middleware/TrimStrings->handle(Object(Illuminate/Http/Request), Object(Closure))
#50 C:/Users/sumarin/Herd/foodpos-690916/foodpos/vendor/laravel/framework/src/Illuminate/Http/Middleware/ValidatePostSize.php(27): Illuminate/Pipeline/Pipeline->Illuminate/Pipeline/{closure}(Object(Illuminate/Http/Request))
#51 C:/Users/sumarin/Herd/foodpos-690916/foodpos/vendor/laravel/framework/src/Illuminate/Pipeline/Pipeline.php(219): Illuminate/Http/Middleware/ValidatePostSize->handle(Object(Illuminate/Http/Request), Object(Closure))
#52 C:/Users/sumarin/Herd/foodpos-690916/foodpos/vendor/laravel/framework/src/Illuminate/Foundation/Http/Middleware/PreventRequestsDuringMaintenance.php(109): Illuminate/Pipeline/Pipeline->Illuminate/Pipeline/{closure}(Object(Illuminate/Http/Request))
#53 C:/Users/sumarin/Herd/foodpos-690916/foodpos/vendor/laravel/framework/src/Illuminate/Pipeline/Pipeline.php(219): Illuminate/Foundation/Http/Middleware/PreventRequestsDuringMaintenance->handle(Object(Illuminate/Http/Request), Object(Closure))
#54 C:/Users/sumarin/Herd/foodpos-690916/foodpos/vendor/laravel/framework/src/Illuminate/Http/Middleware/HandleCors.php(61): Illuminate/Pipeline/Pipeline->Illuminate/Pipeline/{closure}(Object(Illuminate/Http/Request))
#55 C:/Users/sumarin/Herd/foodpos-690916/foodpos/vendor/laravel/framework/src/Illuminate/Pipeline/Pipeline.php(219): Illuminate/Http/Middleware/HandleCors->handle(Object(Illuminate/Http/Request), Object(Closure))
#56 C:/Users/sumarin/Herd/foodpos-690916/foodpos/vendor/laravel/framework/src/Illuminate/Http/Middleware/TrustProxies.php(58): Illuminate/Pipeline/Pipeline->Illuminate/Pipeline/{closure}(Object(Illuminate/Http/Request))
#57 C:/Users/sumarin/Herd/foodpos-690916/foodpos/vendor/laravel/framework/src/Illuminate/Pipeline/Pipeline.php(219): Illuminate/Http/Middleware/TrustProxies->handle(Object(Illuminate/Http/Request), Object(Closure))
#58 C:/Users/sumarin/Herd/foodpos-690916/foodpos/vendor/laravel/framework/src/Illuminate/Foundation/Http/Middleware/InvokeDeferredCallbacks.php(22): Illuminate/Pipeline/Pipeline->Illuminate/Pipeline/{closure}(Object(Illuminate/Http/Request))
#59 C:/Users/sumarin/Herd/foodpos-690916/foodpos/vendor/laravel/framework/src/Illuminate/Pipeline/Pipeline.php(219): Illuminate/Foundation/Http/Middleware/InvokeDeferredCallbacks->handle(Object(Illuminate/Http/Request), Object(Closure))
#60 C:/Users/sumarin/Herd/foodpos-690916/foodpos/vendor/laravel/framework/src/Illuminate/Http/Middleware/ValidatePathEncoding.php(26): Illuminate/Pipeline/Pipeline->Illuminate/Pipeline/{closure}(Object(Illuminate/Http/Request))
#61 C:/Users/sumarin/Herd/foodpos-690916/foodpos/vendor/laravel/framework/src/Illuminate/Pipeline/Pipeline.php(219): Illuminate/Http/Middleware/ValidatePathEncoding->handle(Object(Illuminate/Http/Request), Object(Closure))
#62 C:/Users/sumarin/Herd/foodpos-690916/foodpos/vendor/laravel/framework/src/Illuminate/Pipeline/Pipeline.php(137): Illuminate/Pipeline/Pipeline->Illuminate/Pipeline/{closure}(Object(Illuminate/Http/Request))
#63 C:/Users/sumarin/Herd/foodpos-690916/foodpos/vendor/laravel/framework/src/Illuminate/Foundation/Http/Kernel.php(175): Illuminate/Pipeline/Pipeline->then(Object(Closure))
#64 C:/Users/sumarin/Herd/foodpos-690916/foodpos/vendor/laravel/framework/src/Illuminate/Foundation/Http/Kernel.php(144): Illuminate/Foundation/Http/Kernel->sendRequestThroughRouter(Object(Illuminate/Http/Request))
#65 C:/Users/sumarin/Herd/foodpos-690916/foodpos/vendor/laravel/framework/src/Illuminate/Foundation/Application.php(1220): Illuminate/Foundation/Http/Kernel->handle(Object(Illuminate/Http/Request))
#66 C:/Users/sumarin/Herd/foodpos-690916/foodpos/public/index.php(14): Illuminate/Foundation/Application->handleRequest(Object(Illuminate/Http/Request))
#67 C:/Users/sumarin/Herd/foodpos-690916/foodpos/vendor/laravel/framework/src/Illuminate/Foundation/resources/server.php(23): require_once('C://Users//sumari...')
#68 {main}
"} 
[2026-09-17 06:41:27] local.ERROR: Undefined array key 1 {"userId":1,"exception":"[object] (ErrorException(code: 0): Undefined array key 1 at C:/Users/sumarin/Herd/foodpos-690916/foodpos/vendor/laravel/framework/src/Illuminate/Collections/Collection.php:1972)
[stacktrace]
#0 C:/Users/sumarin/Herd/foodpos-690916/foodpos/vendor/laravel/framework/src/Illuminate/Foundation/Bootstrap/HandleExceptions.php(262): Illuminate/Foundation/Bootstrap/HandleExceptions->handleError(2, 'Undefined array...', 'C://Users//sumari...', 1972)
#1 C:/Users/sumarin/Herd/foodpos-690916/foodpos/vendor/laravel/framework/src/Illuminate/Collections/Collection.php(1972): Illuminate/Foundation/Bootstrap/HandleExceptions->Illuminate/Foundation/Bootstrap/{closure}(2, 'Undefined array...', 'C://Users//sumari...', 1972)
#2 C:/Users/sumarin/Herd/foodpos-690916/foodpos/app/Http/Controllers/BackOffice/SalesTargetController.php(48): Illuminate/Support/Collection->offsetGet(1)
#3 [internal function]: App/Http/Controllers/BackOffice/SalesTargetController->App/Http/Controllers/BackOffice/{closure}(1, 0)
#4 C:/Users/sumarin/Herd/foodpos-690916/foodpos/vendor/laravel/framework/src/Illuminate/Collections/Arr.php(841): array_map(Object(Closure), Array, Array)
#5 C:/Users/sumarin/Herd/foodpos-690916/foodpos/vendor/laravel/framework/src/Illuminate/Collections/Collection.php(829): Illuminate/Support/Arr::map(Array, Object(Closure))
#6 C:/Users/sumarin/Herd/foodpos-690916/foodpos/app/Http/Controllers/BackOffice/SalesTargetController.php(40): Illuminate/Support/Collection->map(Object(Closure))
#7 C:/Users/sumarin/Herd/foodpos-690916/foodpos/vendor/laravel/framework/src/Illuminate/Routing/ControllerDispatcher.php(46): App/Http/Controllers/BackOffice/SalesTargetController->index(Object(Illuminate/Http/Request), Object(App/Services/SalesTargetService))
#8 C:/Users/sumarin/Herd/foodpos-690916/foodpos/vendor/laravel/framework/src/Illuminate/Routing/Route.php(265): Illuminate/Routing/ControllerDispatcher->dispatch(Object(Illuminate/Routing/Route), Object(App/Http/Controllers/BackOffice/SalesTargetController), 'index')
#9 C:/Users/sumarin/Herd/foodpos-690916/foodpos/vendor/laravel/framework/src/Illuminate/Routing/Route.php(211): Illuminate/Routing/Route->runController()
#10 C:/Users/sumarin/Herd/foodpos-690916/foodpos/vendor/laravel/framework/src/Illuminate/Routing/Router.php(822): Illuminate/Routing/Route->run()
#11 C:/Users/sumarin/Herd/foodpos-690916/foodpos/vendor/laravel/framework/src/Illuminate/Pipeline/Pipeline.php(180): Illuminate/Routing/Router->Illuminate/Routing/{closure}(Object(Illuminate/Http/Request))
#12 C:/Users/sumarin/Herd/foodpos-690916/foodpos/app/Http/Middleware/EnsureUserHasPermission.php(25): Illuminate/Pipeline/Pipeline->Illuminate/Pipeline/{closure}(Object(Illuminate/Http/Request))
#13 C:/Users/sumarin/Herd/foodpos-690916/foodpos/vendor/laravel/framework/src/Illuminate/Pipeline/Pipeline.php(219): App/Http/Middleware/EnsureUserHasPermission->handle(Object(Illuminate/Http/Request), Object(Closure), 'branch.settings')
#14 C:/Users/sumarin/Herd/foodpos-690916/foodpos/app/Http/Middleware/EnsureUserHasPermission.php(25): Illuminate/Pipeline/Pipeline->Illuminate/Pipeline/{closure}(Object(Illuminate/Http/Request))
#15 C:/Users/sumarin/Herd/foodpos-690916/foodpos/vendor/laravel/framework/src/Illuminate/Pipeline/Pipeline.php(219): App/Http/Middleware/EnsureUserHasPermission->handle(Object(Illuminate/Http/Request), Object(Closure), 'backoffice.acce...')
#16 C:/Users/sumarin/Herd/foodpos-690916/foodpos/vendor/laravel/framework/src/Illuminate/Http/Middleware/AddLinkHeadersForPreloadedAssets.php(32): Illuminate/Pipeline/Pipeline->Illuminate/Pipeline/{closure}(Object(Illuminate/Http/Request))
#17 C:/Users/sumarin/Herd/foodpos-690916/foodpos/vendor/laravel/framework/src/Illuminate/Pipeline/Pipeline.php(219): Illuminate/Http/Middleware/AddLinkHeadersForPreloadedAssets->handle(Object(Illuminate/Http/Request), Object(Closure))
#18 C:/Users/sumarin/Herd/foodpos-690916/foodpos/vendor/inertiajs/inertia-laravel/src/Middleware.php(122): Illuminate/Pipeline/Pipeline->Illuminate/Pipeline/{closure}(Object(Illuminate/Http/Request))
#19 C:/Users/sumarin/Herd/foodpos-690916/foodpos/vendor/laravel/framework/src/Illuminate/Pipeline/Pipeline.php(219): Inertia/Middleware->handle(Object(Illuminate/Http/Request), Object(Closure))
#20 C:/Users/sumarin/Herd/foodpos-690916/foodpos/app/Http/Middleware/ResolveCurrentBranch.php(40): Illuminate/Pipeline/Pipeline->Illuminate/Pipeline/{closure}(Object(Illuminate/Http/Request))
#21 C:/Users/sumarin/Herd/foodpos-690916/foodpos/vendor/laravel/framework/src/Illuminate/Pipeline/Pipeline.php(219): App/Http/Middleware/ResolveCurrentBranch->handle(Object(Illuminate/Http/Request), Object(Closure))
#22 C:/Users/sumarin/Herd/foodpos-690916/foodpos/vendor/laravel/framework/src/Illuminate/Routing/Middleware/SubstituteBindings.php(50): Illuminate/Pipeline/Pipeline->Illuminate/Pipeline/{closure}(Object(Illuminate/Http/Request))
#23 C:/Users/sumarin/Herd/foodpos-690916/foodpos/vendor/laravel/framework/src/Illuminate/Pipeline/Pipeline.php(219): Illuminate/Routing/Middleware/SubstituteBindings->handle(Object(Illuminate/Http/Request), Object(Closure))
#24 C:/Users/sumarin/Herd/foodpos-690916/foodpos/vendor/laravel/framework/src/Illuminate/Auth/Middleware/Authenticate.php(63): Illuminate/Pipeline/Pipeline->Illuminate/Pipeline/{closure}(Object(Illuminate/Http/Request))
#25 C:/Users/sumarin/Herd/foodpos-690916/foodpos/vendor/laravel/framework/src/Illuminate/Pipeline/Pipeline.php(219): Illuminate/Auth/Middleware/Authenticate->handle(Object(Illuminate/Http/Request), Object(Closure))
#26 C:/Users/sumarin/Herd/foodpos-690916/foodpos/vendor/laravel/framework/src/Illuminate/Foundation/Http/Middleware/VerifyCsrfToken.php(87): Illuminate/Pipeline/Pipeline->Illuminate/Pipeline/{closure}(Object(Illuminate/Http/Request))
#27 C:/Users/sumarin/Herd/foodpos-690916/foodpos/vendor/laravel/framework/src/Illuminate/Pipeline/Pipeline.php(219): Illuminate/Foundation/Http/Middleware/VerifyCsrfToken->handle(Object(Illuminate/Http/Request), Object(Closure))
#28 C:/Users/sumarin/Herd/foodpos-690916/foodpos/vendor/laravel/framework/src/Illuminate/View/Middleware/ShareErrorsFromSession.php(48): Illuminate/Pipeline/Pipeline->Illuminate/Pipeline/{closure}(Object(Illuminate/Http/Request))
#29 C:/Users/sumarin/Herd/foodpos-690916/foodpos/vendor/laravel/framework/src/Illuminate/Pipeline/Pipeline.php(219): Illuminate/View/Middleware/ShareErrorsFromSession->handle(Object(Illuminate/Http/Request), Object(Closure))
#30 C:/Users/sumarin/Herd/foodpos-690916/foodpos/vendor/laravel/framework/src/Illuminate/Session/Middleware/StartSession.php(120): Illuminate/Pipeline/Pipeline->Illuminate/Pipeline/{closure}(Object(Illuminate/Http/Request))
#31 C:/Users/sumarin/Herd/foodpos-690916/foodpos/vendor/laravel/framework/src/Illuminate/Session/Middleware/StartSession.php(63): Illuminate/Session/Middleware/StartSession->handleStatefulRequest(Object(Illuminate/Http/Request), Object(Illuminate/Session/Store), Object(Closure))
#32 C:/Users/sumarin/Herd/foodpos-690916/foodpos/vendor/laravel/framework/src/Illuminate/Pipeline/Pipeline.php(219): Illuminate/Session/Middleware/StartSession->handle(Object(Illuminate/Http/Request), Object(Closure))
#33 C:/Users/sumarin/Herd/foodpos-690916/foodpos/vendor/laravel/framework/src/Illuminate/Cookie/Middleware/AddQueuedCookiesToResponse.php(36): Illuminate/Pipeline/Pipeline->Illuminate/Pipeline/{closure}(Object(Illuminate/Http/Request))
#34 C:/Users/sumarin/Herd/foodpos-690916/foodpos/vendor/laravel/framework/src/Illuminate/Pipeline/Pipeline.php(219): Illuminate/Cookie/Middleware/AddQueuedCookiesToResponse->handle(Object(Illuminate/Http/Request), Object(Closure))
#35 C:/Users/sumarin/Herd/foodpos-690916/foodpos/vendor/laravel/framework/src/Illuminate/Cookie/Middleware/EncryptCookies.php(74): Illuminate/Pipeline/Pipeline->Illuminate/Pipeline/{closure}(Object(Illuminate/Http/Request))
#36 C:/Users/sumarin/Herd/foodpos-690916/foodpos/vendor/laravel/framework/src/Illuminate/Pipeline/Pipeline.php(219): Illuminate/Cookie/Middleware/EncryptCookies->handle(Object(Illuminate/Http/Request), Object(Closure))
#37 C:/Users/sumarin/Herd/foodpos-690916/foodpos/vendor/laravel/framework/src/Illuminate/Pipeline/Pipeline.php(137): Illuminate/Pipeline/Pipeline->Illuminate/Pipeline/{closure}(Object(Illuminate/Http/Request))
#38 C:/Users/sumarin/Herd/foodpos-690916/foodpos/vendor/laravel/framework/src/Illuminate/Routing/Router.php(821): Illuminate/Pipeline/Pipeline->then(Object(Closure))
#39 C:/Users/sumarin/Herd/foodpos-690916/foodpos/vendor/laravel/framework/src/Illuminate/Routing/Router.php(800): Illuminate/Routing/Router->runRouteWithinStack(Object(Illuminate/Routing/Route), Object(Illuminate/Http/Request))
#40 C:/Users/sumarin/Herd/foodpos-690916/foodpos/vendor/laravel/framework/src/Illuminate/Routing/Router.php(764): Illuminate/Routing/Router->runRoute(Object(Illuminate/Http/Request), Object(Illuminate/Routing/Route))
#41 C:/Users/sumarin/Herd/foodpos-690916/foodpos/vendor/laravel/framework/src/Illuminate/Routing/Router.php(753): Illuminate/Routing/Router->dispatchToRoute(Object(Illuminate/Http/Request))
#42 C:/Users/sumarin/Herd/foodpos-690916/foodpos/vendor/laravel/framework/src/Illuminate/Foundation/Http/Kernel.php(200): Illuminate/Routing/Router->dispatch(Object(Illuminate/Http/Request))
#43 C:/Users/sumarin/Herd/foodpos-690916/foodpos/vendor/laravel/framework/src/Illuminate/Pipeline/Pipeline.php(180): Illuminate/Foundation/Http/Kernel->Illuminate/Foundation/Http/{closure}(Object(Illuminate/Http/Request))
#44 C:/Users/sumarin/Herd/foodpos-690916/foodpos/vendor/laravel/framework/src/Illuminate/Foundation/Http/Middleware/TransformsRequest.php(21): Illuminate/Pipeline/Pipeline->Illuminate/Pipeline/{closure}(Object(Illuminate/Http/Request))
#45 C:/Users/sumarin/Herd/foodpos-690916/foodpos/vendor/laravel/framework/src/Illuminate/Foundation/Http/Middleware/ConvertEmptyStringsToNull.php(31): Illuminate/Foundation/Http/Middleware/TransformsRequest->handle(Object(Illuminate/Http/Request), Object(Closure))
#46 C:/Users/sumarin/Herd/foodpos-690916/foodpos/vendor/laravel/framework/src/Illuminate/Pipeline/Pipeline.php(219): Illuminate/Foundation/Http/Middleware/ConvertEmptyStringsToNull->handle(Object(Illuminate/Http/Request), Object(Closure))
#47 C:/Users/sumarin/Herd/foodpos-690916/foodpos/vendor/laravel/framework/src/Illuminate/Foundation/Http/Middleware/TransformsRequest.php(21): Illuminate/Pipeline/Pipeline->Illuminate/Pipeline/{closure}(Object(Illuminate/Http/Request))
#48 C:/Users/sumarin/Herd/foodpos-690916/foodpos/vendor/laravel/framework/src/Illuminate/Foundation/Http/Middleware/TrimStrings.php(51): Illuminate/Foundation/Http/Middleware/TransformsRequest->handle(Object(Illuminate/Http/Request), Object(Closure))
#49 C:/Users/sumarin/Herd/foodpos-690916/foodpos/vendor/laravel/framework/src/Illuminate/Pipeline/Pipeline.php(219): Illuminate/Foundation/Http/Middleware/TrimStrings->handle(Object(Illuminate/Http/Request), Object(Closure))
#50 C:/Users/sumarin/Herd/foodpos-690916/foodpos/vendor/laravel/framework/src/Illuminate/Http/Middleware/ValidatePostSize.php(27): Illuminate/Pipeline/Pipeline->Illuminate/Pipeline/{closure}(Object(Illuminate/Http/Request))
#51 C:/Users/sumarin/Herd/foodpos-690916/foodpos/vendor/laravel/framework/src/Illuminate/Pipeline/Pipeline.php(219): Illuminate/Http/Middleware/ValidatePostSize->handle(Object(Illuminate/Http/Request), Object(Closure))
#52 C:/Users/sumarin/Herd/foodpos-690916/foodpos/vendor/laravel/framework/src/Illuminate/Foundation/Http/Middleware/PreventRequestsDuringMaintenance.php(109): Illuminate/Pipeline/Pipeline->Illuminate/Pipeline/{closure}(Object(Illuminate/Http/Request))
#53 C:/Users/sumarin/Herd/foodpos-690916/foodpos/vendor/laravel/framework/src/Illuminate/Pipeline/Pipeline.php(219): Illuminate/Foundation/Http/Middleware/PreventRequestsDuringMaintenance->handle(Object(Illuminate/Http/Request), Object(Closure))
#54 C:/Users/sumarin/Herd/foodpos-690916/foodpos/vendor/laravel/framework/src/Illuminate/Http/Middleware/HandleCors.php(61): Illuminate/Pipeline/Pipeline->Illuminate/Pipeline/{closure}(Object(Illuminate/Http/Request))
#55 C:/Users/sumarin/Herd/foodpos-690916/foodpos/vendor/laravel/framework/src/Illuminate/Pipeline/Pipeline.php(219): Illuminate/Http/Middleware/HandleCors->handle(Object(Illuminate/Http/Request), Object(Closure))
#56 C:/Users/sumarin/Herd/foodpos-690916/foodpos/vendor/laravel/framework/src/Illuminate/Http/Middleware/TrustProxies.php(58): Illuminate/Pipeline/Pipeline->Illuminate/Pipeline/{closure}(Object(Illuminate/Http/Request))
#57 C:/Users/sumarin/Herd/foodpos-690916/foodpos/vendor/laravel/framework/src/Illuminate/Pipeline/Pipeline.php(219): Illuminate/Http/Middleware/TrustProxies->handle(Object(Illuminate/Http/Request), Object(Closure))
#58 C:/Users/sumarin/Herd/foodpos-690916/foodpos/vendor/laravel/framework/src/Illuminate/Foundation/Http/Middleware/InvokeDeferredCallbacks.php(22): Illuminate/Pipeline/Pipeline->Illuminate/Pipeline/{closure}(Object(Illuminate/Http/Request))
#59 C:/Users/sumarin/Herd/foodpos-690916/foodpos/vendor/laravel/framework/src/Illuminate/Pipeline/Pipeline.php(219): Illuminate/Foundation/Http/Middleware/InvokeDeferredCallbacks->handle(Object(Illuminate/Http/Request), Object(Closure))
#60 C:/Users/sumarin/Herd/foodpos-690916/foodpos/vendor/laravel/framework/src/Illuminate/Http/Middleware/ValidatePathEncoding.php(26): Illuminate/Pipeline/Pipeline->Illuminate/Pipeline/{closure}(Object(Illuminate/Http/Request))
#61 C:/Users/sumarin/Herd/foodpos-690916/foodpos/vendor/laravel/framework/src/Illuminate/Pipeline/Pipeline.php(219): Illuminate/Http/Middleware/ValidatePathEncoding->handle(Object(Illuminate/Http/Request), Object(Closure))
#62 C:/Users/sumarin/Herd/foodpos-690916/foodpos/vendor/laravel/framework/src/Illuminate/Pipeline/Pipeline.php(137): Illuminate/Pipeline/Pipeline->Illuminate/Pipeline/{closure}(Object(Illuminate/Http/Request))
#63 C:/Users/sumarin/Herd/foodpos-690916/foodpos/vendor/laravel/framework/src/Illuminate/Foundation/Http/Kernel.php(175): Illuminate/Pipeline/Pipeline->then(Object(Closure))
#64 C:/Users/sumarin/Herd/foodpos-690916/foodpos/vendor/laravel/framework/src/Illuminate/Foundation/Http/Kernel.php(144): Illuminate/Foundation/Http/Kernel->sendRequestThroughRouter(Object(Illuminate/Http/Request))
#65 C:/Users/sumarin/Herd/foodpos-690916/foodpos/vendor/laravel/framework/src/Illuminate/Foundation/Application.php(1220): Illuminate/Foundation/Http/Kernel->handle(Object(Illuminate/Http/Request))
#66 C:/Users/sumarin/Herd/foodpos-690916/foodpos/public/index.php(14): Illuminate/Foundation/Application->handleRequest(Object(Illuminate/Http/Request))
#67 C:/Users/sumarin/Herd/foodpos-690916/foodpos/vendor/laravel/framework/src/Illuminate/Foundation/resources/server.php(23): require_once('C://Users//sumari...')
#68 {main}
"} 
[2026-09-17 06:46:38] local.ERROR: Undefined array key 1 {"userId":1,"exception":"[object] (ErrorException(code: 0): Undefined array key 1 at C:/Users/sumarin/Herd/foodpos-690916/foodpos/vendor/laravel/framework/src/Illuminate/Collections/Collection.php:1972)
[stacktrace]
#0 C:/Users/sumarin/Herd/foodpos-690916/foodpos/vendor/laravel/framework/src/Illuminate/Foundation/Bootstrap/HandleExceptions.php(262): Illuminate/Foundation/Bootstrap/HandleExceptions->handleError(2, 'Undefined array...', 'C://Users//sumari...', 1972)
#1 C:/Users/sumarin/Herd/foodpos-690916/foodpos/vendor/laravel/framework/src/Illuminate/Collections/Collection.php(1972): Illuminate/Foundation/Bootstrap/HandleExceptions->Illuminate/Foundation/Bootstrap/{closure}(2, 'Undefined array...', 'C://Users//sumari...', 1972)
#2 C:/Users/sumarin/Herd/foodpos-690916/foodpos/app/Http/Controllers/BackOffice/SalesTargetController.php(48): Illuminate/Support/Collection->offsetGet(1)
#3 [internal function]: App/Http/Controllers/BackOffice/SalesTargetController->App/Http/Controllers/BackOffice/{closure}(1, 0)
#4 C:/Users/sumarin/Herd/foodpos-690916/foodpos/vendor/laravel/framework/src/Illuminate/Collections/Arr.php(841): array_map(Object(Closure), Array, Array)
#5 C:/Users/sumarin/Herd/foodpos-690916/foodpos/vendor/laravel/framework/src/Illuminate/Collections/Collection.php(829): Illuminate/Support/Arr::map(Array, Object(Closure))
#6 C:/Users/sumarin/Herd/foodpos-690916/foodpos/app/Http/Controllers/BackOffice/SalesTargetController.php(40): Illuminate/Support/Collection->map(Object(Closure))
#7 C:/Users/sumarin/Herd/foodpos-690916/foodpos/vendor/laravel/framework/src/Illuminate/Routing/ControllerDispatcher.php(46): App/Http/Controllers/BackOffice/SalesTargetController->index(Object(Illuminate/Http/Request), Object(App/Services/SalesTargetService))
#8 C:/Users/sumarin/Herd/foodpos-690916/foodpos/vendor/laravel/framework/src/Illuminate/Routing/Route.php(265): Illuminate/Routing/ControllerDispatcher->dispatch(Object(Illuminate/Routing/Route), Object(App/Http/Controllers/BackOffice/SalesTargetController), 'index')
#9 C:/Users/sumarin/Herd/foodpos-690916/foodpos/vendor/laravel/framework/src/Illuminate/Routing/Route.php(211): Illuminate/Routing/Route->runController()
#10 C:/Users/sumarin/Herd/foodpos-690916/foodpos/vendor/laravel/framework/src/Illuminate/Routing/Router.php(822): Illuminate/Routing/Route->run()
#11 C:/Users/sumarin/Herd/foodpos-690916/foodpos/vendor/laravel/framework/src/Illuminate/Pipeline/Pipeline.php(180): Illuminate/Routing/Router->Illuminate/Routing/{closure}(Object(Illuminate/Http/Request))
#12 C:/Users/sumarin/Herd/foodpos-690916/foodpos/app/Http/Middleware/EnsureUserHasPermission.php(25): Illuminate/Pipeline/Pipeline->Illuminate/Pipeline/{closure}(Object(Illuminate/Http/Request))
#13 C:/Users/sumarin/Herd/foodpos-690916/foodpos/vendor/laravel/framework/src/Illuminate/Pipeline/Pipeline.php(219): App/Http/Middleware/EnsureUserHasPermission->handle(Object(Illuminate/Http/Request), Object(Closure), 'branch.settings')
#14 C:/Users/sumarin/Herd/foodpos-690916/foodpos/app/Http/Middleware/EnsureUserHasPermission.php(25): Illuminate/Pipeline/Pipeline->Illuminate/Pipeline/{closure}(Object(Illuminate/Http/Request))
#15 C:/Users/sumarin/Herd/foodpos-690916/foodpos/vendor/laravel/framework/src/Illuminate/Pipeline/Pipeline.php(219): App/Http/Middleware/EnsureUserHasPermission->handle(Object(Illuminate/Http/Request), Object(Closure), 'backoffice.acce...')
#16 C:/Users/sumarin/Herd/foodpos-690916/foodpos/vendor/laravel/framework/src/Illuminate/Http/Middleware/AddLinkHeadersForPreloadedAssets.php(32): Illuminate/Pipeline/Pipeline->Illuminate/Pipeline/{closure}(Object(Illuminate/Http/Request))
#17 C:/Users/sumarin/Herd/foodpos-690916/foodpos/vendor/laravel/framework/src/Illuminate/Pipeline/Pipeline.php(219): Illuminate/Http/Middleware/AddLinkHeadersForPreloadedAssets->handle(Object(Illuminate/Http/Request), Object(Closure))
#18 C:/Users/sumarin/Herd/foodpos-690916/foodpos/vendor/inertiajs/inertia-laravel/src/Middleware.php(122): Illuminate/Pipeline/Pipeline->Illuminate/Pipeline/{closure}(Object(Illuminate/Http/Request))
#19 C:/Users/sumarin/Herd/foodpos-690916/foodpos/vendor/laravel/framework/src/Illuminate/Pipeline/Pipeline.php(219): Inertia/Middleware->handle(Object(Illuminate/Http/Request), Object(Closure))
#20 C:/Users/sumarin/Herd/foodpos-690916/foodpos/app/Http/Middleware/ResolveCurrentBranch.php(40): Illuminate/Pipeline/Pipeline->Illuminate/Pipeline/{closure}(Object(Illuminate/Http/Request))
#21 C:/Users/sumarin/Herd/foodpos-690916/foodpos/vendor/laravel/framework/src/Illuminate/Pipeline/Pipeline.php(219): App/Http/Middleware/ResolveCurrentBranch->handle(Object(Illuminate/Http/Request), Object(Closure))
#22 C:/Users/sumarin/Herd/foodpos-690916/foodpos/vendor/laravel/framework/src/Illuminate/Routing/Middleware/SubstituteBindings.php(50): Illuminate/Pipeline/Pipeline->Illuminate/Pipeline/{closure}(Object(Illuminate/Http/Request))
#23 C:/Users/sumarin/Herd/foodpos-690916/foodpos/vendor/laravel/framework/src/Illuminate/Pipeline/Pipeline.php(219): Illuminate/Routing/Middleware/SubstituteBindings->handle(Object(Illuminate/Http/Request), Object(Closure))
#24 C:/Users/sumarin/Herd/foodpos-690916/foodpos/vendor/laravel/framework/src/Illuminate/Auth/Middleware/Authenticate.php(63): Illuminate/Pipeline/Pipeline->Illuminate/Pipeline/{closure}(Object(Illuminate/Http/Request))
#25 C:/Users/sumarin/Herd/foodpos-690916/foodpos/vendor/laravel/framework/src/Illuminate/Pipeline/Pipeline.php(219): Illuminate/Auth/Middleware/Authenticate->handle(Object(Illuminate/Http/Request), Object(Closure))
#26 C:/Users/sumarin/Herd/foodpos-690916/foodpos/vendor/laravel/framework/src/Illuminate/Foundation/Http/Middleware/VerifyCsrfToken.php(87): Illuminate/Pipeline/Pipeline->Illuminate/Pipeline/{closure}(Object(Illuminate/Http/Request))
#27 C:/Users/sumarin/Herd/foodpos-690916/foodpos/vendor/laravel/framework/src/Illuminate/Pipeline/Pipeline.php(219): Illuminate/Foundation/Http/Middleware/VerifyCsrfToken->handle(Object(Illuminate/Http/Request), Object(Closure))
#28 C:/Users/sumarin/Herd/foodpos-690916/foodpos/vendor/laravel/framework/src/Illuminate/View/Middleware/ShareErrorsFromSession.php(48): Illuminate/Pipeline/Pipeline->Illuminate/Pipeline/{closure}(Object(Illuminate/Http/Request))
#29 C:/Users/sumarin/Herd/foodpos-690916/foodpos/vendor/laravel/framework/src/Illuminate/Pipeline/Pipeline.php(219): Illuminate/View/Middleware/ShareErrorsFromSession->handle(Object(Illuminate/Http/Request), Object(Closure))
#30 C:/Users/sumarin/Herd/foodpos-690916/foodpos/vendor/laravel/framework/src/Illuminate/Session/Middleware/StartSession.php(120): Illuminate/Pipeline/Pipeline->Illuminate/Pipeline/{closure}(Object(Illuminate/Http/Request))
#31 C:/Users/sumarin/Herd/foodpos-690916/foodpos/vendor/laravel/framework/src/Illuminate/Session/Middleware/StartSession.php(63): Illuminate/Session/Middleware/StartSession->handleStatefulRequest(Object(Illuminate/Http/Request), Object(Illuminate/Session/Store), Object(Closure))
#32 C:/Users/sumarin/Herd/foodpos-690916/foodpos/vendor/laravel/framework/src/Illuminate/Pipeline/Pipeline.php(219): Illuminate/Session/Middleware/StartSession->handle(Object(Illuminate/Http/Request), Object(Closure))
#33 C:/Users/sumarin/Herd/foodpos-690916/foodpos/vendor/laravel/framework/src/Illuminate/Cookie/Middleware/AddQueuedCookiesToResponse.php(36): Illuminate/Pipeline/Pipeline->Illuminate/Pipeline/{closure}(Object(Illuminate/Http/Request))
#34 C:/Users/sumarin/Herd/foodpos-690916/foodpos/vendor/laravel/framework/src/Illuminate/Pipeline/Pipeline.php(219): Illuminate/Cookie/Middleware/AddQueuedCookiesToResponse->handle(Object(Illuminate/Http/Request), Object(Closure))
#35 C:/Users/sumarin/Herd/foodpos-690916/foodpos/vendor/laravel/framework/src/Illuminate/Cookie/Middleware/EncryptCookies.php(74): Illuminate/Pipeline/Pipeline->Illuminate/Pipeline/{closure}(Object(Illuminate/Http/Request))
#36 C:/Users/sumarin/Herd/foodpos-690916/foodpos/vendor/laravel/framework/src/Illuminate/Pipeline/Pipeline.php(219): Illuminate/Cookie/Middleware/EncryptCookies->handle(Object(Illuminate/Http/Request), Object(Closure))
#37 C:/Users/sumarin/Herd/foodpos-690916/foodpos/vendor/laravel/framework/src/Illuminate/Pipeline/Pipeline.php(137): Illuminate/Pipeline/Pipeline->Illuminate/Pipeline/{closure}(Object(Illuminate/Http/Request))
#38 C:/Users/sumarin/Herd/foodpos-690916/foodpos/vendor/laravel/framework/src/Illuminate/Routing/Router.php(821): Illuminate/Pipeline/Pipeline->then(Object(Closure))
#39 C:/Users/sumarin/Herd/foodpos-690916/foodpos/vendor/laravel/framework/src/Illuminate/Routing/Router.php(800): Illuminate/Routing/Router->runRouteWithinStack(Object(Illuminate/Routing/Route), Object(Illuminate/Http/Request))
#40 C:/Users/sumarin/Herd/foodpos-690916/foodpos/vendor/laravel/framework/src/Illuminate/Routing/Router.php(764): Illuminate/Routing/Router->runRoute(Object(Illuminate/Http/Request), Object(Illuminate/Routing/Route))
#41 C:/Users/sumarin/Herd/foodpos-690916/foodpos/vendor/laravel/framework/src/Illuminate/Routing/Router.php(753): Illuminate/Routing/Router->dispatchToRoute(Object(Illuminate/Http/Request))
#42 C:/Users/sumarin/Herd/foodpos-690916/foodpos/vendor/laravel/framework/src/Illuminate/Foundation/Http/Kernel.php(200): Illuminate/Routing/Router->dispatch(Object(Illuminate/Http/Request))
#43 C:/Users/sumarin/Herd/foodpos-690916/foodpos/vendor/laravel/framework/src/Illuminate/Pipeline/Pipeline.php(180): Illuminate/Foundation/Http/Kernel->Illuminate/Foundation/Http/{closure}(Object(Illuminate/Http/Request))
#44 C:/Users/sumarin/Herd/foodpos-690916/foodpos/vendor/laravel/framework/src/Illuminate/Foundation/Http/Middleware/TransformsRequest.php(21): Illuminate/Pipeline/Pipeline->Illuminate/Pipeline/{closure}(Object(Illuminate/Http/Request))
#45 C:/Users/sumarin/Herd/foodpos-690916/foodpos/vendor/laravel/framework/src/Illuminate/Foundation/Http/Middleware/ConvertEmptyStringsToNull.php(31): Illuminate/Foundation/Http/Middleware/TransformsRequest->handle(Object(Illuminate/Http/Request), Object(Closure))
#46 C:/Users/sumarin/Herd/foodpos-690916/foodpos/vendor/laravel/framework/src/Illuminate/Pipeline/Pipeline.php(219): Illuminate/Foundation/Http/Middleware/ConvertEmptyStringsToNull->handle(Object(Illuminate/Http/Request), Object(Closure))
#47 C:/Users/sumarin/Herd/foodpos-690916/foodpos/vendor/laravel/framework/src/Illuminate/Foundation/Http/Middleware/TransformsRequest.php(21): Illuminate/Pipeline/Pipeline->Illuminate/Pipeline/{closure}(Object(Illuminate/Http/Request))
#48 C:/Users/sumarin/Herd/foodpos-690916/foodpos/vendor/laravel/framework/src/Illuminate/Foundation/Http/Middleware/TrimStrings.php(51): Illuminate/Foundation/Http/Middleware/TransformsRequest->handle(Object(Illuminate/Http/Request), Object(Closure))
#49 C:/Users/sumarin/Herd/foodpos-690916/foodpos/vendor/laravel/framework/src/Illuminate/Pipeline/Pipeline.php(219): Illuminate/Foundation/Http/Middleware/TrimStrings->handle(Object(Illuminate/Http/Request), Object(Closure))
#50 C:/Users/sumarin/Herd/foodpos-690916/foodpos/vendor/laravel/framework/src/Illuminate/Http/Middleware/ValidatePostSize.php(27): Illuminate/Pipeline/Pipeline->Illuminate/Pipeline/{closure}(Object(Illuminate/Http/Request))
#51 C:/Users/sumarin/Herd/foodpos-690916/foodpos/vendor/laravel/framework/src/Illuminate/Pipeline/Pipeline.php(219): Illuminate/Http/Middleware/ValidatePostSize->handle(Object(Illuminate/Http/Request), Object(Closure))
#52 C:/Users/sumarin/Herd/foodpos-690916/foodpos/vendor/laravel/framework/src/Illuminate/Foundation/Http/Middleware/PreventRequestsDuringMaintenance.php(109): Illuminate/Pipeline/Pipeline->Illuminate/Pipeline/{closure}(Object(Illuminate/Http/Request))
#53 C:/Users/sumarin/Herd/foodpos-690916/foodpos/vendor/laravel/framework/src/Illuminate/Pipeline/Pipeline.php(219): Illuminate/Foundation/Http/Middleware/PreventRequestsDuringMaintenance->handle(Object(Illuminate/Http/Request), Object(Closure))
#54 C:/Users/sumarin/Herd/foodpos-690916/foodpos/vendor/laravel/framework/src/Illuminate/Http/Middleware/HandleCors.php(61): Illuminate/Pipeline/Pipeline->Illuminate/Pipeline/{closure}(Object(Illuminate/Http/Request))
#55 C:/Users/sumarin/Herd/foodpos-690916/foodpos/vendor/laravel/framework/src/Illuminate/Pipeline/Pipeline.php(219): Illuminate/Http/Middleware/HandleCors->handle(Object(Illuminate/Http/Request), Object(Closure))
#56 C:/Users/sumarin/Herd/foodpos-690916/foodpos/vendor/laravel/framework/src/Illuminate/Http/Middleware/TrustProxies.php(58): Illuminate/Pipeline/Pipeline->Illuminate/Pipeline/{closure}(Object(Illuminate/Http/Request))
#57 C:/Users/sumarin/Herd/foodpos-690916/foodpos/vendor/laravel/framework/src/Illuminate/Pipeline/Pipeline.php(219): Illuminate/Http/Middleware/TrustProxies->handle(Object(Illuminate/Http/Request), Object(Closure))
#58 C:/Users/sumarin/Herd/foodpos-690916/foodpos/vendor/laravel/framework/src/Illuminate/Foundation/Http/Middleware/InvokeDeferredCallbacks.php(22): Illuminate/Pipeline/Pipeline->Illuminate/Pipeline/{closure}(Object(Illuminate/Http/Request))
#59 C:/Users/sumarin/Herd/foodpos-690916/foodpos/vendor/laravel/framework/src/Illuminate/Pipeline/Pipeline.php(219): Illuminate/Foundation/Http/Middleware/InvokeDeferredCallbacks->handle(Object(Illuminate/Http/Request), Object(Closure))
#60 C:/Users/sumarin/Herd/foodpos-690916/foodpos/vendor/laravel/framework/src/Illuminate/Http/Middleware/ValidatePathEncoding.php(26): Illuminate/Pipeline/Pipeline->Illuminate/Pipeline/{closure}(Object(Illuminate/Http/Request))
#61 C:/Users/sumarin/Herd/foodpos-690916/foodpos/vendor/laravel/framework/src/Illuminate/Pipeline/Pipeline.php(219): Illuminate/Http/Middleware/ValidatePathEncoding->handle(Object(Illuminate/Http/Request), Object(Closure))
#62 C:/Users/sumarin/Herd/foodpos-690916/foodpos/vendor/laravel/framework/src/Illuminate/Pipeline/Pipeline.php(137): Illuminate/Pipeline/Pipeline->Illuminate/Pipeline/{closure}(Object(Illuminate/Http/Request))
#63 C:/Users/sumarin/Herd/foodpos-690916/foodpos/vendor/laravel/framework/src/Illuminate/Foundation/Http/Kernel.php(175): Illuminate/Pipeline/Pipeline->then(Object(Closure))
#64 C:/Users/sumarin/Herd/foodpos-690916/foodpos/vendor/laravel/framework/src/Illuminate/Foundation/Http/Kernel.php(144): Illuminate/Foundation/Http/Kernel->sendRequestThroughRouter(Object(Illuminate/Http/Request))
#65 C:/Users/sumarin/Herd/foodpos-690916/foodpos/vendor/laravel/framework/src/Illuminate/Foundation/Application.php(1220): Illuminate/Foundation/Http/Kernel->handle(Object(Illuminate/Http/Request))
#66 C:/Users/sumarin/Herd/foodpos-690916/foodpos/public/index.php(14): Illuminate/Foundation/Application->handleRequest(Object(Illuminate/Http/Request))
#67 C:/Users/sumarin/Herd/foodpos-690916/foodpos/vendor/laravel/framework/src/Illuminate/Foundation/resources/server.php(23): require_once('C://Users//sumari...')
#68 {main}
"} 
[2026-09-17 08:09:42] local.INFO: [FoodPOS OTP] ยังไม่ได้ต่อบริการ SMS — รหัสถูกเขียนลง log เท่านั้น {"phone":"0908256043","code":"821313","expires_in_minutes":5} 
[2026-09-17 08:10:49] local.INFO: [FoodPOS OTP] ยังไม่ได้ต่อบริการ SMS — รหัสถูกเขียนลง log เท่านั้น {"phone":"0908256043","code":"034837","expires_in_minutes":5} 
[2026-09-17 08:17:54] local.ERROR: Undefined array key 1 {"userId":1,"exception":"[object] (ErrorException(code: 0): Undefined array key 1 at C:/Users/sumarin/Herd/foodpos-690916/foodpos/vendor/laravel/framework/src/Illuminate/Collections/Collection.php:1972)
[stacktrace]
#0 C:/Users/sumarin/Herd/foodpos-690916/foodpos/vendor/laravel/framework/src/Illuminate/Foundation/Bootstrap/HandleExceptions.php(262): Illuminate/Foundation/Bootstrap/HandleExceptions->handleError(2, 'Undefined array...', 'C://Users//sumari...', 1972)
#1 C:/Users/sumarin/Herd/foodpos-690916/foodpos/vendor/laravel/framework/src/Illuminate/Collections/Collection.php(1972): Illuminate/Foundation/Bootstrap/HandleExceptions->Illuminate/Foundation/Bootstrap/{closure}(2, 'Undefined array...', 'C://Users//sumari...', 1972)
#2 C:/Users/sumarin/Herd/foodpos-690916/foodpos/app/Http/Controllers/BackOffice/SalesTargetController.php(48): Illuminate/Support/Collection->offsetGet(1)
#3 [internal function]: App/Http/Controllers/BackOffice/SalesTargetController->App/Http/Controllers/BackOffice/{closure}(1, 0)
#4 C:/Users/sumarin/Herd/foodpos-690916/foodpos/vendor/laravel/framework/src/Illuminate/Collections/Arr.php(841): array_map(Object(Closure), Array, Array)
#5 C:/Users/sumarin/Herd/foodpos-690916/foodpos/vendor/laravel/framework/src/Illuminate/Collections/Collection.php(829): Illuminate/Support/Arr::map(Array, Object(Closure))
#6 C:/Users/sumarin/Herd/foodpos-690916/foodpos/app/Http/Controllers/BackOffice/SalesTargetController.php(40): Illuminate/Support/Collection->map(Object(Closure))
#7 C:/Users/sumarin/Herd/foodpos-690916/foodpos/vendor/laravel/framework/src/Illuminate/Routing/ControllerDispatcher.php(46): App/Http/Controllers/BackOffice/SalesTargetController->index(Object(Illuminate/Http/Request), Object(App/Services/SalesTargetService))
#8 C:/Users/sumarin/Herd/foodpos-690916/foodpos/vendor/laravel/framework/src/Illuminate/Routing/Route.php(265): Illuminate/Routing/ControllerDispatcher->dispatch(Object(Illuminate/Routing/Route), Object(App/Http/Controllers/BackOffice/SalesTargetController), 'index')
#9 C:/Users/sumarin/Herd/foodpos-690916/foodpos/vendor/laravel/framework/src/Illuminate/Routing/Route.php(211): Illuminate/Routing/Route->runController()
#10 C:/Users/sumarin/Herd/foodpos-690916/foodpos/vendor/laravel/framework/src/Illuminate/Routing/Router.php(822): Illuminate/Routing/Route->run()
#11 C:/Users/sumarin/Herd/foodpos-690916/foodpos/vendor/laravel/framework/src/Illuminate/Pipeline/Pipeline.php(180): Illuminate/Routing/Router->Illuminate/Routing/{closure}(Object(Illuminate/Http/Request))
#12 C:/Users/sumarin/Herd/foodpos-690916/foodpos/app/Http/Middleware/EnsureUserHasPermission.php(25): Illuminate/Pipeline/Pipeline->Illuminate/Pipeline/{closure}(Object(Illuminate/Http/Request))
#13 C:/Users/sumarin/Herd/foodpos-690916/foodpos/vendor/laravel/framework/src/Illuminate/Pipeline/Pipeline.php(219): App/Http/Middleware/EnsureUserHasPermission->handle(Object(Illuminate/Http/Request), Object(Closure), 'branch.settings')
#14 C:/Users/sumarin/Herd/foodpos-690916/foodpos/app/Http/Middleware/EnsureUserHasPermission.php(25): Illuminate/Pipeline/Pipeline->Illuminate/Pipeline/{closure}(Object(Illuminate/Http/Request))
#15 C:/Users/sumarin/Herd/foodpos-690916/foodpos/vendor/laravel/framework/src/Illuminate/Pipeline/Pipeline.php(219): App/Http/Middleware/EnsureUserHasPermission->handle(Object(Illuminate/Http/Request), Object(Closure), 'backoffice.acce...')
#16 C:/Users/sumarin/Herd/foodpos-690916/foodpos/vendor/laravel/framework/src/Illuminate/Http/Middleware/AddLinkHeadersForPreloadedAssets.php(32): Illuminate/Pipeline/Pipeline->Illuminate/Pipeline/{closure}(Object(Illuminate/Http/Request))
#17 C:/Users/sumarin/Herd/foodpos-690916/foodpos/vendor/laravel/framework/src/Illuminate/Pipeline/Pipeline.php(219): Illuminate/Http/Middleware/AddLinkHeadersForPreloadedAssets->handle(Object(Illuminate/Http/Request), Object(Closure))
#18 C:/Users/sumarin/Herd/foodpos-690916/foodpos/vendor/inertiajs/inertia-laravel/src/Middleware.php(122): Illuminate/Pipeline/Pipeline->Illuminate/Pipeline/{closure}(Object(Illuminate/Http/Request))
#19 C:/Users/sumarin/Herd/foodpos-690916/foodpos/vendor/laravel/framework/src/Illuminate/Pipeline/Pipeline.php(219): Inertia/Middleware->handle(Object(Illuminate/Http/Request), Object(Closure))
#20 C:/Users/sumarin/Herd/foodpos-690916/foodpos/app/Http/Middleware/ResolveCurrentBranch.php(40): Illuminate/Pipeline/Pipeline->Illuminate/Pipeline/{closure}(Object(Illuminate/Http/Request))
#21 C:/Users/sumarin/Herd/foodpos-690916/foodpos/vendor/laravel/framework/src/Illuminate/Pipeline/Pipeline.php(219): App/Http/Middleware/ResolveCurrentBranch->handle(Object(Illuminate/Http/Request), Object(Closure))
#22 C:/Users/sumarin/Herd/foodpos-690916/foodpos/vendor/laravel/framework/src/Illuminate/Routing/Middleware/SubstituteBindings.php(50): Illuminate/Pipeline/Pipeline->Illuminate/Pipeline/{closure}(Object(Illuminate/Http/Request))
#23 C:/Users/sumarin/Herd/foodpos-690916/foodpos/vendor/laravel/framework/src/Illuminate/Pipeline/Pipeline.php(219): Illuminate/Routing/Middleware/SubstituteBindings->handle(Object(Illuminate/Http/Request), Object(Closure))
#24 C:/Users/sumarin/Herd/foodpos-690916/foodpos/vendor/laravel/framework/src/Illuminate/Auth/Middleware/Authenticate.php(63): Illuminate/Pipeline/Pipeline->Illuminate/Pipeline/{closure}(Object(Illuminate/Http/Request))
#25 C:/Users/sumarin/Herd/foodpos-690916/foodpos/vendor/laravel/framework/src/Illuminate/Pipeline/Pipeline.php(219): Illuminate/Auth/Middleware/Authenticate->handle(Object(Illuminate/Http/Request), Object(Closure))
#26 C:/Users/sumarin/Herd/foodpos-690916/foodpos/vendor/laravel/framework/src/Illuminate/Foundation/Http/Middleware/VerifyCsrfToken.php(87): Illuminate/Pipeline/Pipeline->Illuminate/Pipeline/{closure}(Object(Illuminate/Http/Request))
#27 C:/Users/sumarin/Herd/foodpos-690916/foodpos/vendor/laravel/framework/src/Illuminate/Pipeline/Pipeline.php(219): Illuminate/Foundation/Http/Middleware/VerifyCsrfToken->handle(Object(Illuminate/Http/Request), Object(Closure))
#28 C:/Users/sumarin/Herd/foodpos-690916/foodpos/vendor/laravel/framework/src/Illuminate/View/Middleware/ShareErrorsFromSession.php(48): Illuminate/Pipeline/Pipeline->Illuminate/Pipeline/{closure}(Object(Illuminate/Http/Request))
#29 C:/Users/sumarin/Herd/foodpos-690916/foodpos/vendor/laravel/framework/src/Illuminate/Pipeline/Pipeline.php(219): Illuminate/View/Middleware/ShareErrorsFromSession->handle(Object(Illuminate/Http/Request), Object(Closure))
#30 C:/Users/sumarin/Herd/foodpos-690916/foodpos/vendor/laravel/framework/src/Illuminate/Session/Middleware/StartSession.php(120): Illuminate/Pipeline/Pipeline->Illuminate/Pipeline/{closure}(Object(Illuminate/Http/Request))
#31 C:/Users/sumarin/Herd/foodpos-690916/foodpos/vendor/laravel/framework/src/Illuminate/Session/Middleware/StartSession.php(63): Illuminate/Session/Middleware/StartSession->handleStatefulRequest(Object(Illuminate/Http/Request), Object(Illuminate/Session/Store), Object(Closure))
#32 C:/Users/sumarin/Herd/foodpos-690916/foodpos/vendor/laravel/framework/src/Illuminate/Pipeline/Pipeline.php(219): Illuminate/Session/Middleware/StartSession->handle(Object(Illuminate/Http/Request), Object(Closure))
#33 C:/Users/sumarin/Herd/foodpos-690916/foodpos/vendor/laravel/framework/src/Illuminate/Cookie/Middleware/AddQueuedCookiesToResponse.php(36): Illuminate/Pipeline/Pipeline->Illuminate/Pipeline/{closure}(Object(Illuminate/Http/Request))
#34 C:/Users/sumarin/Herd/foodpos-690916/foodpos/vendor/laravel/framework/src/Illuminate/Pipeline/Pipeline.php(219): Illuminate/Cookie/Middleware/AddQueuedCookiesToResponse->handle(Object(Illuminate/Http/Request), Object(Closure))
#35 C:/Users/sumarin/Herd/foodpos-690916/foodpos/vendor/laravel/framework/src/Illuminate/Cookie/Middleware/EncryptCookies.php(74): Illuminate/Pipeline/Pipeline->Illuminate/Pipeline/{closure}(Object(Illuminate/Http/Request))
#36 C:/Users/sumarin/Herd/foodpos-690916/foodpos/vendor/laravel/framework/src/Illuminate/Pipeline/Pipeline.php(219): Illuminate/Cookie/Middleware/EncryptCookies->handle(Object(Illuminate/Http/Request), Object(Closure))
#37 C:/Users/sumarin/Herd/foodpos-690916/foodpos/vendor/laravel/framework/src/Illuminate/Pipeline/Pipeline.php(137): Illuminate/Pipeline/Pipeline->Illuminate/Pipeline/{closure}(Object(Illuminate/Http/Request))
#38 C:/Users/sumarin/Herd/foodpos-690916/foodpos/vendor/laravel/framework/src/Illuminate/Routing/Router.php(821): Illuminate/Pipeline/Pipeline->then(Object(Closure))
#39 C:/Users/sumarin/Herd/foodpos-690916/foodpos/vendor/laravel/framework/src/Illuminate/Routing/Router.php(800): Illuminate/Routing/Router->runRouteWithinStack(Object(Illuminate/Routing/Route), Object(Illuminate/Http/Request))
#40 C:/Users/sumarin/Herd/foodpos-690916/foodpos/vendor/laravel/framework/src/Illuminate/Routing/Router.php(764): Illuminate/Routing/Router->runRoute(Object(Illuminate/Http/Request), Object(Illuminate/Routing/Route))
#41 C:/Users/sumarin/Herd/foodpos-690916/foodpos/vendor/laravel/framework/src/Illuminate/Routing/Router.php(753): Illuminate/Routing/Router->dispatchToRoute(Object(Illuminate/Http/Request))
#42 C:/Users/sumarin/Herd/foodpos-690916/foodpos/vendor/laravel/framework/src/Illuminate/Foundation/Http/Kernel.php(200): Illuminate/Routing/Router->dispatch(Object(Illuminate/Http/Request))
#43 C:/Users/sumarin/Herd/foodpos-690916/foodpos/vendor/laravel/framework/src/Illuminate/Pipeline/Pipeline.php(180): Illuminate/Foundation/Http/Kernel->Illuminate/Foundation/Http/{closure}(Object(Illuminate/Http/Request))
#44 C:/Users/sumarin/Herd/foodpos-690916/foodpos/vendor/laravel/framework/src/Illuminate/Foundation/Http/Middleware/TransformsRequest.php(21): Illuminate/Pipeline/Pipeline->Illuminate/Pipeline/{closure}(Object(Illuminate/Http/Request))
#45 C:/Users/sumarin/Herd/foodpos-690916/foodpos/vendor/laravel/framework/src/Illuminate/Foundation/Http/Middleware/ConvertEmptyStringsToNull.php(31): Illuminate/Foundation/Http/Middleware/TransformsRequest->handle(Object(Illuminate/Http/Request), Object(Closure))
#46 C:/Users/sumarin/Herd/foodpos-690916/foodpos/vendor/laravel/framework/src/Illuminate/Pipeline/Pipeline.php(219): Illuminate/Foundation/Http/Middleware/ConvertEmptyStringsToNull->handle(Object(Illuminate/Http/Request), Object(Closure))
#47 C:/Users/sumarin/Herd/foodpos-690916/foodpos/vendor/laravel/framework/src/Illuminate/Foundation/Http/Middleware/TransformsRequest.php(21): Illuminate/Pipeline/Pipeline->Illuminate/Pipeline/{closure}(Object(Illuminate/Http/Request))
#48 C:/Users/sumarin/Herd/foodpos-690916/foodpos/vendor/laravel/framework/src/Illuminate/Foundation/Http/Middleware/TrimStrings.php(51): Illuminate/Foundation/Http/Middleware/TransformsRequest->handle(Object(Illuminate/Http/Request), Object(Closure))
#49 C:/Users/sumarin/Herd/foodpos-690916/foodpos/vendor/laravel/framework/src/Illuminate/Pipeline/Pipeline.php(219): Illuminate/Foundation/Http/Middleware/TrimStrings->handle(Object(Illuminate/Http/Request), Object(Closure))
#50 C:/Users/sumarin/Herd/foodpos-690916/foodpos/vendor/laravel/framework/src/Illuminate/Http/Middleware/ValidatePostSize.php(27): Illuminate/Pipeline/Pipeline->Illuminate/Pipeline/{closure}(Object(Illuminate/Http/Request))
#51 C:/Users/sumarin/Herd/foodpos-690916/foodpos/vendor/laravel/framework/src/Illuminate/Pipeline/Pipeline.php(219): Illuminate/Http/Middleware/ValidatePostSize->handle(Object(Illuminate/Http/Request), Object(Closure))
#52 C:/Users/sumarin/Herd/foodpos-690916/foodpos/vendor/laravel/framework/src/Illuminate/Foundation/Http/Middleware/PreventRequestsDuringMaintenance.php(109): Illuminate/Pipeline/Pipeline->Illuminate/Pipeline/{closure}(Object(Illuminate/Http/Request))
#53 C:/Users/sumarin/Herd/foodpos-690916/foodpos/vendor/laravel/framework/src/Illuminate/Pipeline/Pipeline.php(219): Illuminate/Foundation/Http/Middleware/PreventRequestsDuringMaintenance->handle(Object(Illuminate/Http/Request), Object(Closure))
#54 C:/Users/sumarin/Herd/foodpos-690916/foodpos/vendor/laravel/framework/src/Illuminate/Http/Middleware/HandleCors.php(61): Illuminate/Pipeline/Pipeline->Illuminate/Pipeline/{closure}(Object(Illuminate/Http/Request))
#55 C:/Users/sumarin/Herd/foodpos-690916/foodpos/vendor/laravel/framework/src/Illuminate/Pipeline/Pipeline.php(219): Illuminate/Http/Middleware/HandleCors->handle(Object(Illuminate/Http/Request), Object(Closure))
#56 C:/Users/sumarin/Herd/foodpos-690916/foodpos/vendor/laravel/framework/src/Illuminate/Http/Middleware/TrustProxies.php(58): Illuminate/Pipeline/Pipeline->Illuminate/Pipeline/{closure}(Object(Illuminate/Http/Request))
#57 C:/Users/sumarin/Herd/foodpos-690916/foodpos/vendor/laravel/framework/src/Illuminate/Pipeline/Pipeline.php(219): Illuminate/Http/Middleware/TrustProxies->handle(Object(Illuminate/Http/Request), Object(Closure))
#58 C:/Users/sumarin/Herd/foodpos-690916/foodpos/vendor/laravel/framework/src/Illuminate/Foundation/Http/Middleware/InvokeDeferredCallbacks.php(22): Illuminate/Pipeline/Pipeline->Illuminate/Pipeline/{closure}(Object(Illuminate/Http/Request))
#59 C:/Users/sumarin/Herd/foodpos-690916/foodpos/vendor/laravel/framework/src/Illuminate/Pipeline/Pipeline.php(219): Illuminate/Foundation/Http/Middleware/InvokeDeferredCallbacks->handle(Object(Illuminate/Http/Request), Object(Closure))
#60 C:/Users/sumarin/Herd/foodpos-690916/foodpos/vendor/laravel/framework/src/Illuminate/Http/Middleware/ValidatePathEncoding.php(26): Illuminate/Pipeline/Pipeline->Illuminate/Pipeline/{closure}(Object(Illuminate/Http/Request))
#61 C:/Users/sumarin/Herd/foodpos-690916/foodpos/vendor/laravel/framework/src/Illuminate/Pipeline/Pipeline.php(219): Illuminate/Http/Middleware/ValidatePathEncoding->handle(Object(Illuminate/Http/Request), Object(Closure))
#62 C:/Users/sumarin/Herd/foodpos-690916/foodpos/vendor/laravel/framework/src/Illuminate/Pipeline/Pipeline.php(137): Illuminate/Pipeline/Pipeline->Illuminate/Pipeline/{closure}(Object(Illuminate/Http/Request))
#63 C:/Users/sumarin/Herd/foodpos-690916/foodpos/vendor/laravel/framework/src/Illuminate/Foundation/Http/Kernel.php(175): Illuminate/Pipeline/Pipeline->then(Object(Closure))
#64 C:/Users/sumarin/Herd/foodpos-690916/foodpos/vendor/laravel/framework/src/Illuminate/Foundation/Http/Kernel.php(144): Illuminate/Foundation/Http/Kernel->sendRequestThroughRouter(Object(Illuminate/Http/Request))
#65 C:/Users/sumarin/Herd/foodpos-690916/foodpos/vendor/laravel/framework/src/Illuminate/Foundation/Application.php(1220): Illuminate/Foundation/Http/Kernel->handle(Object(Illuminate/Http/Request))
#66 C:/Users/sumarin/Herd/foodpos-690916/foodpos/public/index.php(14): Illuminate/Foundation/Application->handleRequest(Object(Illuminate/Http/Request))
#67 C:/Users/sumarin/Herd/foodpos-690916/foodpos/vendor/laravel/framework/src/Illuminate/Foundation/resources/server.php(23): require_once('C://Users//sumari...')
#68 {main}
"} 
[2026-09-17 08:18:09] local.ERROR: Undefined array key 1 {"userId":1,"exception":"[object] (ErrorException(code: 0): Undefined array key 1 at C:/Users/sumarin/Herd/foodpos-690916/foodpos/vendor/laravel/framework/src/Illuminate/Collections/Collection.php:1972)
[stacktrace]
#0 C:/Users/sumarin/Herd/foodpos-690916/foodpos/vendor/laravel/framework/src/Illuminate/Foundation/Bootstrap/HandleExceptions.php(262): Illuminate/Foundation/Bootstrap/HandleExceptions->handleError(2, 'Undefined array...', 'C://Users//sumari...', 1972)
#1 C:/Users/sumarin/Herd/foodpos-690916/foodpos/vendor/laravel/framework/src/Illuminate/Collections/Collection.php(1972): Illuminate/Foundation/Bootstrap/HandleExceptions->Illuminate/Foundation/Bootstrap/{closure}(2, 'Undefined array...', 'C://Users//sumari...', 1972)
#2 C:/Users/sumarin/Herd/foodpos-690916/foodpos/app/Http/Controllers/BackOffice/SalesTargetController.php(48): Illuminate/Support/Collection->offsetGet(1)
#3 [internal function]: App/Http/Controllers/BackOffice/SalesTargetController->App/Http/Controllers/BackOffice/{closure}(1, 0)
#4 C:/Users/sumarin/Herd/foodpos-690916/foodpos/vendor/laravel/framework/src/Illuminate/Collections/Arr.php(841): array_map(Object(Closure), Array, Array)
#5 C:/Users/sumarin/Herd/foodpos-690916/foodpos/vendor/laravel/framework/src/Illuminate/Collections/Collection.php(829): Illuminate/Support/Arr::map(Array, Object(Closure))
#6 C:/Users/sumarin/Herd/foodpos-690916/foodpos/app/Http/Controllers/BackOffice/SalesTargetController.php(40): Illuminate/Support/Collection->map(Object(Closure))
#7 C:/Users/sumarin/Herd/foodpos-690916/foodpos/vendor/laravel/framework/src/Illuminate/Routing/ControllerDispatcher.php(46): App/Http/Controllers/BackOffice/SalesTargetController->index(Object(Illuminate/Http/Request), Object(App/Services/SalesTargetService))
#8 C:/Users/sumarin/Herd/foodpos-690916/foodpos/vendor/laravel/framework/src/Illuminate/Routing/Route.php(265): Illuminate/Routing/ControllerDispatcher->dispatch(Object(Illuminate/Routing/Route), Object(App/Http/Controllers/BackOffice/SalesTargetController), 'index')
#9 C:/Users/sumarin/Herd/foodpos-690916/foodpos/vendor/laravel/framework/src/Illuminate/Routing/Route.php(211): Illuminate/Routing/Route->runController()
#10 C:/Users/sumarin/Herd/foodpos-690916/foodpos/vendor/laravel/framework/src/Illuminate/Routing/Router.php(822): Illuminate/Routing/Route->run()
#11 C:/Users/sumarin/Herd/foodpos-690916/foodpos/vendor/laravel/framework/src/Illuminate/Pipeline/Pipeline.php(180): Illuminate/Routing/Router->Illuminate/Routing/{closure}(Object(Illuminate/Http/Request))
#12 C:/Users/sumarin/Herd/foodpos-690916/foodpos/app/Http/Middleware/EnsureUserHasPermission.php(25): Illuminate/Pipeline/Pipeline->Illuminate/Pipeline/{closure}(Object(Illuminate/Http/Request))
#13 C:/Users/sumarin/Herd/foodpos-690916/foodpos/vendor/laravel/framework/src/Illuminate/Pipeline/Pipeline.php(219): App/Http/Middleware/EnsureUserHasPermission->handle(Object(Illuminate/Http/Request), Object(Closure), 'branch.settings')
#14 C:/Users/sumarin/Herd/foodpos-690916/foodpos/app/Http/Middleware/EnsureUserHasPermission.php(25): Illuminate/Pipeline/Pipeline->Illuminate/Pipeline/{closure}(Object(Illuminate/Http/Request))
#15 C:/Users/sumarin/Herd/foodpos-690916/foodpos/vendor/laravel/framework/src/Illuminate/Pipeline/Pipeline.php(219): App/Http/Middleware/EnsureUserHasPermission->handle(Object(Illuminate/Http/Request), Object(Closure), 'backoffice.acce...')
#16 C:/Users/sumarin/Herd/foodpos-690916/foodpos/vendor/laravel/framework/src/Illuminate/Http/Middleware/AddLinkHeadersForPreloadedAssets.php(32): Illuminate/Pipeline/Pipeline->Illuminate/Pipeline/{closure}(Object(Illuminate/Http/Request))
#17 C:/Users/sumarin/Herd/foodpos-690916/foodpos/vendor/laravel/framework/src/Illuminate/Pipeline/Pipeline.php(219): Illuminate/Http/Middleware/AddLinkHeadersForPreloadedAssets->handle(Object(Illuminate/Http/Request), Object(Closure))
#18 C:/Users/sumarin/Herd/foodpos-690916/foodpos/vendor/inertiajs/inertia-laravel/src/Middleware.php(122): Illuminate/Pipeline/Pipeline->Illuminate/Pipeline/{closure}(Object(Illuminate/Http/Request))
#19 C:/Users/sumarin/Herd/foodpos-690916/foodpos/vendor/laravel/framework/src/Illuminate/Pipeline/Pipeline.php(219): Inertia/Middleware->handle(Object(Illuminate/Http/Request), Object(Closure))
#20 C:/Users/sumarin/Herd/foodpos-690916/foodpos/app/Http/Middleware/ResolveCurrentBranch.php(40): Illuminate/Pipeline/Pipeline->Illuminate/Pipeline/{closure}(Object(Illuminate/Http/Request))
#21 C:/Users/sumarin/Herd/foodpos-690916/foodpos/vendor/laravel/framework/src/Illuminate/Pipeline/Pipeline.php(219): App/Http/Middleware/ResolveCurrentBranch->handle(Object(Illuminate/Http/Request), Object(Closure))
#22 C:/Users/sumarin/Herd/foodpos-690916/foodpos/vendor/laravel/framework/src/Illuminate/Routing/Middleware/SubstituteBindings.php(50): Illuminate/Pipeline/Pipeline->Illuminate/Pipeline/{closure}(Object(Illuminate/Http/Request))
#23 C:/Users/sumarin/Herd/foodpos-690916/foodpos/vendor/laravel/framework/src/Illuminate/Pipeline/Pipeline.php(219): Illuminate/Routing/Middleware/SubstituteBindings->handle(Object(Illuminate/Http/Request), Object(Closure))
#24 C:/Users/sumarin/Herd/foodpos-690916/foodpos/vendor/laravel/framework/src/Illuminate/Auth/Middleware/Authenticate.php(63): Illuminate/Pipeline/Pipeline->Illuminate/Pipeline/{closure}(Object(Illuminate/Http/Request))
#25 C:/Users/sumarin/Herd/foodpos-690916/foodpos/vendor/laravel/framework/src/Illuminate/Pipeline/Pipeline.php(219): Illuminate/Auth/Middleware/Authenticate->handle(Object(Illuminate/Http/Request), Object(Closure))
#26 C:/Users/sumarin/Herd/foodpos-690916/foodpos/vendor/laravel/framework/src/Illuminate/Foundation/Http/Middleware/VerifyCsrfToken.php(87): Illuminate/Pipeline/Pipeline->Illuminate/Pipeline/{closure}(Object(Illuminate/Http/Request))
#27 C:/Users/sumarin/Herd/foodpos-690916/foodpos/vendor/laravel/framework/src/Illuminate/Pipeline/Pipeline.php(219): Illuminate/Foundation/Http/Middleware/VerifyCsrfToken->handle(Object(Illuminate/Http/Request), Object(Closure))
#28 C:/Users/sumarin/Herd/foodpos-690916/foodpos/vendor/laravel/framework/src/Illuminate/View/Middleware/ShareErrorsFromSession.php(48): Illuminate/Pipeline/Pipeline->Illuminate/Pipeline/{closure}(Object(Illuminate/Http/Request))
#29 C:/Users/sumarin/Herd/foodpos-690916/foodpos/vendor/laravel/framework/src/Illuminate/Pipeline/Pipeline.php(219): Illuminate/View/Middleware/ShareErrorsFromSession->handle(Object(Illuminate/Http/Request), Object(Closure))
#30 C:/Users/sumarin/Herd/foodpos-690916/foodpos/vendor/laravel/framework/src/Illuminate/Session/Middleware/StartSession.php(120): Illuminate/Pipeline/Pipeline->Illuminate/Pipeline/{closure}(Object(Illuminate/Http/Request))
#31 C:/Users/sumarin/Herd/foodpos-690916/foodpos/vendor/laravel/framework/src/Illuminate/Session/Middleware/StartSession.php(63): Illuminate/Session/Middleware/StartSession->handleStatefulRequest(Object(Illuminate/Http/Request), Object(Illuminate/Session/Store), Object(Closure))
#32 C:/Users/sumarin/Herd/foodpos-690916/foodpos/vendor/laravel/framework/src/Illuminate/Pipeline/Pipeline.php(219): Illuminate/Session/Middleware/StartSession->handle(Object(Illuminate/Http/Request), Object(Closure))
#33 C:/Users/sumarin/Herd/foodpos-690916/foodpos/vendor/laravel/framework/src/Illuminate/Cookie/Middleware/AddQueuedCookiesToResponse.php(36): Illuminate/Pipeline/Pipeline->Illuminate/Pipeline/{closure}(Object(Illuminate/Http/Request))
#34 C:/Users/sumarin/Herd/foodpos-690916/foodpos/vendor/laravel/framework/src/Illuminate/Pipeline/Pipeline.php(219): Illuminate/Cookie/Middleware/AddQueuedCookiesToResponse->handle(Object(Illuminate/Http/Request), Object(Closure))
#35 C:/Users/sumarin/Herd/foodpos-690916/foodpos/vendor/laravel/framework/src/Illuminate/Cookie/Middleware/EncryptCookies.php(74): Illuminate/Pipeline/Pipeline->Illuminate/Pipeline/{closure}(Object(Illuminate/Http/Request))
#36 C:/Users/sumarin/Herd/foodpos-690916/foodpos/vendor/laravel/framework/src/Illuminate/Pipeline/Pipeline.php(219): Illuminate/Cookie/Middleware/EncryptCookies->handle(Object(Illuminate/Http/Request), Object(Closure))
#37 C:/Users/sumarin/Herd/foodpos-690916/foodpos/vendor/laravel/framework/src/Illuminate/Pipeline/Pipeline.php(137): Illuminate/Pipeline/Pipeline->Illuminate/Pipeline/{closure}(Object(Illuminate/Http/Request))
#38 C:/Users/sumarin/Herd/foodpos-690916/foodpos/vendor/laravel/framework/src/Illuminate/Routing/Router.php(821): Illuminate/Pipeline/Pipeline->then(Object(Closure))
#39 C:/Users/sumarin/Herd/foodpos-690916/foodpos/vendor/laravel/framework/src/Illuminate/Routing/Router.php(800): Illuminate/Routing/Router->runRouteWithinStack(Object(Illuminate/Routing/Route), Object(Illuminate/Http/Request))
#40 C:/Users/sumarin/Herd/foodpos-690916/foodpos/vendor/laravel/framework/src/Illuminate/Routing/Router.php(764): Illuminate/Routing/Router->runRoute(Object(Illuminate/Http/Request), Object(Illuminate/Routing/Route))
#41 C:/Users/sumarin/Herd/foodpos-690916/foodpos/vendor/laravel/framework/src/Illuminate/Routing/Router.php(753): Illuminate/Routing/Router->dispatchToRoute(Object(Illuminate/Http/Request))
#42 C:/Users/sumarin/Herd/foodpos-690916/foodpos/vendor/laravel/framework/src/Illuminate/Foundation/Http/Kernel.php(200): Illuminate/Routing/Router->dispatch(Object(Illuminate/Http/Request))
#43 C:/Users/sumarin/Herd/foodpos-690916/foodpos/vendor/laravel/framework/src/Illuminate/Pipeline/Pipeline.php(180): Illuminate/Foundation/Http/Kernel->Illuminate/Foundation/Http/{closure}(Object(Illuminate/Http/Request))
#44 C:/Users/sumarin/Herd/foodpos-690916/foodpos/vendor/laravel/framework/src/Illuminate/Foundation/Http/Middleware/TransformsRequest.php(21): Illuminate/Pipeline/Pipeline->Illuminate/Pipeline/{closure}(Object(Illuminate/Http/Request))
#45 C:/Users/sumarin/Herd/foodpos-690916/foodpos/vendor/laravel/framework/src/Illuminate/Foundation/Http/Middleware/ConvertEmptyStringsToNull.php(31): Illuminate/Foundation/Http/Middleware/TransformsRequest->handle(Object(Illuminate/Http/Request), Object(Closure))
#46 C:/Users/sumarin/Herd/foodpos-690916/foodpos/vendor/laravel/framework/src/Illuminate/Pipeline/Pipeline.php(219): Illuminate/Foundation/Http/Middleware/ConvertEmptyStringsToNull->handle(Object(Illuminate/Http/Request), Object(Closure))
#47 C:/Users/sumarin/Herd/foodpos-690916/foodpos/vendor/laravel/framework/src/Illuminate/Foundation/Http/Middleware/TransformsRequest.php(21): Illuminate/Pipeline/Pipeline->Illuminate/Pipeline/{closure}(Object(Illuminate/Http/Request))
#48 C:/Users/sumarin/Herd/foodpos-690916/foodpos/vendor/laravel/framework/src/Illuminate/Foundation/Http/Middleware/TrimStrings.php(51): Illuminate/Foundation/Http/Middleware/TransformsRequest->handle(Object(Illuminate/Http/Request), Object(Closure))
#49 C:/Users/sumarin/Herd/foodpos-690916/foodpos/vendor/laravel/framework/src/Illuminate/Pipeline/Pipeline.php(219): Illuminate/Foundation/Http/Middleware/TrimStrings->handle(Object(Illuminate/Http/Request), Object(Closure))
#50 C:/Users/sumarin/Herd/foodpos-690916/foodpos/vendor/laravel/framework/src/Illuminate/Http/Middleware/ValidatePostSize.php(27): Illuminate/Pipeline/Pipeline->Illuminate/Pipeline/{closure}(Object(Illuminate/Http/Request))
#51 C:/Users/sumarin/Herd/foodpos-690916/foodpos/vendor/laravel/framework/src/Illuminate/Pipeline/Pipeline.php(219): Illuminate/Http/Middleware/ValidatePostSize->handle(Object(Illuminate/Http/Request), Object(Closure))
#52 C:/Users/sumarin/Herd/foodpos-690916/foodpos/vendor/laravel/framework/src/Illuminate/Foundation/Http/Middleware/PreventRequestsDuringMaintenance.php(109): Illuminate/Pipeline/Pipeline->Illuminate/Pipeline/{closure}(Object(Illuminate/Http/Request))
#53 C:/Users/sumarin/Herd/foodpos-690916/foodpos/vendor/laravel/framework/src/Illuminate/Pipeline/Pipeline.php(219): Illuminate/Foundation/Http/Middleware/PreventRequestsDuringMaintenance->handle(Object(Illuminate/Http/Request), Object(Closure))
#54 C:/Users/sumarin/Herd/foodpos-690916/foodpos/vendor/laravel/framework/src/Illuminate/Http/Middleware/HandleCors.php(61): Illuminate/Pipeline/Pipeline->Illuminate/Pipeline/{closure}(Object(Illuminate/Http/Request))
#55 C:/Users/sumarin/Herd/foodpos-690916/foodpos/vendor/laravel/framework/src/Illuminate/Pipeline/Pipeline.php(219): Illuminate/Http/Middleware/HandleCors->handle(Object(Illuminate/Http/Request), Object(Closure))
#56 C:/Users/sumarin/Herd/foodpos-690916/foodpos/vendor/laravel/framework/src/Illuminate/Http/Middleware/TrustProxies.php(58): Illuminate/Pipeline/Pipeline->Illuminate/Pipeline/{closure}(Object(Illuminate/Http/Request))
#57 C:/Users/sumarin/Herd/foodpos-690916/foodpos/vendor/laravel/framework/src/Illuminate/Pipeline/Pipeline.php(219): Illuminate/Http/Middleware/TrustProxies->handle(Object(Illuminate/Http/Request), Object(Closure))
#58 C:/Users/sumarin/Herd/foodpos-690916/foodpos/vendor/laravel/framework/src/Illuminate/Foundation/Http/Middleware/InvokeDeferredCallbacks.php(22): Illuminate/Pipeline/Pipeline->Illuminate/Pipeline/{closure}(Object(Illuminate/Http/Request))
#59 C:/Users/sumarin/Herd/foodpos-690916/foodpos/vendor/laravel/framework/src/Illuminate/Pipeline/Pipeline.php(219): Illuminate/Foundation/Http/Middleware/InvokeDeferredCallbacks->handle(Object(Illuminate/Http/Request), Object(Closure))
#60 C:/Users/sumarin/Herd/foodpos-690916/foodpos/vendor/laravel/framework/src/Illuminate/Http/Middleware/ValidatePathEncoding.php(26): Illuminate/Pipeline/Pipeline->Illuminate/Pipeline/{closure}(Object(Illuminate/Http/Request))
#61 C:/Users/sumarin/Herd/foodpos-690916/foodpos/vendor/laravel/framework/src/Illuminate/Pipeline/Pipeline.php(219): Illuminate/Http/Middleware/ValidatePathEncoding->handle(Object(Illuminate/Http/Request), Object(Closure))
#62 C:/Users/sumarin/Herd/foodpos-690916/foodpos/vendor/laravel/framework/src/Illuminate/Pipeline/Pipeline.php(137): Illuminate/Pipeline/Pipeline->Illuminate/Pipeline/{closure}(Object(Illuminate/Http/Request))
#63 C:/Users/sumarin/Herd/foodpos-690916/foodpos/vendor/laravel/framework/src/Illuminate/Foundation/Http/Kernel.php(175): Illuminate/Pipeline/Pipeline->then(Object(Closure))
#64 C:/Users/sumarin/Herd/foodpos-690916/foodpos/vendor/laravel/framework/src/Illuminate/Foundation/Http/Kernel.php(144): Illuminate/Foundation/Http/Kernel->sendRequestThroughRouter(Object(Illuminate/Http/Request))
#65 C:/Users/sumarin/Herd/foodpos-690916/foodpos/vendor/laravel/framework/src/Illuminate/Foundation/Application.php(1220): Illuminate/Foundation/Http/Kernel->handle(Object(Illuminate/Http/Request))
#66 C:/Users/sumarin/Herd/foodpos-690916/foodpos/public/index.php(14): Illuminate/Foundation/Application->handleRequest(Object(Illuminate/Http/Request))
#67 C:/Users/sumarin/Herd/foodpos-690916/foodpos/vendor/laravel/framework/src/Illuminate/Foundation/resources/server.php(23): require_once('C://Users//sumari...')
#68 {main}
"} 
[2026-09-18 01:32:34] local.INFO: [FoodPOS OTP] ยังไม่ได้ต่อบริการ SMS — รหัสถูกเขียนลง log เท่านั้น {"phone":"0908256043","code":"480456","expires_in_minutes":5} 
[2026-09-18 04:38:09] local.ERROR: SQLSTATE[HY000]: General error: 1 no such table: POS2_promotion_items (Connection: sqlite, Database: C:\Users\sumarin\Herd\foodpos-690916\foodpos\database\database.sqlite, SQL: select * from "POS2_promotion_items" where "POS2_promotion_items"."promotion_id" in (1)) {"userId":1,"exception":"[object] (Illuminate\\Database\\QueryException(code: HY000): SQLSTATE[HY000]: General error: 1 no such table: POS2_promotion_items (Connection: sqlite, Database: C:\\Users\\sumarin\\Herd\\foodpos-690916\\foodpos\\database\\database.sqlite, SQL: select * from \"POS2_promotion_items\" where \"POS2_promotion_items\".\"promotion_id\" in (1)) at C:/Users/sumarin/Herd/foodpos-690916/foodpos/vendor/laravel/framework/src/Illuminate/Database/Connection.php:838)
[stacktrace]
#0 C:/Users/sumarin/Herd/foodpos-690916/foodpos/vendor/laravel/framework/src/Illuminate/Database/Connection.php(794): Illuminate/Database/Connection->runQueryCallback('select * from \"...', Array, Object(Closure))
#1 C:/Users/sumarin/Herd/foodpos-690916/foodpos/vendor/laravel/framework/src/Illuminate/Database/Connection.php(411): Illuminate/Database/Connection->run('select * from \"...', Array, Object(Closure))
#2 C:/Users/sumarin/Herd/foodpos-690916/foodpos/vendor/laravel/framework/src/Illuminate/Database/Query/Builder.php(3505): Illuminate/Database/Connection->select('select * from \"...', Array, true)
#3 C:/Users/sumarin/Herd/foodpos-690916/foodpos/vendor/laravel/framework/src/Illuminate/Database/Query/Builder.php(3490): Illuminate/Database/Query/Builder->runSelect()
#4 C:/Users/sumarin/Herd/foodpos-690916/foodpos/vendor/laravel/framework/src/Illuminate/Database/Query/Builder.php(4080): Illuminate/Database/Query/Builder->Illuminate/Database/Query/{closure}()
#5 C:/Users/sumarin/Herd/foodpos-690916/foodpos/vendor/laravel/framework/src/Illuminate/Database/Query/Builder.php(3489): Illuminate/Database/Query/Builder->onceWithColumns(Array, Object(Closure))
#6 C:/Users/sumarin/Herd/foodpos-690916/foodpos/vendor/laravel/framework/src/Illuminate/Database/Eloquent/Builder.php(902): Illuminate/Database/Query/Builder->get(Array)
#7 C:/Users/sumarin/Herd/foodpos-690916/foodpos/vendor/laravel/framework/src/Illuminate/Database/Eloquent/Builder.php(884): Illuminate/Database/Eloquent/Builder->getModels(Array)
#8 C:/Users/sumarin/Herd/foodpos-690916/foodpos/vendor/laravel/framework/src/Illuminate/Database/Eloquent/Relations/Relation.php(212): Illuminate/Database/Eloquent/Builder->get(Array)
#9 C:/Users/sumarin/Herd/foodpos-690916/foodpos/vendor/laravel/framework/src/Illuminate/Database/Eloquent/Relations/Relation.php(175): Illuminate/Database/Eloquent/Relations/Relation->get()
#10 C:/Users/sumarin/Herd/foodpos-690916/foodpos/vendor/laravel/framework/src/Illuminate/Database/Eloquent/Builder.php(950): Illuminate/Database/Eloquent/Relations/Relation->getEager()
#11 C:/Users/sumarin/Herd/foodpos-690916/foodpos/vendor/laravel/framework/src/Illuminate/Database/Eloquent/Builder.php(919): Illuminate/Database/Eloquent/Builder->eagerLoadRelation(Array, 'items', Object(Closure))
#12 C:/Users/sumarin/Herd/foodpos-690916/foodpos/vendor/laravel/framework/src/Illuminate/Database/Eloquent/Builder.php(885): Illuminate/Database/Eloquent/Builder->eagerLoadRelations(Array)
#13 C:/Users/sumarin/Herd/foodpos-690916/foodpos/vendor/laravel/framework/src/Illuminate/Database/Eloquent/Builder.php(1125): Illuminate/Database/Eloquent/Builder->get(Array)
#14 C:/Users/sumarin/Herd/foodpos-690916/foodpos/app/Http/Controllers/BackOffice/PromotionController.php(38): Illuminate/Database/Eloquent/Builder->paginate(20)
#15 C:/Users/sumarin/Herd/foodpos-690916/foodpos/vendor/laravel/framework/src/Illuminate/Routing/ControllerDispatcher.php(46): App/Http/Controllers/BackOffice/PromotionController->index()
#16 C:/Users/sumarin/Herd/foodpos-690916/foodpos/vendor/laravel/framework/src/Illuminate/Routing/Route.php(265): Illuminate/Routing/ControllerDispatcher->dispatch(Object(Illuminate/Routing/Route), Object(App/Http/Controllers/BackOffice/PromotionController), 'index')
#17 C:/Users/sumarin/Herd/foodpos-690916/foodpos/vendor/laravel/framework/src/Illuminate/Routing/Route.php(211): Illuminate/Routing/Route->runController()
#18 C:/Users/sumarin/Herd/foodpos-690916/foodpos/vendor/laravel/framework/src/Illuminate/Routing/Router.php(822): Illuminate/Routing/Route->run()
#19 C:/Users/sumarin/Herd/foodpos-690916/foodpos/vendor/laravel/framework/src/Illuminate/Pipeline/Pipeline.php(180): Illuminate/Routing/Router->Illuminate/Routing/{closure}(Object(Illuminate/Http/Request))
#20 C:/Users/sumarin/Herd/foodpos-690916/foodpos/app/Http/Middleware/EnsureUserHasPermission.php(25): Illuminate/Pipeline/Pipeline->Illuminate/Pipeline/{closure}(Object(Illuminate/Http/Request))
#21 C:/Users/sumarin/Herd/foodpos-690916/foodpos/vendor/laravel/framework/src/Illuminate/Pipeline/Pipeline.php(219): App/Http/Middleware/EnsureUserHasPermission->handle(Object(Illuminate/Http/Request), Object(Closure), 'backoffice.acce...')
#22 C:/Users/sumarin/Herd/foodpos-690916/foodpos/vendor/laravel/framework/src/Illuminate/Http/Middleware/AddLinkHeadersForPreloadedAssets.php(32): Illuminate/Pipeline/Pipeline->Illuminate/Pipeline/{closure}(Object(Illuminate/Http/Request))
#23 C:/Users/sumarin/Herd/foodpos-690916/foodpos/vendor/laravel/framework/src/Illuminate/Pipeline/Pipeline.php(219): Illuminate/Http/Middleware/AddLinkHeadersForPreloadedAssets->handle(Object(Illuminate/Http/Request), Object(Closure))
#24 C:/Users/sumarin/Herd/foodpos-690916/foodpos/vendor/inertiajs/inertia-laravel/src/Middleware.php(122): Illuminate/Pipeline/Pipeline->Illuminate/Pipeline/{closure}(Object(Illuminate/Http/Request))
#25 C:/Users/sumarin/Herd/foodpos-690916/foodpos/vendor/laravel/framework/src/Illuminate/Pipeline/Pipeline.php(219): Inertia/Middleware->handle(Object(Illuminate/Http/Request), Object(Closure))
#26 C:/Users/sumarin/Herd/foodpos-690916/foodpos/app/Http/Middleware/ResolveCurrentBranch.php(40): Illuminate/Pipeline/Pipeline->Illuminate/Pipeline/{closure}(Object(Illuminate/Http/Request))
#27 C:/Users/sumarin/Herd/foodpos-690916/foodpos/vendor/laravel/framework/src/Illuminate/Pipeline/Pipeline.php(219): App/Http/Middleware/ResolveCurrentBranch->handle(Object(Illuminate/Http/Request), Object(Closure))
#28 C:/Users/sumarin/Herd/foodpos-690916/foodpos/vendor/laravel/framework/src/Illuminate/Routing/Middleware/SubstituteBindings.php(50): Illuminate/Pipeline/Pipeline->Illuminate/Pipeline/{closure}(Object(Illuminate/Http/Request))
#29 C:/Users/sumarin/Herd/foodpos-690916/foodpos/vendor/laravel/framework/src/Illuminate/Pipeline/Pipeline.php(219): Illuminate/Routing/Middleware/SubstituteBindings->handle(Object(Illuminate/Http/Request), Object(Closure))
#30 C:/Users/sumarin/Herd/foodpos-690916/foodpos/vendor/laravel/framework/src/Illuminate/Auth/Middleware/Authenticate.php(63): Illuminate/Pipeline/Pipeline->Illuminate/Pipeline/{closure}(Object(Illuminate/Http/Request))
#31 C:/Users/sumarin/Herd/foodpos-690916/foodpos/vendor/laravel/framework/src/Illuminate/Pipeline/Pipeline.php(219): Illuminate/Auth/Middleware/Authenticate->handle(Object(Illuminate/Http/Request), Object(Closure))
#32 C:/Users/sumarin/Herd/foodpos-690916/foodpos/vendor/laravel/framework/src/Illuminate/Foundation/Http/Middleware/VerifyCsrfToken.php(87): Illuminate/Pipeline/Pipeline->Illuminate/Pipeline/{closure}(Object(Illuminate/Http/Request))
#33 C:/Users/sumarin/Herd/foodpos-690916/foodpos/vendor/laravel/framework/src/Illuminate/Pipeline/Pipeline.php(219): Illuminate/Foundation/Http/Middleware/VerifyCsrfToken->handle(Object(Illuminate/Http/Request), Object(Closure))
#34 C:/Users/sumarin/Herd/foodpos-690916/foodpos/vendor/laravel/framework/src/Illuminate/View/Middleware/ShareErrorsFromSession.php(48): Illuminate/Pipeline/Pipeline->Illuminate/Pipeline/{closure}(Object(Illuminate/Http/Request))
#35 C:/Users/sumarin/Herd/foodpos-690916/foodpos/vendor/laravel/framework/src/Illuminate/Pipeline/Pipeline.php(219): Illuminate/View/Middleware/ShareErrorsFromSession->handle(Object(Illuminate/Http/Request), Object(Closure))
#36 C:/Users/sumarin/Herd/foodpos-690916/foodpos/vendor/laravel/framework/src/Illuminate/Session/Middleware/StartSession.php(120): Illuminate/Pipeline/Pipeline->Illuminate/Pipeline/{closure}(Object(Illuminate/Http/Request))
#37 C:/Users/sumarin/Herd/foodpos-690916/foodpos/vendor/laravel/framework/src/Illuminate/Session/Middleware/StartSession.php(63): Illuminate/Session/Middleware/StartSession->handleStatefulRequest(Object(Illuminate/Http/Request), Object(Illuminate/Session/Store), Object(Closure))
#38 C:/Users/sumarin/Herd/foodpos-690916/foodpos/vendor/laravel/framework/src/Illuminate/Pipeline/Pipeline.php(219): Illuminate/Session/Middleware/StartSession->handle(Object(Illuminate/Http/Request), Object(Closure))
#39 C:/Users/sumarin/Herd/foodpos-690916/foodpos/vendor/laravel/framework/src/Illuminate/Cookie/Middleware/AddQueuedCookiesToResponse.php(36): Illuminate/Pipeline/Pipeline->Illuminate/Pipeline/{closure}(Object(Illuminate/Http/Request))
#40 C:/Users/sumarin/Herd/foodpos-690916/foodpos/vendor/laravel/framework/src/Illuminate/Pipeline/Pipeline.php(219): Illuminate/Cookie/Middleware/AddQueuedCookiesToResponse->handle(Object(Illuminate/Http/Request), Object(Closure))
#41 C:/Users/sumarin/Herd/foodpos-690916/foodpos/vendor/laravel/framework/src/Illuminate/Cookie/Middleware/EncryptCookies.php(74): Illuminate/Pipeline/Pipeline->Illuminate/Pipeline/{closure}(Object(Illuminate/Http/Request))
#42 C:/Users/sumarin/Herd/foodpos-690916/foodpos/vendor/laravel/framework/src/Illuminate/Pipeline/Pipeline.php(219): Illuminate/Cookie/Middleware/EncryptCookies->handle(Object(Illuminate/Http/Request), Object(Closure))
#43 C:/Users/sumarin/Herd/foodpos-690916/foodpos/vendor/laravel/framework/src/Illuminate/Pipeline/Pipeline.php(137): Illuminate/Pipeline/Pipeline->Illuminate/Pipeline/{closure}(Object(Illuminate/Http/Request))
#44 C:/Users/sumarin/Herd/foodpos-690916/foodpos/vendor/laravel/framework/src/Illuminate/Routing/Router.php(821): Illuminate/Pipeline/Pipeline->then(Object(Closure))
#45 C:/Users/sumarin/Herd/foodpos-690916/foodpos/vendor/laravel/framework/src/Illuminate/Routing/Router.php(800): Illuminate/Routing/Router->runRouteWithinStack(Object(Illuminate/Routing/Route), Object(Illuminate/Http/Request))
#46 C:/Users/sumarin/Herd/foodpos-690916/foodpos/vendor/laravel/framework/src/Illuminate/Routing/Router.php(764): Illuminate/Routing/Router->runRoute(Object(Illuminate/Http/Request), Object(Illuminate/Routing/Route))
#47 C:/Users/sumarin/Herd/foodpos-690916/foodpos/vendor/laravel/framework/src/Illuminate/Routing/Router.php(753): Illuminate/Routing/Router->dispatchToRoute(Object(Illuminate/Http/Request))
#48 C:/Users/sumarin/Herd/foodpos-690916/foodpos/vendor/laravel/framework/src/Illuminate/Foundation/Http/Kernel.php(200): Illuminate/Routing/Router->dispatch(Object(Illuminate/Http/Request))
#49 C:/Users/sumarin/Herd/foodpos-690916/foodpos/vendor/laravel/framework/src/Illuminate/Pipeline/Pipeline.php(180): Illuminate/Foundation/Http/Kernel->Illuminate/Foundation/Http/{closure}(Object(Illuminate/Http/Request))
#50 C:/Users/sumarin/Herd/foodpos-690916/foodpos/vendor/laravel/framework/src/Illuminate/Foundation/Http/Middleware/TransformsRequest.php(21): Illuminate/Pipeline/Pipeline->Illuminate/Pipeline/{closure}(Object(Illuminate/Http/Request))
#51 C:/Users/sumarin/Herd/foodpos-690916/foodpos/vendor/laravel/framework/src/Illuminate/Foundation/Http/Middleware/ConvertEmptyStringsToNull.php(31): Illuminate/Foundation/Http/Middleware/TransformsRequest->handle(Object(Illuminate/Http/Request), Object(Closure))
#52 C:/Users/sumarin/Herd/foodpos-690916/foodpos/vendor/laravel/framework/src/Illuminate/Pipeline/Pipeline.php(219): Illuminate/Foundation/Http/Middleware/ConvertEmptyStringsToNull->handle(Object(Illuminate/Http/Request), Object(Closure))
#53 C:/Users/sumarin/Herd/foodpos-690916/foodpos/vendor/laravel/framework/src/Illuminate/Foundation/Http/Middleware/TransformsRequest.php(21): Illuminate/Pipeline/Pipeline->Illuminate/Pipeline/{closure}(Object(Illuminate/Http/Request))
#54 C:/Users/sumarin/Herd/foodpos-690916/foodpos/vendor/laravel/framework/src/Illuminate/Foundation/Http/Middleware/TrimStrings.php(51): Illuminate/Foundation/Http/Middleware/TransformsRequest->handle(Object(Illuminate/Http/Request), Object(Closure))
#55 C:/Users/sumarin/Herd/foodpos-690916/foodpos/vendor/laravel/framework/src/Illuminate/Pipeline/Pipeline.php(219): Illuminate/Foundation/Http/Middleware/TrimStrings->handle(Object(Illuminate/Http/Request), Object(Closure))
#56 C:/Users/sumarin/Herd/foodpos-690916/foodpos/vendor/laravel/framework/src/Illuminate/Http/Middleware/ValidatePostSize.php(27): Illuminate/Pipeline/Pipeline->Illuminate/Pipeline/{closure}(Object(Illuminate/Http/Request))
#57 C:/Users/sumarin/Herd/foodpos-690916/foodpos/vendor/laravel/framework/src/Illuminate/Pipeline/Pipeline.php(219): Illuminate/Http/Middleware/ValidatePostSize->handle(Object(Illuminate/Http/Request), Object(Closure))
#58 C:/Users/sumarin/Herd/foodpos-690916/foodpos/vendor/laravel/framework/src/Illuminate/Foundation/Http/Middleware/PreventRequestsDuringMaintenance.php(109): Illuminate/Pipeline/Pipeline->Illuminate/Pipeline/{closure}(Object(Illuminate/Http/Request))
#59 C:/Users/sumarin/Herd/foodpos-690916/foodpos/vendor/laravel/framework/src/Illuminate/Pipeline/Pipeline.php(219): Illuminate/Foundation/Http/Middleware/PreventRequestsDuringMaintenance->handle(Object(Illuminate/Http/Request), Object(Closure))
#60 C:/Users/sumarin/Herd/foodpos-690916/foodpos/vendor/laravel/framework/src/Illuminate/Http/Middleware/HandleCors.php(61): Illuminate/Pipeline/Pipeline->Illuminate/Pipeline/{closure}(Object(Illuminate/Http/Request))
#61 C:/Users/sumarin/Herd/foodpos-690916/foodpos/vendor/laravel/framework/src/Illuminate/Pipeline/Pipeline.php(219): Illuminate/Http/Middleware/HandleCors->handle(Object(Illuminate/Http/Request), Object(Closure))
#62 C:/Users/sumarin/Herd/foodpos-690916/foodpos/vendor/laravel/framework/src/Illuminate/Http/Middleware/TrustProxies.php(58): Illuminate/Pipeline/Pipeline->Illuminate/Pipeline/{closure}(Object(Illuminate/Http/Request))
#63 C:/Users/sumarin/Herd/foodpos-690916/foodpos/vendor/laravel/framework/src/Illuminate/Pipeline/Pipeline.php(219): Illuminate/Http/Middleware/TrustProxies->handle(Object(Illuminate/Http/Request), Object(Closure))
#64 C:/Users/sumarin/Herd/foodpos-690916/foodpos/vendor/laravel/framework/src/Illuminate/Foundation/Http/Middleware/InvokeDeferredCallbacks.php(22): Illuminate/Pipeline/Pipeline->Illuminate/Pipeline/{closure}(Object(Illuminate/Http/Request))
#65 C:/Users/sumarin/Herd/foodpos-690916/foodpos/vendor/laravel/framework/src/Illuminate/Pipeline/Pipeline.php(219): Illuminate/Foundation/Http/Middleware/InvokeDeferredCallbacks->handle(Object(Illuminate/Http/Request), Object(Closure))
#66 C:/Users/sumarin/Herd/foodpos-690916/foodpos/vendor/laravel/framework/src/Illuminate/Http/Middleware/ValidatePathEncoding.php(26): Illuminate/Pipeline/Pipeline->Illuminate/Pipeline/{closure}(Object(Illuminate/Http/Request))
#67 C:/Users/sumarin/Herd/foodpos-690916/foodpos/vendor/laravel/framework/src/Illuminate/Pipeline/Pipeline.php(219): Illuminate/Http/Middleware/ValidatePathEncoding->handle(Object(Illuminate/Http/Request), Object(Closure))
#68 C:/Users/sumarin/Herd/foodpos-690916/foodpos/vendor/laravel/framework/src/Illuminate/Pipeline/Pipeline.php(137): Illuminate/Pipeline/Pipeline->Illuminate/Pipeline/{closure}(Object(Illuminate/Http/Request))
#69 C:/Users/sumarin/Herd/foodpos-690916/foodpos/vendor/laravel/framework/src/Illuminate/Foundation/Http/Kernel.php(175): Illuminate/Pipeline/Pipeline->then(Object(Closure))
#70 C:/Users/sumarin/Herd/foodpos-690916/foodpos/vendor/laravel/framework/src/Illuminate/Foundation/Http/Kernel.php(144): Illuminate/Foundation/Http/Kernel->sendRequestThroughRouter(Object(Illuminate/Http/Request))
#71 C:/Users/sumarin/Herd/foodpos-690916/foodpos/vendor/laravel/framework/src/Illuminate/Foundation/Application.php(1220): Illuminate/Foundation/Http/Kernel->handle(Object(Illuminate/Http/Request))
#72 C:/Users/sumarin/Herd/foodpos-690916/foodpos/public/index.php(14): Illuminate/Foundation/Application->handleRequest(Object(Illuminate/Http/Request))
#73 C:/Users/sumarin/Herd/foodpos-690916/foodpos/vendor/laravel/framework/src/Illuminate/Foundation/resources/server.php(23): require_once('C://Users//sumari...')
#74 {main}

[previous exception] [object] (PDOException(code: HY000): SQLSTATE[HY000]: General error: 1 no such table: POS2_promotion_items at C:/Users/sumarin/Herd/foodpos-690916/foodpos/vendor/laravel/framework/src/Illuminate/Database/Connection.php:420)
[stacktrace]
#0 C:/Users/sumarin/Herd/foodpos-690916/foodpos/vendor/laravel/framework/src/Illuminate/Database/Connection.php(420): PDO->prepare('select * from \"...')
#1 C:/Users/sumarin/Herd/foodpos-690916/foodpos/vendor/laravel/framework/src/Illuminate/Database/Connection.php(827): Illuminate/Database/Connection->Illuminate/Database/{closure}('select * from \"...', Array)
#2 C:/Users/sumarin/Herd/foodpos-690916/foodpos/vendor/laravel/framework/src/Illuminate/Database/Connection.php(794): Illuminate/Database/Connection->runQueryCallback('select * from \"...', Array, Object(Closure))
#3 C:/Users/sumarin/Herd/foodpos-690916/foodpos/vendor/laravel/framework/src/Illuminate/Database/Connection.php(411): Illuminate/Database/Connection->run('select * from \"...', Array, Object(Closure))
#4 C:/Users/sumarin/Herd/foodpos-690916/foodpos/vendor/laravel/framework/src/Illuminate/Database/Query/Builder.php(3505): Illuminate/Database/Connection->select('select * from \"...', Array, true)
#5 C:/Users/sumarin/Herd/foodpos-690916/foodpos/vendor/laravel/framework/src/Illuminate/Database/Query/Builder.php(3490): Illuminate/Database/Query/Builder->runSelect()
#6 C:/Users/sumarin/Herd/foodpos-690916/foodpos/vendor/laravel/framework/src/Illuminate/Database/Query/Builder.php(4080): Illuminate/Database/Query/Builder->Illuminate/Database/Query/{closure}()
#7 C:/Users/sumarin/Herd/foodpos-690916/foodpos/vendor/laravel/framework/src/Illuminate/Database/Query/Builder.php(3489): Illuminate/Database/Query/Builder->onceWithColumns(Array, Object(Closure))
#8 C:/Users/sumarin/Herd/foodpos-690916/foodpos/vendor/laravel/framework/src/Illuminate/Database/Eloquent/Builder.php(902): Illuminate/Database/Query/Builder->get(Array)
#9 C:/Users/sumarin/Herd/foodpos-690916/foodpos/vendor/laravel/framework/src/Illuminate/Database/Eloquent/Builder.php(884): Illuminate/Database/Eloquent/Builder->getModels(Array)
#10 C:/Users/sumarin/Herd/foodpos-690916/foodpos/vendor/laravel/framework/src/Illuminate/Database/Eloquent/Relations/Relation.php(212): Illuminate/Database/Eloquent/Builder->get(Array)
#11 C:/Users/sumarin/Herd/foodpos-690916/foodpos/vendor/laravel/framework/src/Illuminate/Database/Eloquent/Relations/Relation.php(175): Illuminate/Database/Eloquent/Relations/Relation->get()
#12 C:/Users/sumarin/Herd/foodpos-690916/foodpos/vendor/laravel/framework/src/Illuminate/Database/Eloquent/Builder.php(950): Illuminate/Database/Eloquent/Relations/Relation->getEager()
#13 C:/Users/sumarin/Herd/foodpos-690916/foodpos/vendor/laravel/framework/src/Illuminate/Database/Eloquent/Builder.php(919): Illuminate/Database/Eloquent/Builder->eagerLoadRelation(Array, 'items', Object(Closure))
#14 C:/Users/sumarin/Herd/foodpos-690916/foodpos/vendor/laravel/framework/src/Illuminate/Database/Eloquent/Builder.php(885): Illuminate/Database/Eloquent/Builder->eagerLoadRelations(Array)
#15 C:/Users/sumarin/Herd/foodpos-690916/foodpos/vendor/laravel/framework/src/Illuminate/Database/Eloquent/Builder.php(1125): Illuminate/Database/Eloquent/Builder->get(Array)
#16 C:/Users/sumarin/Herd/foodpos-690916/foodpos/app/Http/Controllers/BackOffice/PromotionController.php(38): Illuminate/Database/Eloquent/Builder->paginate(20)
#17 C:/Users/sumarin/Herd/foodpos-690916/foodpos/vendor/laravel/framework/src/Illuminate/Routing/ControllerDispatcher.php(46): App/Http/Controllers/BackOffice/PromotionController->index()
#18 C:/Users/sumarin/Herd/foodpos-690916/foodpos/vendor/laravel/framework/src/Illuminate/Routing/Route.php(265): Illuminate/Routing/ControllerDispatcher->dispatch(Object(Illuminate/Routing/Route), Object(App/Http/Controllers/BackOffice/PromotionController), 'index')
#19 C:/Users/sumarin/Herd/foodpos-690916/foodpos/vendor/laravel/framework/src/Illuminate/Routing/Route.php(211): Illuminate/Routing/Route->runController()
#20 C:/Users/sumarin/Herd/foodpos-690916/foodpos/vendor/laravel/framework/src/Illuminate/Routing/Router.php(822): Illuminate/Routing/Route->run()
#21 C:/Users/sumarin/Herd/foodpos-690916/foodpos/vendor/laravel/framework/src/Illuminate/Pipeline/Pipeline.php(180): Illuminate/Routing/Router->Illuminate/Routing/{closure}(Object(Illuminate/Http/Request))
#22 C:/Users/sumarin/Herd/foodpos-690916/foodpos/app/Http/Middleware/EnsureUserHasPermission.php(25): Illuminate/Pipeline/Pipeline->Illuminate/Pipeline/{closure}(Object(Illuminate/Http/Request))
#23 C:/Users/sumarin/Herd/foodpos-690916/foodpos/vendor/laravel/framework/src/Illuminate/Pipeline/Pipeline.php(219): App/Http/Middleware/EnsureUserHasPermission->handle(Object(Illuminate/Http/Request), Object(Closure), 'backoffice.acce...')
#24 C:/Users/sumarin/Herd/foodpos-690916/foodpos/vendor/laravel/framework/src/Illuminate/Http/Middleware/AddLinkHeadersForPreloadedAssets.php(32): Illuminate/Pipeline/Pipeline->Illuminate/Pipeline/{closure}(Object(Illuminate/Http/Request))
#25 C:/Users/sumarin/Herd/foodpos-690916/foodpos/vendor/laravel/framework/src/Illuminate/Pipeline/Pipeline.php(219): Illuminate/Http/Middleware/AddLinkHeadersForPreloadedAssets->handle(Object(Illuminate/Http/Request), Object(Closure))
#26 C:/Users/sumarin/Herd/foodpos-690916/foodpos/vendor/inertiajs/inertia-laravel/src/Middleware.php(122): Illuminate/Pipeline/Pipeline->Illuminate/Pipeline/{closure}(Object(Illuminate/Http/Request))
#27 C:/Users/sumarin/Herd/foodpos-690916/foodpos/vendor/laravel/framework/src/Illuminate/Pipeline/Pipeline.php(219): Inertia/Middleware->handle(Object(Illuminate/Http/Request), Object(Closure))
#28 C:/Users/sumarin/Herd/foodpos-690916/foodpos/app/Http/Middleware/ResolveCurrentBranch.php(40): Illuminate/Pipeline/Pipeline->Illuminate/Pipeline/{closure}(Object(Illuminate/Http/Request))
#29 C:/Users/sumarin/Herd/foodpos-690916/foodpos/vendor/laravel/framework/src/Illuminate/Pipeline/Pipeline.php(219): App/Http/Middleware/ResolveCurrentBranch->handle(Object(Illuminate/Http/Request), Object(Closure))
#30 C:/Users/sumarin/Herd/foodpos-690916/foodpos/vendor/laravel/framework/src/Illuminate/Routing/Middleware/SubstituteBindings.php(50): Illuminate/Pipeline/Pipeline->Illuminate/Pipeline/{closure}(Object(Illuminate/Http/Request))
#31 C:/Users/sumarin/Herd/foodpos-690916/foodpos/vendor/laravel/framework/src/Illuminate/Pipeline/Pipeline.php(219): Illuminate/Routing/Middleware/SubstituteBindings->handle(Object(Illuminate/Http/Request), Object(Closure))
#32 C:/Users/sumarin/Herd/foodpos-690916/foodpos/vendor/laravel/framework/src/Illuminate/Auth/Middleware/Authenticate.php(63): Illuminate/Pipeline/Pipeline->Illuminate/Pipeline/{closure}(Object(Illuminate/Http/Request))
#33 C:/Users/sumarin/Herd/foodpos-690916/foodpos/vendor/laravel/framework/src/Illuminate/Pipeline/Pipeline.php(219): Illuminate/Auth/Middleware/Authenticate->handle(Object(Illuminate/Http/Request), Object(Closure))
#34 C:/Users/sumarin/Herd/foodpos-690916/foodpos/vendor/laravel/framework/src/Illuminate/Foundation/Http/Middleware/VerifyCsrfToken.php(87): Illuminate/Pipeline/Pipeline->Illuminate/Pipeline/{closure}(Object(Illuminate/Http/Request))
#35 C:/Users/sumarin/Herd/foodpos-690916/foodpos/vendor/laravel/framework/src/Illuminate/Pipeline/Pipeline.php(219): Illuminate/Foundation/Http/Middleware/VerifyCsrfToken->handle(Object(Illuminate/Http/Request), Object(Closure))
#36 C:/Users/sumarin/Herd/foodpos-690916/foodpos/vendor/laravel/framework/src/Illuminate/View/Middleware/ShareErrorsFromSession.php(48): Illuminate/Pipeline/Pipeline->Illuminate/Pipeline/{closure}(Object(Illuminate/Http/Request))
#37 C:/Users/sumarin/Herd/foodpos-690916/foodpos/vendor/laravel/framework/src/Illuminate/Pipeline/Pipeline.php(219): Illuminate/View/Middleware/ShareErrorsFromSession->handle(Object(Illuminate/Http/Request), Object(Closure))
#38 C:/Users/sumarin/Herd/foodpos-690916/foodpos/vendor/laravel/framework/src/Illuminate/Session/Middleware/StartSession.php(120): Illuminate/Pipeline/Pipeline->Illuminate/Pipeline/{closure}(Object(Illuminate/Http/Request))
#39 C:/Users/sumarin/Herd/foodpos-690916/foodpos/vendor/laravel/framework/src/Illuminate/Session/Middleware/StartSession.php(63): Illuminate/Session/Middleware/StartSession->handleStatefulRequest(Object(Illuminate/Http/Request), Object(Illuminate/Session/Store), Object(Closure))
#40 C:/Users/sumarin/Herd/foodpos-690916/foodpos/vendor/laravel/framework/src/Illuminate/Pipeline/Pipeline.php(219): Illuminate/Session/Middleware/StartSession->handle(Object(Illuminate/Http/Request), Object(Closure))
#41 C:/Users/sumarin/Herd/foodpos-690916/foodpos/vendor/laravel/framework/src/Illuminate/Cookie/Middleware/AddQueuedCookiesToResponse.php(36): Illuminate/Pipeline/Pipeline->Illuminate/Pipeline/{closure}(Object(Illuminate/Http/Request))
#42 C:/Users/sumarin/Herd/foodpos-690916/foodpos/vendor/laravel/framework/src/Illuminate/Pipeline/Pipeline.php(219): Illuminate/Cookie/Middleware/AddQueuedCookiesToResponse->handle(Object(Illuminate/Http/Request), Object(Closure))
#43 C:/Users/sumarin/Herd/foodpos-690916/foodpos/vendor/laravel/framework/src/Illuminate/Cookie/Middleware/EncryptCookies.php(74): Illuminate/Pipeline/Pipeline->Illuminate/Pipeline/{closure}(Object(Illuminate/Http/Request))
#44 C:/Users/sumarin/Herd/foodpos-690916/foodpos/vendor/laravel/framework/src/Illuminate/Pipeline/Pipeline.php(219): Illuminate/Cookie/Middleware/EncryptCookies->handle(Object(Illuminate/Http/Request), Object(Closure))
#45 C:/Users/sumarin/Herd/foodpos-690916/foodpos/vendor/laravel/framework/src/Illuminate/Pipeline/Pipeline.php(137): Illuminate/Pipeline/Pipeline->Illuminate/Pipeline/{closure}(Object(Illuminate/Http/Request))
#46 C:/Users/sumarin/Herd/foodpos-690916/foodpos/vendor/laravel/framework/src/Illuminate/Routing/Router.php(821): Illuminate/Pipeline/Pipeline->then(Object(Closure))
#47 C:/Users/sumarin/Herd/foodpos-690916/foodpos/vendor/laravel/framework/src/Illuminate/Routing/Router.php(800): Illuminate/Routing/Router->runRouteWithinStack(Object(Illuminate/Routing/Route), Object(Illuminate/Http/Request))
#48 C:/Users/sumarin/Herd/foodpos-690916/foodpos/vendor/laravel/framework/src/Illuminate/Routing/Router.php(764): Illuminate/Routing/Router->runRoute(Object(Illuminate/Http/Request), Object(Illuminate/Routing/Route))
#49 C:/Users/sumarin/Herd/foodpos-690916/foodpos/vendor/laravel/framework/src/Illuminate/Routing/Router.php(753): Illuminate/Routing/Router->dispatchToRoute(Object(Illuminate/Http/Request))
#50 C:/Users/sumarin/Herd/foodpos-690916/foodpos/vendor/laravel/framework/src/Illuminate/Foundation/Http/Kernel.php(200): Illuminate/Routing/Router->dispatch(Object(Illuminate/Http/Request))
#51 C:/Users/sumarin/Herd/foodpos-690916/foodpos/vendor/laravel/framework/src/Illuminate/Pipeline/Pipeline.php(180): Illuminate/Foundation/Http/Kernel->Illuminate/Foundation/Http/{closure}(Object(Illuminate/Http/Request))
#52 C:/Users/sumarin/Herd/foodpos-690916/foodpos/vendor/laravel/framework/src/Illuminate/Foundation/Http/Middleware/TransformsRequest.php(21): Illuminate/Pipeline/Pipeline->Illuminate/Pipeline/{closure}(Object(Illuminate/Http/Request))
#53 C:/Users/sumarin/Herd/foodpos-690916/foodpos/vendor/laravel/framework/src/Illuminate/Foundation/Http/Middleware/ConvertEmptyStringsToNull.php(31): Illuminate/Foundation/Http/Middleware/TransformsRequest->handle(Object(Illuminate/Http/Request), Object(Closure))
#54 C:/Users/sumarin/Herd/foodpos-690916/foodpos/vendor/laravel/framework/src/Illuminate/Pipeline/Pipeline.php(219): Illuminate/Foundation/Http/Middleware/ConvertEmptyStringsToNull->handle(Object(Illuminate/Http/Request), Object(Closure))
#55 C:/Users/sumarin/Herd/foodpos-690916/foodpos/vendor/laravel/framework/src/Illuminate/Foundation/Http/Middleware/TransformsRequest.php(21): Illuminate/Pipeline/Pipeline->Illuminate/Pipeline/{closure}(Object(Illuminate/Http/Request))
#56 C:/Users/sumarin/Herd/foodpos-690916/foodpos/vendor/laravel/framework/src/Illuminate/Foundation/Http/Middleware/TrimStrings.php(51): Illuminate/Foundation/Http/Middleware/TransformsRequest->handle(Object(Illuminate/Http/Request), Object(Closure))
#57 C:/Users/sumarin/Herd/foodpos-690916/foodpos/vendor/laravel/framework/src/Illuminate/Pipeline/Pipeline.php(219): Illuminate/Foundation/Http/Middleware/TrimStrings->handle(Object(Illuminate/Http/Request), Object(Closure))
#58 C:/Users/sumarin/Herd/foodpos-690916/foodpos/vendor/laravel/framework/src/Illuminate/Http/Middleware/ValidatePostSize.php(27): Illuminate/Pipeline/Pipeline->Illuminate/Pipeline/{closure}(Object(Illuminate/Http/Request))
#59 C:/Users/sumarin/Herd/foodpos-690916/foodpos/vendor/laravel/framework/src/Illuminate/Pipeline/Pipeline.php(219): Illuminate/Http/Middleware/ValidatePostSize->handle(Object(Illuminate/Http/Request), Object(Closure))
#60 C:/Users/sumarin/Herd/foodpos-690916/foodpos/vendor/laravel/framework/src/Illuminate/Foundation/Http/Middleware/PreventRequestsDuringMaintenance.php(109): Illuminate/Pipeline/Pipeline->Illuminate/Pipeline/{closure}(Object(Illuminate/Http/Request))
#61 C:/Users/sumarin/Herd/foodpos-690916/foodpos/vendor/laravel/framework/src/Illuminate/Pipeline/Pipeline.php(219): Illuminate/Foundation/Http/Middleware/PreventRequestsDuringMaintenance->handle(Object(Illuminate/Http/Request), Object(Closure))
#62 C:/Users/sumarin/Herd/foodpos-690916/foodpos/vendor/laravel/framework/src/Illuminate/Http/Middleware/HandleCors.php(61): Illuminate/Pipeline/Pipeline->Illuminate/Pipeline/{closure}(Object(Illuminate/Http/Request))
#63 C:/Users/sumarin/Herd/foodpos-690916/foodpos/vendor/laravel/framework/src/Illuminate/Pipeline/Pipeline.php(219): Illuminate/Http/Middleware/HandleCors->handle(Object(Illuminate/Http/Request), Object(Closure))
#64 C:/Users/sumarin/Herd/foodpos-690916/foodpos/vendor/laravel/framework/src/Illuminate/Http/Middleware/TrustProxies.php(58): Illuminate/Pipeline/Pipeline->Illuminate/Pipeline/{closure}(Object(Illuminate/Http/Request))
#65 C:/Users/sumarin/Herd/foodpos-690916/foodpos/vendor/laravel/framework/src/Illuminate/Pipeline/Pipeline.php(219): Illuminate/Http/Middleware/TrustProxies->handle(Object(Illuminate/Http/Request), Object(Closure))
#66 C:/Users/sumarin/Herd/foodpos-690916/foodpos/vendor/laravel/framework/src/Illuminate/Foundation/Http/Middleware/InvokeDeferredCallbacks.php(22): Illuminate/Pipeline/Pipeline->Illuminate/Pipeline/{closure}(Object(Illuminate/Http/Request))
#67 C:/Users/sumarin/Herd/foodpos-690916/foodpos/vendor/laravel/framework/src/Illuminate/Pipeline/Pipeline.php(219): Illuminate/Foundation/Http/Middleware/InvokeDeferredCallbacks->handle(Object(Illuminate/Http/Request), Object(Closure))
#68 C:/Users/sumarin/Herd/foodpos-690916/foodpos/vendor/laravel/framework/src/Illuminate/Http/Middleware/ValidatePathEncoding.php(26): Illuminate/Pipeline/Pipeline->Illuminate/Pipeline/{closure}(Object(Illuminate/Http/Request))
#69 C:/Users/sumarin/Herd/foodpos-690916/foodpos/vendor/laravel/framework/src/Illuminate/Pipeline/Pipeline.php(219): Illuminate/Http/Middleware/ValidatePathEncoding->handle(Object(Illuminate/Http/Request), Object(Closure))
#70 C:/Users/sumarin/Herd/foodpos-690916/foodpos/vendor/laravel/framework/src/Illuminate/Pipeline/Pipeline.php(137): Illuminate/Pipeline/Pipeline->Illuminate/Pipeline/{closure}(Object(Illuminate/Http/Request))
#71 C:/Users/sumarin/Herd/foodpos-690916/foodpos/vendor/laravel/framework/src/Illuminate/Foundation/Http/Kernel.php(175): Illuminate/Pipeline/Pipeline->then(Object(Closure))
#72 C:/Users/sumarin/Herd/foodpos-690916/foodpos/vendor/laravel/framework/src/Illuminate/Foundation/Http/Kernel.php(144): Illuminate/Foundation/Http/Kernel->sendRequestThroughRouter(Object(Illuminate/Http/Request))
#73 C:/Users/sumarin/Herd/foodpos-690916/foodpos/vendor/laravel/framework/src/Illuminate/Foundation/Application.php(1220): Illuminate/Foundation/Http/Kernel->handle(Object(Illuminate/Http/Request))
#74 C:/Users/sumarin/Herd/foodpos-690916/foodpos/public/index.php(14): Illuminate/Foundation/Application->handleRequest(Object(Illuminate/Http/Request))
#75 C:/Users/sumarin/Herd/foodpos-690916/foodpos/vendor/laravel/framework/src/Illuminate/Foundation/resources/server.php(23): require_once('C://Users//sumari...')
#76 {main}
"} 
[2026-09-18 06:40:40] local.ERROR: PHP Parse error: Syntax error, unexpected ';' on line 1 {"exception":"[object] (Psy\\Exception\\ParseErrorException(code: 0): PHP Parse error: Syntax error, unexpected ';' on line 1 at C:/Users/sumarin/Herd/foodpos-690916/foodpos/vendor/psy/psysh/src/Exception/ParseErrorException.php:44)
[stacktrace]
#0 C:/Users/sumarin/Herd/foodpos-690916/foodpos/vendor/psy/psysh/src/CodeCleaner.php(657): Psy/Exception/ParseErrorException::fromParseError(Object(PhpParser/Error))
#1 C:/Users/sumarin/Herd/foodpos-690916/foodpos/vendor/psy/psysh/src/CodeCleaner.php(273): Psy/CodeCleaner->parse('<?php dump(App//...', false)
#2 C:/Users/sumarin/Herd/foodpos-690916/foodpos/vendor/psy/psysh/src/Shell.php(1399): Psy/CodeCleaner->clean(Array, false)
#3 C:/Users/sumarin/Herd/foodpos-690916/foodpos/vendor/psy/psysh/src/Shell.php(1506): Psy/Shell->appendCode('dump(App//Models...', true, false)
#4 C:/Users/sumarin/Herd/foodpos-690916/foodpos/vendor/psy/psysh/src/Shell.php(2215): Psy/Shell->setCode('dump(App//Models...', true)
#5 C:/Users/sumarin/Herd/foodpos-690916/foodpos/vendor/laravel/tinker/src/Console/TinkerCommand.php(77): Psy/Shell->execute('dump(App//Models...')
#6 C:/Users/sumarin/Herd/foodpos-690916/foodpos/vendor/laravel/framework/src/Illuminate/Container/BoundMethod.php(36): Laravel/Tinker/Console/TinkerCommand->handle()
#7 C:/Users/sumarin/Herd/foodpos-690916/foodpos/vendor/laravel/framework/src/Illuminate/Container/Util.php(43): Illuminate/Container/BoundMethod::Illuminate/Container/{closure}()
#8 C:/Users/sumarin/Herd/foodpos-690916/foodpos/vendor/laravel/framework/src/Illuminate/Container/BoundMethod.php(96): Illuminate/Container/Util::unwrapIfClosure(Object(Closure))
#9 C:/Users/sumarin/Herd/foodpos-690916/foodpos/vendor/laravel/framework/src/Illuminate/Container/BoundMethod.php(35): Illuminate/Container/BoundMethod::callBoundMethod(Object(Illuminate/Foundation/Application), Array, Object(Closure))
#10 C:/Users/sumarin/Herd/foodpos-690916/foodpos/vendor/laravel/framework/src/Illuminate/Container/Container.php(799): Illuminate/Container/BoundMethod::call(Object(Illuminate/Foundation/Application), Array, Array, NULL)
#11 C:/Users/sumarin/Herd/foodpos-690916/foodpos/vendor/laravel/framework/src/Illuminate/Console/Command.php(211): Illuminate/Container/Container->call(Array)
#12 C:/Users/sumarin/Herd/foodpos-690916/foodpos/vendor/symfony/console/Command/Command.php(341): Illuminate/Console/Command->execute(Object(Symfony/Component/Console/Input/ArgvInput), Object(Illuminate/Console/OutputStyle))
#13 C:/Users/sumarin/Herd/foodpos-690916/foodpos/vendor/laravel/framework/src/Illuminate/Console/Command.php(180): Symfony/Component/Console/Command/Command->run(Object(Symfony/Component/Console/Input/ArgvInput), Object(Illuminate/Console/OutputStyle))
#14 C:/Users/sumarin/Herd/foodpos-690916/foodpos/vendor/symfony/console/Application.php(1117): Illuminate/Console/Command->run(Object(Symfony/Component/Console/Input/ArgvInput), Object(Symfony/Component/Console/Output/ConsoleOutput))
#15 C:/Users/sumarin/Herd/foodpos-690916/foodpos/vendor/symfony/console/Application.php(356): Symfony/Component/Console/Application->doRunCommand(Object(Laravel/Tinker/Console/TinkerCommand), Object(Symfony/Component/Console/Input/ArgvInput), Object(Symfony/Component/Console/Output/ConsoleOutput))
#16 C:/Users/sumarin/Herd/foodpos-690916/foodpos/vendor/symfony/console/Application.php(195): Symfony/Component/Console/Application->doRun(Object(Symfony/Component/Console/Input/ArgvInput), Object(Symfony/Component/Console/Output/ConsoleOutput))
#17 C:/Users/sumarin/Herd/foodpos-690916/foodpos/vendor/laravel/framework/src/Illuminate/Foundation/Console/Kernel.php(198): Symfony/Component/Console/Application->run(Object(Symfony/Component/Console/Input/ArgvInput), Object(Symfony/Component/Console/Output/ConsoleOutput))
#18 C:/Users/sumarin/Herd/foodpos-690916/foodpos/vendor/laravel/framework/src/Illuminate/Foundation/Application.php(1235): Illuminate/Foundation/Console/Kernel->handle(Object(Symfony/Component/Console/Input/ArgvInput), Object(Symfony/Component/Console/Output/ConsoleOutput))
#19 C:/Users/sumarin/Herd/foodpos-690916/foodpos/artisan(11): Illuminate/Foundation/Application->handleCommand(Object(Symfony/Component/Console/Input/ArgvInput))
#20 {main}
"} 
[2026-09-21 02:53:50] local.ERROR: Command "npm" is not defined. {"exception":"[object] (Symfony\\Component\\Console\\Exception\\CommandNotFoundException(code: 0): Command \"npm\" is not defined. at C:/Users/sumarin/Herd/foodpos-690916/foodpos/vendor/symfony/console/Application.php:759)
[stacktrace]
#0 C:/Users/sumarin/Herd/foodpos-690916/foodpos/vendor/symfony/console/Application.php(298): Symfony/Component/Console/Application->find('npm')
#1 C:/Users/sumarin/Herd/foodpos-690916/foodpos/vendor/symfony/console/Application.php(195): Symfony/Component/Console/Application->doRun(Object(Symfony/Component/Console/Input/ArgvInput), Object(Symfony/Component/Console/Output/ConsoleOutput))
#2 C:/Users/sumarin/Herd/foodpos-690916/foodpos/vendor/laravel/framework/src/Illuminate/Foundation/Console/Kernel.php(198): Symfony/Component/Console/Application->run(Object(Symfony/Component/Console/Input/ArgvInput), Object(Symfony/Component/Console/Output/ConsoleOutput))
#3 C:/Users/sumarin/Herd/foodpos-690916/foodpos/vendor/laravel/framework/src/Illuminate/Foundation/Application.php(1235): Illuminate/Foundation/Console/Kernel->handle(Object(Symfony/Component/Console/Input/ArgvInput), Object(Symfony/Component/Console/Output/ConsoleOutput))
#4 C:/Users/sumarin/Herd/foodpos-690916/foodpos/artisan(11): Illuminate/Foundation/Application->handleCommand(Object(Symfony/Component/Console/Input/ArgvInput))
#5 {main}
"} 
[2026-09-21 03:39:56] local.ERROR: SQLSTATE[23000]: Integrity constraint violation: 19 FOREIGN KEY constraint failed (Connection: sqlite, Database: C:\Users\sumarin\Herd\foodpos-690916\foodpos\database\database.sqlite, SQL: delete from "POS2_dining_tables" where "id" = 9) {"userId":1,"exception":"[object] (Illuminate\\Database\\QueryException(code: 23000): SQLSTATE[23000]: Integrity constraint violation: 19 FOREIGN KEY constraint failed (Connection: sqlite, Database: C:\\Users\\sumarin\\Herd\\foodpos-690916\\foodpos\\database\\database.sqlite, SQL: delete from \"POS2_dining_tables\" where \"id\" = 9) at C:/Users/sumarin/Herd/foodpos-690916/foodpos/vendor/laravel/framework/src/Illuminate/Database/Connection.php:838)
[stacktrace]
#0 C:/Users/sumarin/Herd/foodpos-690916/foodpos/vendor/laravel/framework/src/Illuminate/Database/Connection.php(794): Illuminate/Database/Connection->runQueryCallback('delete from \"PO...', Array, Object(Closure))
#1 C:/Users/sumarin/Herd/foodpos-690916/foodpos/vendor/laravel/framework/src/Illuminate/Database/Connection.php(597): Illuminate/Database/Connection->run('delete from \"PO...', Array, Object(Closure))
#2 C:/Users/sumarin/Herd/foodpos-690916/foodpos/vendor/laravel/framework/src/Illuminate/Database/Connection.php(561): Illuminate/Database/Connection->affectingStatement('delete from \"PO...', Array)
#3 C:/Users/sumarin/Herd/foodpos-690916/foodpos/vendor/laravel/framework/src/Illuminate/Database/Query/Builder.php(4426): Illuminate/Database/Connection->delete('delete from \"PO...', Array)
#4 C:/Users/sumarin/Herd/foodpos-690916/foodpos/vendor/laravel/framework/src/Illuminate/Database/Eloquent/Builder.php(1480): Illuminate/Database/Query/Builder->delete()
#5 C:/Users/sumarin/Herd/foodpos-690916/foodpos/vendor/laravel/framework/src/Illuminate/Database/Eloquent/Model.php(1578): Illuminate/Database/Eloquent/Builder->delete()
#6 C:/Users/sumarin/Herd/foodpos-690916/foodpos/vendor/laravel/framework/src/Illuminate/Database/Eloquent/Model.php(1510): Illuminate/Database/Eloquent/Model->performDeleteOnModel()
#7 C:/Users/sumarin/Herd/foodpos-690916/foodpos/app/Http/Controllers/BackOffice/TableController.php(136): Illuminate/Database/Eloquent/Model->delete()
#8 C:/Users/sumarin/Herd/foodpos-690916/foodpos/vendor/laravel/framework/src/Illuminate/Routing/ControllerDispatcher.php(46): App/Http/Controllers/BackOffice/TableController->destroy(Object(App/Models/DiningTable), Object(App/Services/ActivityLogger))
#9 C:/Users/sumarin/Herd/foodpos-690916/foodpos/vendor/laravel/framework/src/Illuminate/Routing/Route.php(265): Illuminate/Routing/ControllerDispatcher->dispatch(Object(Illuminate/Routing/Route), Object(App/Http/Controllers/BackOffice/TableController), 'destroy')
#10 C:/Users/sumarin/Herd/foodpos-690916/foodpos/vendor/laravel/framework/src/Illuminate/Routing/Route.php(211): Illuminate/Routing/Route->runController()
#11 C:/Users/sumarin/Herd/foodpos-690916/foodpos/vendor/laravel/framework/src/Illuminate/Routing/Router.php(822): Illuminate/Routing/Route->run()
#12 C:/Users/sumarin/Herd/foodpos-690916/foodpos/vendor/laravel/framework/src/Illuminate/Pipeline/Pipeline.php(180): Illuminate/Routing/Router->Illuminate/Routing/{closure}(Object(Illuminate/Http/Request))
#13 C:/Users/sumarin/Herd/foodpos-690916/foodpos/app/Http/Middleware/EnsureUserHasPermission.php(25): Illuminate/Pipeline/Pipeline->Illuminate/Pipeline/{closure}(Object(Illuminate/Http/Request))
#14 C:/Users/sumarin/Herd/foodpos-690916/foodpos/vendor/laravel/framework/src/Illuminate/Pipeline/Pipeline.php(219): App/Http/Middleware/EnsureUserHasPermission->handle(Object(Illuminate/Http/Request), Object(Closure), 'backoffice.acce...')
#15 C:/Users/sumarin/Herd/foodpos-690916/foodpos/vendor/laravel/framework/src/Illuminate/Http/Middleware/AddLinkHeadersForPreloadedAssets.php(32): Illuminate/Pipeline/Pipeline->Illuminate/Pipeline/{closure}(Object(Illuminate/Http/Request))
#16 C:/Users/sumarin/Herd/foodpos-690916/foodpos/vendor/laravel/framework/src/Illuminate/Pipeline/Pipeline.php(219): Illuminate/Http/Middleware/AddLinkHeadersForPreloadedAssets->handle(Object(Illuminate/Http/Request), Object(Closure))
#17 C:/Users/sumarin/Herd/foodpos-690916/foodpos/vendor/inertiajs/inertia-laravel/src/Middleware.php(122): Illuminate/Pipeline/Pipeline->Illuminate/Pipeline/{closure}(Object(Illuminate/Http/Request))
#18 C:/Users/sumarin/Herd/foodpos-690916/foodpos/vendor/laravel/framework/src/Illuminate/Pipeline/Pipeline.php(219): Inertia/Middleware->handle(Object(Illuminate/Http/Request), Object(Closure))
#19 C:/Users/sumarin/Herd/foodpos-690916/foodpos/app/Http/Middleware/ResolveCurrentBranch.php(40): Illuminate/Pipeline/Pipeline->Illuminate/Pipeline/{closure}(Object(Illuminate/Http/Request))
#20 C:/Users/sumarin/Herd/foodpos-690916/foodpos/vendor/laravel/framework/src/Illuminate/Pipeline/Pipeline.php(219): App/Http/Middleware/ResolveCurrentBranch->handle(Object(Illuminate/Http/Request), Object(Closure))
#21 C:/Users/sumarin/Herd/foodpos-690916/foodpos/vendor/laravel/framework/src/Illuminate/Routing/Middleware/SubstituteBindings.php(50): Illuminate/Pipeline/Pipeline->Illuminate/Pipeline/{closure}(Object(Illuminate/Http/Request))
#22 C:/Users/sumarin/Herd/foodpos-690916/foodpos/vendor/laravel/framework/src/Illuminate/Pipeline/Pipeline.php(219): Illuminate/Routing/Middleware/SubstituteBindings->handle(Object(Illuminate/Http/Request), Object(Closure))
#23 C:/Users/sumarin/Herd/foodpos-690916/foodpos/vendor/laravel/framework/src/Illuminate/Auth/Middleware/Authenticate.php(63): Illuminate/Pipeline/Pipeline->Illuminate/Pipeline/{closure}(Object(Illuminate/Http/Request))
#24 C:/Users/sumarin/Herd/foodpos-690916/foodpos/vendor/laravel/framework/src/Illuminate/Pipeline/Pipeline.php(219): Illuminate/Auth/Middleware/Authenticate->handle(Object(Illuminate/Http/Request), Object(Closure))
#25 C:/Users/sumarin/Herd/foodpos-690916/foodpos/vendor/laravel/framework/src/Illuminate/Foundation/Http/Middleware/VerifyCsrfToken.php(87): Illuminate/Pipeline/Pipeline->Illuminate/Pipeline/{closure}(Object(Illuminate/Http/Request))
#26 C:/Users/sumarin/Herd/foodpos-690916/foodpos/vendor/laravel/framework/src/Illuminate/Pipeline/Pipeline.php(219): Illuminate/Foundation/Http/Middleware/VerifyCsrfToken->handle(Object(Illuminate/Http/Request), Object(Closure))
#27 C:/Users/sumarin/Herd/foodpos-690916/foodpos/vendor/laravel/framework/src/Illuminate/View/Middleware/ShareErrorsFromSession.php(48): Illuminate/Pipeline/Pipeline->Illuminate/Pipeline/{closure}(Object(Illuminate/Http/Request))
#28 C:/Users/sumarin/Herd/foodpos-690916/foodpos/vendor/laravel/framework/src/Illuminate/Pipeline/Pipeline.php(219): Illuminate/View/Middleware/ShareErrorsFromSession->handle(Object(Illuminate/Http/Request), Object(Closure))
#29 C:/Users/sumarin/Herd/foodpos-690916/foodpos/vendor/laravel/framework/src/Illuminate/Session/Middleware/StartSession.php(120): Illuminate/Pipeline/Pipeline->Illuminate/Pipeline/{closure}(Object(Illuminate/Http/Request))
#30 C:/Users/sumarin/Herd/foodpos-690916/foodpos/vendor/laravel/framework/src/Illuminate/Session/Middleware/StartSession.php(63): Illuminate/Session/Middleware/StartSession->handleStatefulRequest(Object(Illuminate/Http/Request), Object(Illuminate/Session/Store), Object(Closure))
#31 C:/Users/sumarin/Herd/foodpos-690916/foodpos/vendor/laravel/framework/src/Illuminate/Pipeline/Pipeline.php(219): Illuminate/Session/Middleware/StartSession->handle(Object(Illuminate/Http/Request), Object(Closure))
#32 C:/Users/sumarin/Herd/foodpos-690916/foodpos/vendor/laravel/framework/src/Illuminate/Cookie/Middleware/AddQueuedCookiesToResponse.php(36): Illuminate/Pipeline/Pipeline->Illuminate/Pipeline/{closure}(Object(Illuminate/Http/Request))
#33 C:/Users/sumarin/Herd/foodpos-690916/foodpos/vendor/laravel/framework/src/Illuminate/Pipeline/Pipeline.php(219): Illuminate/Cookie/Middleware/AddQueuedCookiesToResponse->handle(Object(Illuminate/Http/Request), Object(Closure))
#34 C:/Users/sumarin/Herd/foodpos-690916/foodpos/vendor/laravel/framework/src/Illuminate/Cookie/Middleware/EncryptCookies.php(74): Illuminate/Pipeline/Pipeline->Illuminate/Pipeline/{closure}(Object(Illuminate/Http/Request))
#35 C:/Users/sumarin/Herd/foodpos-690916/foodpos/vendor/laravel/framework/src/Illuminate/Pipeline/Pipeline.php(219): Illuminate/Cookie/Middleware/EncryptCookies->handle(Object(Illuminate/Http/Request), Object(Closure))
#36 C:/Users/sumarin/Herd/foodpos-690916/foodpos/vendor/laravel/framework/src/Illuminate/Pipeline/Pipeline.php(137): Illuminate/Pipeline/Pipeline->Illuminate/Pipeline/{closure}(Object(Illuminate/Http/Request))
#37 C:/Users/sumarin/Herd/foodpos-690916/foodpos/vendor/laravel/framework/src/Illuminate/Routing/Router.php(821): Illuminate/Pipeline/Pipeline->then(Object(Closure))
#38 C:/Users/sumarin/Herd/foodpos-690916/foodpos/vendor/laravel/framework/src/Illuminate/Routing/Router.php(800): Illuminate/Routing/Router->runRouteWithinStack(Object(Illuminate/Routing/Route), Object(Illuminate/Http/Request))
#39 C:/Users/sumarin/Herd/foodpos-690916/foodpos/vendor/laravel/framework/src/Illuminate/Routing/Router.php(764): Illuminate/Routing/Router->runRoute(Object(Illuminate/Http/Request), Object(Illuminate/Routing/Route))
#40 C:/Users/sumarin/Herd/foodpos-690916/foodpos/vendor/laravel/framework/src/Illuminate/Routing/Router.php(753): Illuminate/Routing/Router->dispatchToRoute(Object(Illuminate/Http/Request))
#41 C:/Users/sumarin/Herd/foodpos-690916/foodpos/vendor/laravel/framework/src/Illuminate/Foundation/Http/Kernel.php(200): Illuminate/Routing/Router->dispatch(Object(Illuminate/Http/Request))
#42 C:/Users/sumarin/Herd/foodpos-690916/foodpos/vendor/laravel/framework/src/Illuminate/Pipeline/Pipeline.php(180): Illuminate/Foundation/Http/Kernel->Illuminate/Foundation/Http/{closure}(Object(Illuminate/Http/Request))
#43 C:/Users/sumarin/Herd/foodpos-690916/foodpos/vendor/laravel/framework/src/Illuminate/Foundation/Http/Middleware/TransformsRequest.php(21): Illuminate/Pipeline/Pipeline->Illuminate/Pipeline/{closure}(Object(Illuminate/Http/Request))
#44 C:/Users/sumarin/Herd/foodpos-690916/foodpos/vendor/laravel/framework/src/Illuminate/Foundation/Http/Middleware/ConvertEmptyStringsToNull.php(31): Illuminate/Foundation/Http/Middleware/TransformsRequest->handle(Object(Illuminate/Http/Request), Object(Closure))
#45 C:/Users/sumarin/Herd/foodpos-690916/foodpos/vendor/laravel/framework/src/Illuminate/Pipeline/Pipeline.php(219): Illuminate/Foundation/Http/Middleware/ConvertEmptyStringsToNull->handle(Object(Illuminate/Http/Request), Object(Closure))
#46 C:/Users/sumarin/Herd/foodpos-690916/foodpos/vendor/laravel/framework/src/Illuminate/Foundation/Http/Middleware/TransformsRequest.php(21): Illuminate/Pipeline/Pipeline->Illuminate/Pipeline/{closure}(Object(Illuminate/Http/Request))
#47 C:/Users/sumarin/Herd/foodpos-690916/foodpos/vendor/laravel/framework/src/Illuminate/Foundation/Http/Middleware/TrimStrings.php(51): Illuminate/Foundation/Http/Middleware/TransformsRequest->handle(Object(Illuminate/Http/Request), Object(Closure))
#48 C:/Users/sumarin/Herd/foodpos-690916/foodpos/vendor/laravel/framework/src/Illuminate/Pipeline/Pipeline.php(219): Illuminate/Foundation/Http/Middleware/TrimStrings->handle(Object(Illuminate/Http/Request), Object(Closure))
#49 C:/Users/sumarin/Herd/foodpos-690916/foodpos/vendor/laravel/framework/src/Illuminate/Http/Middleware/ValidatePostSize.php(27): Illuminate/Pipeline/Pipeline->Illuminate/Pipeline/{closure}(Object(Illuminate/Http/Request))
#50 C:/Users/sumarin/Herd/foodpos-690916/foodpos/vendor/laravel/framework/src/Illuminate/Pipeline/Pipeline.php(219): Illuminate/Http/Middleware/ValidatePostSize->handle(Object(Illuminate/Http/Request), Object(Closure))
#51 C:/Users/sumarin/Herd/foodpos-690916/foodpos/vendor/laravel/framework/src/Illuminate/Foundation/Http/Middleware/PreventRequestsDuringMaintenance.php(109): Illuminate/Pipeline/Pipeline->Illuminate/Pipeline/{closure}(Object(Illuminate/Http/Request))
#52 C:/Users/sumarin/Herd/foodpos-690916/foodpos/vendor/laravel/framework/src/Illuminate/Pipeline/Pipeline.php(219): Illuminate/Foundation/Http/Middleware/PreventRequestsDuringMaintenance->handle(Object(Illuminate/Http/Request), Object(Closure))
#53 C:/Users/sumarin/Herd/foodpos-690916/foodpos/vendor/laravel/framework/src/Illuminate/Http/Middleware/HandleCors.php(61): Illuminate/Pipeline/Pipeline->Illuminate/Pipeline/{closure}(Object(Illuminate/Http/Request))
#54 C:/Users/sumarin/Herd/foodpos-690916/foodpos/vendor/laravel/framework/src/Illuminate/Pipeline/Pipeline.php(219): Illuminate/Http/Middleware/HandleCors->handle(Object(Illuminate/Http/Request), Object(Closure))
#55 C:/Users/sumarin/Herd/foodpos-690916/foodpos/vendor/laravel/framework/src/Illuminate/Http/Middleware/TrustProxies.php(58): Illuminate/Pipeline/Pipeline->Illuminate/Pipeline/{closure}(Object(Illuminate/Http/Request))
#56 C:/Users/sumarin/Herd/foodpos-690916/foodpos/vendor/laravel/framework/src/Illuminate/Pipeline/Pipeline.php(219): Illuminate/Http/Middleware/TrustProxies->handle(Object(Illuminate/Http/Request), Object(Closure))
#57 C:/Users/sumarin/Herd/foodpos-690916/foodpos/vendor/laravel/framework/src/Illuminate/Foundation/Http/Middleware/InvokeDeferredCallbacks.php(22): Illuminate/Pipeline/Pipeline->Illuminate/Pipeline/{closure}(Object(Illuminate/Http/Request))
#58 C:/Users/sumarin/Herd/foodpos-690916/foodpos/vendor/laravel/framework/src/Illuminate/Pipeline/Pipeline.php(219): Illuminate/Foundation/Http/Middleware/InvokeDeferredCallbacks->handle(Object(Illuminate/Http/Request), Object(Closure))
#59 C:/Users/sumarin/Herd/foodpos-690916/foodpos/vendor/laravel/framework/src/Illuminate/Http/Middleware/ValidatePathEncoding.php(26): Illuminate/Pipeline/Pipeline->Illuminate/Pipeline/{closure}(Object(Illuminate/Http/Request))
#60 C:/Users/sumarin/Herd/foodpos-690916/foodpos/vendor/laravel/framework/src/Illuminate/Pipeline/Pipeline.php(219): Illuminate/Http/Middleware/ValidatePathEncoding->handle(Object(Illuminate/Http/Request), Object(Closure))
#61 C:/Users/sumarin/Herd/foodpos-690916/foodpos/vendor/laravel/framework/src/Illuminate/Pipeline/Pipeline.php(137): Illuminate/Pipeline/Pipeline->Illuminate/Pipeline/{closure}(Object(Illuminate/Http/Request))
#62 C:/Users/sumarin/Herd/foodpos-690916/foodpos/vendor/laravel/framework/src/Illuminate/Foundation/Http/Kernel.php(175): Illuminate/Pipeline/Pipeline->then(Object(Closure))
#63 C:/Users/sumarin/Herd/foodpos-690916/foodpos/vendor/laravel/framework/src/Illuminate/Foundation/Http/Kernel.php(144): Illuminate/Foundation/Http/Kernel->sendRequestThroughRouter(Object(Illuminate/Http/Request))
#64 C:/Users/sumarin/Herd/foodpos-690916/foodpos/vendor/laravel/framework/src/Illuminate/Foundation/Application.php(1220): Illuminate/Foundation/Http/Kernel->handle(Object(Illuminate/Http/Request))
#65 C:/Users/sumarin/Herd/foodpos-690916/foodpos/public/index.php(14): Illuminate/Foundation/Application->handleRequest(Object(Illuminate/Http/Request))
#66 C:/Users/sumarin/Herd/foodpos-690916/foodpos/vendor/laravel/framework/src/Illuminate/Foundation/resources/server.php(23): require_once('C://Users//sumari...')
#67 {main}

[previous exception] [object] (PDOException(code: 23000): SQLSTATE[23000]: Integrity constraint violation: 19 FOREIGN KEY constraint failed at C:/Users/sumarin/Herd/foodpos-690916/foodpos/vendor/laravel/framework/src/Illuminate/Database/Connection.php:609)
[stacktrace]
#0 C:/Users/sumarin/Herd/foodpos-690916/foodpos/vendor/laravel/framework/src/Illuminate/Database/Connection.php(609): PDOStatement->execute()
#1 C:/Users/sumarin/Herd/foodpos-690916/foodpos/vendor/laravel/framework/src/Illuminate/Database/Connection.php(827): Illuminate/Database/Connection->Illuminate/Database/{closure}('delete from \"PO...', Array)
#2 C:/Users/sumarin/Herd/foodpos-690916/foodpos/vendor/laravel/framework/src/Illuminate/Database/Connection.php(794): Illuminate/Database/Connection->runQueryCallback('delete from \"PO...', Array, Object(Closure))
#3 C:/Users/sumarin/Herd/foodpos-690916/foodpos/vendor/laravel/framework/src/Illuminate/Database/Connection.php(597): Illuminate/Database/Connection->run('delete from \"PO...', Array, Object(Closure))
#4 C:/Users/sumarin/Herd/foodpos-690916/foodpos/vendor/laravel/framework/src/Illuminate/Database/Connection.php(561): Illuminate/Database/Connection->affectingStatement('delete from \"PO...', Array)
#5 C:/Users/sumarin/Herd/foodpos-690916/foodpos/vendor/laravel/framework/src/Illuminate/Database/Query/Builder.php(4426): Illuminate/Database/Connection->delete('delete from \"PO...', Array)
#6 C:/Users/sumarin/Herd/foodpos-690916/foodpos/vendor/laravel/framework/src/Illuminate/Database/Eloquent/Builder.php(1480): Illuminate/Database/Query/Builder->delete()
#7 C:/Users/sumarin/Herd/foodpos-690916/foodpos/vendor/laravel/framework/src/Illuminate/Database/Eloquent/Model.php(1578): Illuminate/Database/Eloquent/Builder->delete()
#8 C:/Users/sumarin/Herd/foodpos-690916/foodpos/vendor/laravel/framework/src/Illuminate/Database/Eloquent/Model.php(1510): Illuminate/Database/Eloquent/Model->performDeleteOnModel()
#9 C:/Users/sumarin/Herd/foodpos-690916/foodpos/app/Http/Controllers/BackOffice/TableController.php(136): Illuminate/Database/Eloquent/Model->delete()
#10 C:/Users/sumarin/Herd/foodpos-690916/foodpos/vendor/laravel/framework/src/Illuminate/Routing/ControllerDispatcher.php(46): App/Http/Controllers/BackOffice/TableController->destroy(Object(App/Models/DiningTable), Object(App/Services/ActivityLogger))
#11 C:/Users/sumarin/Herd/foodpos-690916/foodpos/vendor/laravel/framework/src/Illuminate/Routing/Route.php(265): Illuminate/Routing/ControllerDispatcher->dispatch(Object(Illuminate/Routing/Route), Object(App/Http/Controllers/BackOffice/TableController), 'destroy')
#12 C:/Users/sumarin/Herd/foodpos-690916/foodpos/vendor/laravel/framework/src/Illuminate/Routing/Route.php(211): Illuminate/Routing/Route->runController()
#13 C:/Users/sumarin/Herd/foodpos-690916/foodpos/vendor/laravel/framework/src/Illuminate/Routing/Router.php(822): Illuminate/Routing/Route->run()
#14 C:/Users/sumarin/Herd/foodpos-690916/foodpos/vendor/laravel/framework/src/Illuminate/Pipeline/Pipeline.php(180): Illuminate/Routing/Router->Illuminate/Routing/{closure}(Object(Illuminate/Http/Request))
#15 C:/Users/sumarin/Herd/foodpos-690916/foodpos/app/Http/Middleware/EnsureUserHasPermission.php(25): Illuminate/Pipeline/Pipeline->Illuminate/Pipeline/{closure}(Object(Illuminate/Http/Request))
#16 C:/Users/sumarin/Herd/foodpos-690916/foodpos/vendor/laravel/framework/src/Illuminate/Pipeline/Pipeline.php(219): App/Http/Middleware/EnsureUserHasPermission->handle(Object(Illuminate/Http/Request), Object(Closure), 'backoffice.acce...')
#17 C:/Users/sumarin/Herd/foodpos-690916/foodpos/vendor/laravel/framework/src/Illuminate/Http/Middleware/AddLinkHeadersForPreloadedAssets.php(32): Illuminate/Pipeline/Pipeline->Illuminate/Pipeline/{closure}(Object(Illuminate/Http/Request))
#18 C:/Users/sumarin/Herd/foodpos-690916/foodpos/vendor/laravel/framework/src/Illuminate/Pipeline/Pipeline.php(219): Illuminate/Http/Middleware/AddLinkHeadersForPreloadedAssets->handle(Object(Illuminate/Http/Request), Object(Closure))
#19 C:/Users/sumarin/Herd/foodpos-690916/foodpos/vendor/inertiajs/inertia-laravel/src/Middleware.php(122): Illuminate/Pipeline/Pipeline->Illuminate/Pipeline/{closure}(Object(Illuminate/Http/Request))
#20 C:/Users/sumarin/Herd/foodpos-690916/foodpos/vendor/laravel/framework/src/Illuminate/Pipeline/Pipeline.php(219): Inertia/Middleware->handle(Object(Illuminate/Http/Request), Object(Closure))
#21 C:/Users/sumarin/Herd/foodpos-690916/foodpos/app/Http/Middleware/ResolveCurrentBranch.php(40): Illuminate/Pipeline/Pipeline->Illuminate/Pipeline/{closure}(Object(Illuminate/Http/Request))
#22 C:/Users/sumarin/Herd/foodpos-690916/foodpos/vendor/laravel/framework/src/Illuminate/Pipeline/Pipeline.php(219): App/Http/Middleware/ResolveCurrentBranch->handle(Object(Illuminate/Http/Request), Object(Closure))
#23 C:/Users/sumarin/Herd/foodpos-690916/foodpos/vendor/laravel/framework/src/Illuminate/Routing/Middleware/SubstituteBindings.php(50): Illuminate/Pipeline/Pipeline->Illuminate/Pipeline/{closure}(Object(Illuminate/Http/Request))
#24 C:/Users/sumarin/Herd/foodpos-690916/foodpos/vendor/laravel/framework/src/Illuminate/Pipeline/Pipeline.php(219): Illuminate/Routing/Middleware/SubstituteBindings->handle(Object(Illuminate/Http/Request), Object(Closure))
#25 C:/Users/sumarin/Herd/foodpos-690916/foodpos/vendor/laravel/framework/src/Illuminate/Auth/Middleware/Authenticate.php(63): Illuminate/Pipeline/Pipeline->Illuminate/Pipeline/{closure}(Object(Illuminate/Http/Request))
#26 C:/Users/sumarin/Herd/foodpos-690916/foodpos/vendor/laravel/framework/src/Illuminate/Pipeline/Pipeline.php(219): Illuminate/Auth/Middleware/Authenticate->handle(Object(Illuminate/Http/Request), Object(Closure))
#27 C:/Users/sumarin/Herd/foodpos-690916/foodpos/vendor/laravel/framework/src/Illuminate/Foundation/Http/Middleware/VerifyCsrfToken.php(87): Illuminate/Pipeline/Pipeline->Illuminate/Pipeline/{closure}(Object(Illuminate/Http/Request))
#28 C:/Users/sumarin/Herd/foodpos-690916/foodpos/vendor/laravel/framework/src/Illuminate/Pipeline/Pipeline.php(219): Illuminate/Foundation/Http/Middleware/VerifyCsrfToken->handle(Object(Illuminate/Http/Request), Object(Closure))
#29 C:/Users/sumarin/Herd/foodpos-690916/foodpos/vendor/laravel/framework/src/Illuminate/View/Middleware/ShareErrorsFromSession.php(48): Illuminate/Pipeline/Pipeline->Illuminate/Pipeline/{closure}(Object(Illuminate/Http/Request))
#30 C:/Users/sumarin/Herd/foodpos-690916/foodpos/vendor/laravel/framework/src/Illuminate/Pipeline/Pipeline.php(219): Illuminate/View/Middleware/ShareErrorsFromSession->handle(Object(Illuminate/Http/Request), Object(Closure))
#31 C:/Users/sumarin/Herd/foodpos-690916/foodpos/vendor/laravel/framework/src/Illuminate/Session/Middleware/StartSession.php(120): Illuminate/Pipeline/Pipeline->Illuminate/Pipeline/{closure}(Object(Illuminate/Http/Request))
#32 C:/Users/sumarin/Herd/foodpos-690916/foodpos/vendor/laravel/framework/src/Illuminate/Session/Middleware/StartSession.php(63): Illuminate/Session/Middleware/StartSession->handleStatefulRequest(Object(Illuminate/Http/Request), Object(Illuminate/Session/Store), Object(Closure))
#33 C:/Users/sumarin/Herd/foodpos-690916/foodpos/vendor/laravel/framework/src/Illuminate/Pipeline/Pipeline.php(219): Illuminate/Session/Middleware/StartSession->handle(Object(Illuminate/Http/Request), Object(Closure))
#34 C:/Users/sumarin/Herd/foodpos-690916/foodpos/vendor/laravel/framework/src/Illuminate/Cookie/Middleware/AddQueuedCookiesToResponse.php(36): Illuminate/Pipeline/Pipeline->Illuminate/Pipeline/{closure}(Object(Illuminate/Http/Request))
#35 C:/Users/sumarin/Herd/foodpos-690916/foodpos/vendor/laravel/framework/src/Illuminate/Pipeline/Pipeline.php(219): Illuminate/Cookie/Middleware/AddQueuedCookiesToResponse->handle(Object(Illuminate/Http/Request), Object(Closure))
#36 C:/Users/sumarin/Herd/foodpos-690916/foodpos/vendor/laravel/framework/src/Illuminate/Cookie/Middleware/EncryptCookies.php(74): Illuminate/Pipeline/Pipeline->Illuminate/Pipeline/{closure}(Object(Illuminate/Http/Request))
#37 C:/Users/sumarin/Herd/foodpos-690916/foodpos/vendor/laravel/framework/src/Illuminate/Pipeline/Pipeline.php(219): Illuminate/Cookie/Middleware/EncryptCookies->handle(Object(Illuminate/Http/Request), Object(Closure))
#38 C:/Users/sumarin/Herd/foodpos-690916/foodpos/vendor/laravel/framework/src/Illuminate/Pipeline/Pipeline.php(137): Illuminate/Pipeline/Pipeline->Illuminate/Pipeline/{closure}(Object(Illuminate/Http/Request))
#39 C:/Users/sumarin/Herd/foodpos-690916/foodpos/vendor/laravel/framework/src/Illuminate/Routing/Router.php(821): Illuminate/Pipeline/Pipeline->then(Object(Closure))
#40 C:/Users/sumarin/Herd/foodpos-690916/foodpos/vendor/laravel/framework/src/Illuminate/Routing/Router.php(800): Illuminate/Routing/Router->runRouteWithinStack(Object(Illuminate/Routing/Route), Object(Illuminate/Http/Request))
#41 C:/Users/sumarin/Herd/foodpos-690916/foodpos/vendor/laravel/framework/src/Illuminate/Routing/Router.php(764): Illuminate/Routing/Router->runRoute(Object(Illuminate/Http/Request), Object(Illuminate/Routing/Route))
#42 C:/Users/sumarin/Herd/foodpos-690916/foodpos/vendor/laravel/framework/src/Illuminate/Routing/Router.php(753): Illuminate/Routing/Router->dispatchToRoute(Object(Illuminate/Http/Request))
#43 C:/Users/sumarin/Herd/foodpos-690916/foodpos/vendor/laravel/framework/src/Illuminate/Foundation/Http/Kernel.php(200): Illuminate/Routing/Router->dispatch(Object(Illuminate/Http/Request))
#44 C:/Users/sumarin/Herd/foodpos-690916/foodpos/vendor/laravel/framework/src/Illuminate/Pipeline/Pipeline.php(180): Illuminate/Foundation/Http/Kernel->Illuminate/Foundation/Http/{closure}(Object(Illuminate/Http/Request))
#45 C:/Users/sumarin/Herd/foodpos-690916/foodpos/vendor/laravel/framework/src/Illuminate/Foundation/Http/Middleware/TransformsRequest.php(21): Illuminate/Pipeline/Pipeline->Illuminate/Pipeline/{closure}(Object(Illuminate/Http/Request))
#46 C:/Users/sumarin/Herd/foodpos-690916/foodpos/vendor/laravel/framework/src/Illuminate/Foundation/Http/Middleware/ConvertEmptyStringsToNull.php(31): Illuminate/Foundation/Http/Middleware/TransformsRequest->handle(Object(Illuminate/Http/Request), Object(Closure))
#47 C:/Users/sumarin/Herd/foodpos-690916/foodpos/vendor/laravel/framework/src/Illuminate/Pipeline/Pipeline.php(219): Illuminate/Foundation/Http/Middleware/ConvertEmptyStringsToNull->handle(Object(Illuminate/Http/Request), Object(Closure))
#48 C:/Users/sumarin/Herd/foodpos-690916/foodpos/vendor/laravel/framework/src/Illuminate/Foundation/Http/Middleware/TransformsRequest.php(21): Illuminate/Pipeline/Pipeline->Illuminate/Pipeline/{closure}(Object(Illuminate/Http/Request))
#49 C:/Users/sumarin/Herd/foodpos-690916/foodpos/vendor/laravel/framework/src/Illuminate/Foundation/Http/Middleware/TrimStrings.php(51): Illuminate/Foundation/Http/Middleware/TransformsRequest->handle(Object(Illuminate/Http/Request), Object(Closure))
#50 C:/Users/sumarin/Herd/foodpos-690916/foodpos/vendor/laravel/framework/src/Illuminate/Pipeline/Pipeline.php(219): Illuminate/Foundation/Http/Middleware/TrimStrings->handle(Object(Illuminate/Http/Request), Object(Closure))
#51 C:/Users/sumarin/Herd/foodpos-690916/foodpos/vendor/laravel/framework/src/Illuminate/Http/Middleware/ValidatePostSize.php(27): Illuminate/Pipeline/Pipeline->Illuminate/Pipeline/{closure}(Object(Illuminate/Http/Request))
#52 C:/Users/sumarin/Herd/foodpos-690916/foodpos/vendor/laravel/framework/src/Illuminate/Pipeline/Pipeline.php(219): Illuminate/Http/Middleware/ValidatePostSize->handle(Object(Illuminate/Http/Request), Object(Closure))
#53 C:/Users/sumarin/Herd/foodpos-690916/foodpos/vendor/laravel/framework/src/Illuminate/Foundation/Http/Middleware/PreventRequestsDuringMaintenance.php(109): Illuminate/Pipeline/Pipeline->Illuminate/Pipeline/{closure}(Object(Illuminate/Http/Request))
#54 C:/Users/sumarin/Herd/foodpos-690916/foodpos/vendor/laravel/framework/src/Illuminate/Pipeline/Pipeline.php(219): Illuminate/Foundation/Http/Middleware/PreventRequestsDuringMaintenance->handle(Object(Illuminate/Http/Request), Object(Closure))
#55 C:/Users/sumarin/Herd/foodpos-690916/foodpos/vendor/laravel/framework/src/Illuminate/Http/Middleware/HandleCors.php(61): Illuminate/Pipeline/Pipeline->Illuminate/Pipeline/{closure}(Object(Illuminate/Http/Request))
#56 C:/Users/sumarin/Herd/foodpos-690916/foodpos/vendor/laravel/framework/src/Illuminate/Pipeline/Pipeline.php(219): Illuminate/Http/Middleware/HandleCors->handle(Object(Illuminate/Http/Request), Object(Closure))
#57 C:/Users/sumarin/Herd/foodpos-690916/foodpos/vendor/laravel/framework/src/Illuminate/Http/Middleware/TrustProxies.php(58): Illuminate/Pipeline/Pipeline->Illuminate/Pipeline/{closure}(Object(Illuminate/Http/Request))
#58 C:/Users/sumarin/Herd/foodpos-690916/foodpos/vendor/laravel/framework/src/Illuminate/Pipeline/Pipeline.php(219): Illuminate/Http/Middleware/TrustProxies->handle(Object(Illuminate/Http/Request), Object(Closure))
#59 C:/Users/sumarin/Herd/foodpos-690916/foodpos/vendor/laravel/framework/src/Illuminate/Foundation/Http/Middleware/InvokeDeferredCallbacks.php(22): Illuminate/Pipeline/Pipeline->Illuminate/Pipeline/{closure}(Object(Illuminate/Http/Request))
#60 C:/Users/sumarin/Herd/foodpos-690916/foodpos/vendor/laravel/framework/src/Illuminate/Pipeline/Pipeline.php(219): Illuminate/Foundation/Http/Middleware/InvokeDeferredCallbacks->handle(Object(Illuminate/Http/Request), Object(Closure))
#61 C:/Users/sumarin/Herd/foodpos-690916/foodpos/vendor/laravel/framework/src/Illuminate/Http/Middleware/ValidatePathEncoding.php(26): Illuminate/Pipeline/Pipeline->Illuminate/Pipeline/{closure}(Object(Illuminate/Http/Request))
#62 C:/Users/sumarin/Herd/foodpos-690916/foodpos/vendor/laravel/framework/src/Illuminate/Pipeline/Pipeline.php(219): Illuminate/Http/Middleware/ValidatePathEncoding->handle(Object(Illuminate/Http/Request), Object(Closure))
#63 C:/Users/sumarin/Herd/foodpos-690916/foodpos/vendor/laravel/framework/src/Illuminate/Pipeline/Pipeline.php(137): Illuminate/Pipeline/Pipeline->Illuminate/Pipeline/{closure}(Object(Illuminate/Http/Request))
#64 C:/Users/sumarin/Herd/foodpos-690916/foodpos/vendor/laravel/framework/src/Illuminate/Foundation/Http/Kernel.php(175): Illuminate/Pipeline/Pipeline->then(Object(Closure))
#65 C:/Users/sumarin/Herd/foodpos-690916/foodpos/vendor/laravel/framework/src/Illuminate/Foundation/Http/Kernel.php(144): Illuminate/Foundation/Http/Kernel->sendRequestThroughRouter(Object(Illuminate/Http/Request))
#66 C:/Users/sumarin/Herd/foodpos-690916/foodpos/vendor/laravel/framework/src/Illuminate/Foundation/Application.php(1220): Illuminate/Foundation/Http/Kernel->handle(Object(Illuminate/Http/Request))
#67 C:/Users/sumarin/Herd/foodpos-690916/foodpos/public/index.php(14): Illuminate/Foundation/Application->handleRequest(Object(Illuminate/Http/Request))
#68 C:/Users/sumarin/Herd/foodpos-690916/foodpos/vendor/laravel/framework/src/Illuminate/Foundation/resources/server.php(23): require_once('C://Users//sumari...')
#69 {main}
"} 
[2026-09-21 07:44:53] local.ERROR: Call to undefined relationship [modifier] on model [App\Models\OrderItemModifier]. {"userId":1,"exception":"[object] (Illuminate\\Database\\Eloquent\\RelationNotFoundException(code: 0): Call to undefined relationship [modifier] on model [App\\Models\\OrderItemModifier]. at C:/Users/sumarin/Herd/foodpos-690916/foodpos/vendor/laravel/framework/src/Illuminate/Database/Eloquent/RelationNotFoundException.php:35)
[stacktrace]
#0 C:/Users/sumarin/Herd/foodpos-690916/foodpos/vendor/laravel/framework/src/Illuminate/Database/Eloquent/Builder.php(969): Illuminate/Database/Eloquent/RelationNotFoundException::make(Object(App/Models/OrderItemModifier), 'modifier')
#1 C:/Users/sumarin/Herd/foodpos-690916/foodpos/vendor/laravel/framework/src/Illuminate/Database/Eloquent/Relations/Relation.php(119): Illuminate/Database/Eloquent/Builder->Illuminate/Database/Eloquent/{closure}()
#2 C:/Users/sumarin/Herd/foodpos-690916/foodpos/vendor/laravel/framework/src/Illuminate/Database/Eloquent/Builder.php(965): Illuminate/Database/Eloquent/Relations/Relation::noConstraints(Object(Closure))
#3 C:/Users/sumarin/Herd/foodpos-690916/foodpos/vendor/laravel/framework/src/Illuminate/Database/Eloquent/Builder.php(939): Illuminate/Database/Eloquent/Builder->getRelation('modifier')
#4 C:/Users/sumarin/Herd/foodpos-690916/foodpos/vendor/laravel/framework/src/Illuminate/Database/Eloquent/Builder.php(919): Illuminate/Database/Eloquent/Builder->eagerLoadRelation(Array, 'modifier', Object(Closure))
#5 C:/Users/sumarin/Herd/foodpos-690916/foodpos/vendor/laravel/framework/src/Illuminate/Database/Eloquent/Collection.php(99): Illuminate/Database/Eloquent/Builder->eagerLoadRelations(Array)
#6 C:/Users/sumarin/Herd/foodpos-690916/foodpos/vendor/laravel/framework/src/Illuminate/Database/Eloquent/Collection.php(297): Illuminate/Database/Eloquent/Collection->load(Array)
#7 C:/Users/sumarin/Herd/foodpos-690916/foodpos/vendor/laravel/framework/src/Illuminate/Database/Eloquent/Collection.php(309): Illuminate/Database/Eloquent/Collection->loadMissingRelation(Object(Illuminate/Database/Eloquent/Collection), Array)
#8 C:/Users/sumarin/Herd/foodpos-690916/foodpos/vendor/laravel/framework/src/Illuminate/Database/Eloquent/Collection.php(309): Illuminate/Database/Eloquent/Collection->loadMissingRelation(Object(Illuminate/Support/Collection), Array)
#9 C:/Users/sumarin/Herd/foodpos-690916/foodpos/vendor/laravel/framework/src/Illuminate/Database/Eloquent/Collection.php(244): Illuminate/Database/Eloquent/Collection->loadMissingRelation(Object(Illuminate/Support/Collection), Array)
#10 C:/Users/sumarin/Herd/foodpos-690916/foodpos/vendor/laravel/framework/src/Illuminate/Database/Eloquent/Model.php(835): Illuminate/Database/Eloquent/Collection->loadMissing(Array)
#11 C:/Users/sumarin/Herd/foodpos-690916/foodpos/app/Services/StockService.php(35): Illuminate/Database/Eloquent/Model->loadMissing(Array)
#12 C:/Users/sumarin/Herd/foodpos-690916/foodpos/app/Services/PaymentService.php(105): App/Services/StockService->deductForOrder(Object(App/Models/Order))
#13 C:/Users/sumarin/Herd/foodpos-690916/foodpos/vendor/laravel/framework/src/Illuminate/Database/Concerns/ManagesTransactions.php(35): App/Services/PaymentService->App/Services/{closure}(Object(Illuminate/Database/SQLiteConnection))
#14 C:/Users/sumarin/Herd/foodpos-690916/foodpos/vendor/laravel/framework/src/Illuminate/Database/DatabaseManager.php(491): Illuminate/Database/Connection->transaction(Object(Closure))
#15 C:/Users/sumarin/Herd/foodpos-690916/foodpos/vendor/laravel/framework/src/Illuminate/Support/Facades/Facade.php(363): Illuminate/Database/DatabaseManager->__call('transaction', Array)
#16 C:/Users/sumarin/Herd/foodpos-690916/foodpos/app/Services/PaymentService.php(51): Illuminate/Support/Facades/Facade::__callStatic('transaction', Array)
#17 C:/Users/sumarin/Herd/foodpos-690916/foodpos/app/Http/Controllers/Pos/PaymentController.php(49): App/Services/PaymentService->pay(Object(App/Models/Order), Array, NULL)
#18 C:/Users/sumarin/Herd/foodpos-690916/foodpos/vendor/laravel/framework/src/Illuminate/Routing/ControllerDispatcher.php(46): App/Http/Controllers/Pos/PaymentController->store(Object(Illuminate/Http/Request), Object(App/Models/Order), Object(App/Services/PaymentService))
#19 C:/Users/sumarin/Herd/foodpos-690916/foodpos/vendor/laravel/framework/src/Illuminate/Routing/Route.php(265): Illuminate/Routing/ControllerDispatcher->dispatch(Object(Illuminate/Routing/Route), Object(App/Http/Controllers/Pos/PaymentController), 'store')
#20 C:/Users/sumarin/Herd/foodpos-690916/foodpos/vendor/laravel/framework/src/Illuminate/Routing/Route.php(211): Illuminate/Routing/Route->runController()
#21 C:/Users/sumarin/Herd/foodpos-690916/foodpos/vendor/laravel/framework/src/Illuminate/Routing/Router.php(822): Illuminate/Routing/Route->run()
#22 C:/Users/sumarin/Herd/foodpos-690916/foodpos/vendor/laravel/framework/src/Illuminate/Pipeline/Pipeline.php(180): Illuminate/Routing/Router->Illuminate/Routing/{closure}(Object(Illuminate/Http/Request))
#23 C:/Users/sumarin/Herd/foodpos-690916/foodpos/vendor/laravel/framework/src/Illuminate/Http/Middleware/AddLinkHeadersForPreloadedAssets.php(32): Illuminate/Pipeline/Pipeline->Illuminate/Pipeline/{closure}(Object(Illuminate/Http/Request))
#24 C:/Users/sumarin/Herd/foodpos-690916/foodpos/vendor/laravel/framework/src/Illuminate/Pipeline/Pipeline.php(219): Illuminate/Http/Middleware/AddLinkHeadersForPreloadedAssets->handle(Object(Illuminate/Http/Request), Object(Closure))
#25 C:/Users/sumarin/Herd/foodpos-690916/foodpos/vendor/inertiajs/inertia-laravel/src/Middleware.php(122): Illuminate/Pipeline/Pipeline->Illuminate/Pipeline/{closure}(Object(Illuminate/Http/Request))
#26 C:/Users/sumarin/Herd/foodpos-690916/foodpos/vendor/laravel/framework/src/Illuminate/Pipeline/Pipeline.php(219): Inertia/Middleware->handle(Object(Illuminate/Http/Request), Object(Closure))
#27 C:/Users/sumarin/Herd/foodpos-690916/foodpos/app/Http/Middleware/ResolveCurrentBranch.php(40): Illuminate/Pipeline/Pipeline->Illuminate/Pipeline/{closure}(Object(Illuminate/Http/Request))
#28 C:/Users/sumarin/Herd/foodpos-690916/foodpos/vendor/laravel/framework/src/Illuminate/Pipeline/Pipeline.php(219): App/Http/Middleware/ResolveCurrentBranch->handle(Object(Illuminate/Http/Request), Object(Closure))
#29 C:/Users/sumarin/Herd/foodpos-690916/foodpos/vendor/laravel/framework/src/Illuminate/Routing/Middleware/SubstituteBindings.php(50): Illuminate/Pipeline/Pipeline->Illuminate/Pipeline/{closure}(Object(Illuminate/Http/Request))
#30 C:/Users/sumarin/Herd/foodpos-690916/foodpos/vendor/laravel/framework/src/Illuminate/Pipeline/Pipeline.php(219): Illuminate/Routing/Middleware/SubstituteBindings->handle(Object(Illuminate/Http/Request), Object(Closure))
#31 C:/Users/sumarin/Herd/foodpos-690916/foodpos/vendor/laravel/framework/src/Illuminate/Auth/Middleware/Authenticate.php(63): Illuminate/Pipeline/Pipeline->Illuminate/Pipeline/{closure}(Object(Illuminate/Http/Request))
#32 C:/Users/sumarin/Herd/foodpos-690916/foodpos/vendor/laravel/framework/src/Illuminate/Pipeline/Pipeline.php(219): Illuminate/Auth/Middleware/Authenticate->handle(Object(Illuminate/Http/Request), Object(Closure))
#33 C:/Users/sumarin/Herd/foodpos-690916/foodpos/vendor/laravel/framework/src/Illuminate/Foundation/Http/Middleware/VerifyCsrfToken.php(87): Illuminate/Pipeline/Pipeline->Illuminate/Pipeline/{closure}(Object(Illuminate/Http/Request))
#34 C:/Users/sumarin/Herd/foodpos-690916/foodpos/vendor/laravel/framework/src/Illuminate/Pipeline/Pipeline.php(219): Illuminate/Foundation/Http/Middleware/VerifyCsrfToken->handle(Object(Illuminate/Http/Request), Object(Closure))
#35 C:/Users/sumarin/Herd/foodpos-690916/foodpos/vendor/laravel/framework/src/Illuminate/View/Middleware/ShareErrorsFromSession.php(48): Illuminate/Pipeline/Pipeline->Illuminate/Pipeline/{closure}(Object(Illuminate/Http/Request))
#36 C:/Users/sumarin/Herd/foodpos-690916/foodpos/vendor/laravel/framework/src/Illuminate/Pipeline/Pipeline.php(219): Illuminate/View/Middleware/ShareErrorsFromSession->handle(Object(Illuminate/Http/Request), Object(Closure))
#37 C:/Users/sumarin/Herd/foodpos-690916/foodpos/vendor/laravel/framework/src/Illuminate/Session/Middleware/StartSession.php(120): Illuminate/Pipeline/Pipeline->Illuminate/Pipeline/{closure}(Object(Illuminate/Http/Request))
#38 C:/Users/sumarin/Herd/foodpos-690916/foodpos/vendor/laravel/framework/src/Illuminate/Session/Middleware/StartSession.php(63): Illuminate/Session/Middleware/StartSession->handleStatefulRequest(Object(Illuminate/Http/Request), Object(Illuminate/Session/Store), Object(Closure))
#39 C:/Users/sumarin/Herd/foodpos-690916/foodpos/vendor/laravel/framework/src/Illuminate/Pipeline/Pipeline.php(219): Illuminate/Session/Middleware/StartSession->handle(Object(Illuminate/Http/Request), Object(Closure))
#40 C:/Users/sumarin/Herd/foodpos-690916/foodpos/vendor/laravel/framework/src/Illuminate/Cookie/Middleware/AddQueuedCookiesToResponse.php(36): Illuminate/Pipeline/Pipeline->Illuminate/Pipeline/{closure}(Object(Illuminate/Http/Request))
#41 C:/Users/sumarin/Herd/foodpos-690916/foodpos/vendor/laravel/framework/src/Illuminate/Pipeline/Pipeline.php(219): Illuminate/Cookie/Middleware/AddQueuedCookiesToResponse->handle(Object(Illuminate/Http/Request), Object(Closure))
#42 C:/Users/sumarin/Herd/foodpos-690916/foodpos/vendor/laravel/framework/src/Illuminate/Cookie/Middleware/EncryptCookies.php(74): Illuminate/Pipeline/Pipeline->Illuminate/Pipeline/{closure}(Object(Illuminate/Http/Request))
#43 C:/Users/sumarin/Herd/foodpos-690916/foodpos/vendor/laravel/framework/src/Illuminate/Pipeline/Pipeline.php(219): Illuminate/Cookie/Middleware/EncryptCookies->handle(Object(Illuminate/Http/Request), Object(Closure))
#44 C:/Users/sumarin/Herd/foodpos-690916/foodpos/vendor/laravel/framework/src/Illuminate/Pipeline/Pipeline.php(137): Illuminate/Pipeline/Pipeline->Illuminate/Pipeline/{closure}(Object(Illuminate/Http/Request))
#45 C:/Users/sumarin/Herd/foodpos-690916/foodpos/vendor/laravel/framework/src/Illuminate/Routing/Router.php(821): Illuminate/Pipeline/Pipeline->then(Object(Closure))
#46 C:/Users/sumarin/Herd/foodpos-690916/foodpos/vendor/laravel/framework/src/Illuminate/Routing/Router.php(800): Illuminate/Routing/Router->runRouteWithinStack(Object(Illuminate/Routing/Route), Object(Illuminate/Http/Request))
#47 C:/Users/sumarin/Herd/foodpos-690916/foodpos/vendor/laravel/framework/src/Illuminate/Routing/Router.php(764): Illuminate/Routing/Router->runRoute(Object(Illuminate/Http/Request), Object(Illuminate/Routing/Route))
#48 C:/Users/sumarin/Herd/foodpos-690916/foodpos/vendor/laravel/framework/src/Illuminate/Routing/Router.php(753): Illuminate/Routing/Router->dispatchToRoute(Object(Illuminate/Http/Request))
#49 C:/Users/sumarin/Herd/foodpos-690916/foodpos/vendor/laravel/framework/src/Illuminate/Foundation/Http/Kernel.php(200): Illuminate/Routing/Router->dispatch(Object(Illuminate/Http/Request))
#50 C:/Users/sumarin/Herd/foodpos-690916/foodpos/vendor/laravel/framework/src/Illuminate/Pipeline/Pipeline.php(180): Illuminate/Foundation/Http/Kernel->Illuminate/Foundation/Http/{closure}(Object(Illuminate/Http/Request))
#51 C:/Users/sumarin/Herd/foodpos-690916/foodpos/vendor/laravel/framework/src/Illuminate/Foundation/Http/Middleware/TransformsRequest.php(21): Illuminate/Pipeline/Pipeline->Illuminate/Pipeline/{closure}(Object(Illuminate/Http/Request))
#52 C:/Users/sumarin/Herd/foodpos-690916/foodpos/vendor/laravel/framework/src/Illuminate/Foundation/Http/Middleware/ConvertEmptyStringsToNull.php(31): Illuminate/Foundation/Http/Middleware/TransformsRequest->handle(Object(Illuminate/Http/Request), Object(Closure))
#53 C:/Users/sumarin/Herd/foodpos-690916/foodpos/vendor/laravel/framework/src/Illuminate/Pipeline/Pipeline.php(219): Illuminate/Foundation/Http/Middleware/ConvertEmptyStringsToNull->handle(Object(Illuminate/Http/Request), Object(Closure))
#54 C:/Users/sumarin/Herd/foodpos-690916/foodpos/vendor/laravel/framework/src/Illuminate/Foundation/Http/Middleware/TransformsRequest.php(21): Illuminate/Pipeline/Pipeline->Illuminate/Pipeline/{closure}(Object(Illuminate/Http/Request))
#55 C:/Users/sumarin/Herd/foodpos-690916/foodpos/vendor/laravel/framework/src/Illuminate/Foundation/Http/Middleware/TrimStrings.php(51): Illuminate/Foundation/Http/Middleware/TransformsRequest->handle(Object(Illuminate/Http/Request), Object(Closure))
#56 C:/Users/sumarin/Herd/foodpos-690916/foodpos/vendor/laravel/framework/src/Illuminate/Pipeline/Pipeline.php(219): Illuminate/Foundation/Http/Middleware/TrimStrings->handle(Object(Illuminate/Http/Request), Object(Closure))
#57 C:/Users/sumarin/Herd/foodpos-690916/foodpos/vendor/laravel/framework/src/Illuminate/Http/Middleware/ValidatePostSize.php(27): Illuminate/Pipeline/Pipeline->Illuminate/Pipeline/{closure}(Object(Illuminate/Http/Request))
#58 C:/Users/sumarin/Herd/foodpos-690916/foodpos/vendor/laravel/framework/src/Illuminate/Pipeline/Pipeline.php(219): Illuminate/Http/Middleware/ValidatePostSize->handle(Object(Illuminate/Http/Request), Object(Closure))
#59 C:/Users/sumarin/Herd/foodpos-690916/foodpos/vendor/laravel/framework/src/Illuminate/Foundation/Http/Middleware/PreventRequestsDuringMaintenance.php(109): Illuminate/Pipeline/Pipeline->Illuminate/Pipeline/{closure}(Object(Illuminate/Http/Request))
#60 C:/Users/sumarin/Herd/foodpos-690916/foodpos/vendor/laravel/framework/src/Illuminate/Pipeline/Pipeline.php(219): Illuminate/Foundation/Http/Middleware/PreventRequestsDuringMaintenance->handle(Object(Illuminate/Http/Request), Object(Closure))
#61 C:/Users/sumarin/Herd/foodpos-690916/foodpos/vendor/laravel/framework/src/Illuminate/Http/Middleware/HandleCors.php(61): Illuminate/Pipeline/Pipeline->Illuminate/Pipeline/{closure}(Object(Illuminate/Http/Request))
#62 C:/Users/sumarin/Herd/foodpos-690916/foodpos/vendor/laravel/framework/src/Illuminate/Pipeline/Pipeline.php(219): Illuminate/Http/Middleware/HandleCors->handle(Object(Illuminate/Http/Request), Object(Closure))
#63 C:/Users/sumarin/Herd/foodpos-690916/foodpos/vendor/laravel/framework/src/Illuminate/Http/Middleware/TrustProxies.php(58): Illuminate/Pipeline/Pipeline->Illuminate/Pipeline/{closure}(Object(Illuminate/Http/Request))
#64 C:/Users/sumarin/Herd/foodpos-690916/foodpos/vendor/laravel/framework/src/Illuminate/Pipeline/Pipeline.php(219): Illuminate/Http/Middleware/TrustProxies->handle(Object(Illuminate/Http/Request), Object(Closure))
#65 C:/Users/sumarin/Herd/foodpos-690916/foodpos/vendor/laravel/framework/src/Illuminate/Foundation/Http/Middleware/InvokeDeferredCallbacks.php(22): Illuminate/Pipeline/Pipeline->Illuminate/Pipeline/{closure}(Object(Illuminate/Http/Request))
#66 C:/Users/sumarin/Herd/foodpos-690916/foodpos/vendor/laravel/framework/src/Illuminate/Pipeline/Pipeline.php(219): Illuminate/Foundation/Http/Middleware/InvokeDeferredCallbacks->handle(Object(Illuminate/Http/Request), Object(Closure))
#67 C:/Users/sumarin/Herd/foodpos-690916/foodpos/vendor/laravel/framework/src/Illuminate/Http/Middleware/ValidatePathEncoding.php(26): Illuminate/Pipeline/Pipeline->Illuminate/Pipeline/{closure}(Object(Illuminate/Http/Request))
#68 C:/Users/sumarin/Herd/foodpos-690916/foodpos/vendor/laravel/framework/src/Illuminate/Pipeline/Pipeline.php(219): Illuminate/Http/Middleware/ValidatePathEncoding->handle(Object(Illuminate/Http/Request), Object(Closure))
#69 C:/Users/sumarin/Herd/foodpos-690916/foodpos/vendor/laravel/framework/src/Illuminate/Pipeline/Pipeline.php(137): Illuminate/Pipeline/Pipeline->Illuminate/Pipeline/{closure}(Object(Illuminate/Http/Request))
#70 C:/Users/sumarin/Herd/foodpos-690916/foodpos/vendor/laravel/framework/src/Illuminate/Foundation/Http/Kernel.php(175): Illuminate/Pipeline/Pipeline->then(Object(Closure))
#71 C:/Users/sumarin/Herd/foodpos-690916/foodpos/vendor/laravel/framework/src/Illuminate/Foundation/Http/Kernel.php(144): Illuminate/Foundation/Http/Kernel->sendRequestThroughRouter(Object(Illuminate/Http/Request))
#72 C:/Users/sumarin/Herd/foodpos-690916/foodpos/vendor/laravel/framework/src/Illuminate/Foundation/Application.php(1220): Illuminate/Foundation/Http/Kernel->handle(Object(Illuminate/Http/Request))
#73 C:/Users/sumarin/Herd/foodpos-690916/foodpos/public/index.php(14): Illuminate/Foundation/Application->handleRequest(Object(Illuminate/Http/Request))
#74 C:/Users/sumarin/Herd/foodpos-690916/foodpos/vendor/laravel/framework/src/Illuminate/Foundation/resources/server.php(23): require_once('C://Users//sumari...')
#75 {main}
"} 
[2026-09-21 08:52:47] local.ERROR: Vite manifest not found at: C:\Users\sumarin\Herd\foodpos-690916\foodpos\public\build/manifest.json (View: C:\Users\sumarin\Herd\foodpos-690916\foodpos\resources\views\app.blade.php) {"userId":1,"exception":"[object] (Illuminate\\View\\ViewException(code: 0): Vite manifest not found at: C:\\Users\\sumarin\\Herd\\foodpos-690916\\foodpos\\public\\build/manifest.json (View: C:\\Users\\sumarin\\Herd\\foodpos-690916\\foodpos\\resources\\views\\app.blade.php) at C:/Users/sumarin/Herd/foodpos-690916/foodpos/vendor/laravel/framework/src/Illuminate/Foundation/Vite.php:946)
[stacktrace]
#0 C:/Users/sumarin/Herd/foodpos-690916/foodpos/vendor/laravel/framework/src/Illuminate/View/Engines/PhpEngine.php(59): Illuminate/View/Engines/CompilerEngine->handleViewException(Object(Illuminate/Foundation/ViteManifestNotFoundException), 1)
#1 C:/Users/sumarin/Herd/foodpos-690916/foodpos/vendor/laravel/framework/src/Illuminate/View/Engines/CompilerEngine.php(76): Illuminate/View/Engines/PhpEngine->evaluatePath('C://Users//sumari...', Array)
#2 C:/Users/sumarin/Herd/foodpos-690916/foodpos/vendor/laravel/framework/src/Illuminate/View/View.php(208): Illuminate/View/Engines/CompilerEngine->get('C://Users//sumari...', Array)
#3 C:/Users/sumarin/Herd/foodpos-690916/foodpos/vendor/laravel/framework/src/Illuminate/View/View.php(191): Illuminate/View/View->getContents()
#4 C:/Users/sumarin/Herd/foodpos-690916/foodpos/vendor/laravel/framework/src/Illuminate/View/View.php(160): Illuminate/View/View->renderContents()
#5 C:/Users/sumarin/Herd/foodpos-690916/foodpos/vendor/laravel/framework/src/Illuminate/Http/Response.php(78): Illuminate/View/View->render()
#6 C:/Users/sumarin/Herd/foodpos-690916/foodpos/vendor/laravel/framework/src/Illuminate/Http/Response.php(34): Illuminate/Http/Response->setContent(Object(Illuminate/View/View))
#7 C:/Users/sumarin/Herd/foodpos-690916/foodpos/vendor/laravel/framework/src/Illuminate/Routing/ResponseFactory.php(61): Illuminate/Http/Response->__construct(Object(Illuminate/View/View), 200, Array)
#8 C:/Users/sumarin/Herd/foodpos-690916/foodpos/vendor/laravel/framework/src/Illuminate/Routing/ResponseFactory.php(91): Illuminate/Routing/ResponseFactory->make(Object(Illuminate/View/View), 200, Array)
#9 C:/Users/sumarin/Herd/foodpos-690916/foodpos/vendor/laravel/framework/src/Illuminate/Support/Facades/Facade.php(363): Illuminate/Routing/ResponseFactory->view('app', Array)
#10 C:/Users/sumarin/Herd/foodpos-690916/foodpos/vendor/inertiajs/inertia-laravel/src/Response.php(219): Illuminate/Support/Facades/Facade::__callStatic('view', Array)
#11 C:/Users/sumarin/Herd/foodpos-690916/foodpos/vendor/laravel/framework/src/Illuminate/Routing/Router.php(921): Inertia/Response->toResponse(Object(Illuminate/Http/Request))
#12 C:/Users/sumarin/Herd/foodpos-690916/foodpos/vendor/laravel/framework/src/Illuminate/Routing/Router.php(906): Illuminate/Routing/Router::toResponse(Object(Illuminate/Http/Request), Object(Inertia/Response))
#13 C:/Users/sumarin/Herd/foodpos-690916/foodpos/vendor/laravel/framework/src/Illuminate/Routing/Router.php(821): Illuminate/Routing/Router->prepareResponse(Object(Illuminate/Http/Request), Object(Inertia/Response))
#14 C:/Users/sumarin/Herd/foodpos-690916/foodpos/vendor/laravel/framework/src/Illuminate/Pipeline/Pipeline.php(180): Illuminate/Routing/Router->Illuminate/Routing/{closure}(Object(Illuminate/Http/Request))
#15 C:/Users/sumarin/Herd/foodpos-690916/foodpos/vendor/laravel/framework/src/Illuminate/Http/Middleware/AddLinkHeadersForPreloadedAssets.php(32): Illuminate/Pipeline/Pipeline->Illuminate/Pipeline/{closure}(Object(Illuminate/Http/Request))
#16 C:/Users/sumarin/Herd/foodpos-690916/foodpos/vendor/laravel/framework/src/Illuminate/Pipeline/Pipeline.php(219): Illuminate/Http/Middleware/AddLinkHeadersForPreloadedAssets->handle(Object(Illuminate/Http/Request), Object(Closure))
#17 C:/Users/sumarin/Herd/foodpos-690916/foodpos/vendor/inertiajs/inertia-laravel/src/Middleware.php(122): Illuminate/Pipeline/Pipeline->Illuminate/Pipeline/{closure}(Object(Illuminate/Http/Request))
#18 C:/Users/sumarin/Herd/foodpos-690916/foodpos/vendor/laravel/framework/src/Illuminate/Pipeline/Pipeline.php(219): Inertia/Middleware->handle(Object(Illuminate/Http/Request), Object(Closure))
#19 C:/Users/sumarin/Herd/foodpos-690916/foodpos/app/Http/Middleware/ResolveCurrentBranch.php(40): Illuminate/Pipeline/Pipeline->Illuminate/Pipeline/{closure}(Object(Illuminate/Http/Request))
#20 C:/Users/sumarin/Herd/foodpos-690916/foodpos/vendor/laravel/framework/src/Illuminate/Pipeline/Pipeline.php(219): App/Http/Middleware/ResolveCurrentBranch->handle(Object(Illuminate/Http/Request), Object(Closure))
#21 C:/Users/sumarin/Herd/foodpos-690916/foodpos/vendor/laravel/framework/src/Illuminate/Routing/Middleware/SubstituteBindings.php(50): Illuminate/Pipeline/Pipeline->Illuminate/Pipeline/{closure}(Object(Illuminate/Http/Request))
#22 C:/Users/sumarin/Herd/foodpos-690916/foodpos/vendor/laravel/framework/src/Illuminate/Pipeline/Pipeline.php(219): Illuminate/Routing/Middleware/SubstituteBindings->handle(Object(Illuminate/Http/Request), Object(Closure))
#23 C:/Users/sumarin/Herd/foodpos-690916/foodpos/vendor/laravel/framework/src/Illuminate/Auth/Middleware/Authenticate.php(63): Illuminate/Pipeline/Pipeline->Illuminate/Pipeline/{closure}(Object(Illuminate/Http/Request))
#24 C:/Users/sumarin/Herd/foodpos-690916/foodpos/vendor/laravel/framework/src/Illuminate/Pipeline/Pipeline.php(219): Illuminate/Auth/Middleware/Authenticate->handle(Object(Illuminate/Http/Request), Object(Closure))
#25 C:/Users/sumarin/Herd/foodpos-690916/foodpos/vendor/laravel/framework/src/Illuminate/Foundation/Http/Middleware/VerifyCsrfToken.php(87): Illuminate/Pipeline/Pipeline->Illuminate/Pipeline/{closure}(Object(Illuminate/Http/Request))
#26 C:/Users/sumarin/Herd/foodpos-690916/foodpos/vendor/laravel/framework/src/Illuminate/Pipeline/Pipeline.php(219): Illuminate/Foundation/Http/Middleware/VerifyCsrfToken->handle(Object(Illuminate/Http/Request), Object(Closure))
#27 C:/Users/sumarin/Herd/foodpos-690916/foodpos/vendor/laravel/framework/src/Illuminate/View/Middleware/ShareErrorsFromSession.php(48): Illuminate/Pipeline/Pipeline->Illuminate/Pipeline/{closure}(Object(Illuminate/Http/Request))
#28 C:/Users/sumarin/Herd/foodpos-690916/foodpos/vendor/laravel/framework/src/Illuminate/Pipeline/Pipeline.php(219): Illuminate/View/Middleware/ShareErrorsFromSession->handle(Object(Illuminate/Http/Request), Object(Closure))
#29 C:/Users/sumarin/Herd/foodpos-690916/foodpos/vendor/laravel/framework/src/Illuminate/Session/Middleware/StartSession.php(120): Illuminate/Pipeline/Pipeline->Illuminate/Pipeline/{closure}(Object(Illuminate/Http/Request))
#30 C:/Users/sumarin/Herd/foodpos-690916/foodpos/vendor/laravel/framework/src/Illuminate/Session/Middleware/StartSession.php(63): Illuminate/Session/Middleware/StartSession->handleStatefulRequest(Object(Illuminate/Http/Request), Object(Illuminate/Session/Store), Object(Closure))
#31 C:/Users/sumarin/Herd/foodpos-690916/foodpos/vendor/laravel/framework/src/Illuminate/Pipeline/Pipeline.php(219): Illuminate/Session/Middleware/StartSession->handle(Object(Illuminate/Http/Request), Object(Closure))
#32 C:/Users/sumarin/Herd/foodpos-690916/foodpos/vendor/laravel/framework/src/Illuminate/Cookie/Middleware/AddQueuedCookiesToResponse.php(36): Illuminate/Pipeline/Pipeline->Illuminate/Pipeline/{closure}(Object(Illuminate/Http/Request))
#33 C:/Users/sumarin/Herd/foodpos-690916/foodpos/vendor/laravel/framework/src/Illuminate/Pipeline/Pipeline.php(219): Illuminate/Cookie/Middleware/AddQueuedCookiesToResponse->handle(Object(Illuminate/Http/Request), Object(Closure))
#34 C:/Users/sumarin/Herd/foodpos-690916/foodpos/vendor/laravel/framework/src/Illuminate/Cookie/Middleware/EncryptCookies.php(74): Illuminate/Pipeline/Pipeline->Illuminate/Pipeline/{closure}(Object(Illuminate/Http/Request))
#35 C:/Users/sumarin/Herd/foodpos-690916/foodpos/vendor/laravel/framework/src/Illuminate/Pipeline/Pipeline.php(219): Illuminate/Cookie/Middleware/EncryptCookies->handle(Object(Illuminate/Http/Request), Object(Closure))
#36 C:/Users/sumarin/Herd/foodpos-690916/foodpos/vendor/laravel/framework/src/Illuminate/Pipeline/Pipeline.php(137): Illuminate/Pipeline/Pipeline->Illuminate/Pipeline/{closure}(Object(Illuminate/Http/Request))
#37 C:/Users/sumarin/Herd/foodpos-690916/foodpos/vendor/laravel/framework/src/Illuminate/Routing/Router.php(821): Illuminate/Pipeline/Pipeline->then(Object(Closure))
#38 C:/Users/sumarin/Herd/foodpos-690916/foodpos/vendor/laravel/framework/src/Illuminate/Routing/Router.php(800): Illuminate/Routing/Router->runRouteWithinStack(Object(Illuminate/Routing/Route), Object(Illuminate/Http/Request))
#39 C:/Users/sumarin/Herd/foodpos-690916/foodpos/vendor/laravel/framework/src/Illuminate/Routing/Router.php(764): Illuminate/Routing/Router->runRoute(Object(Illuminate/Http/Request), Object(Illuminate/Routing/Route))
#40 C:/Users/sumarin/Herd/foodpos-690916/foodpos/vendor/laravel/framework/src/Illuminate/Routing/Router.php(753): Illuminate/Routing/Router->dispatchToRoute(Object(Illuminate/Http/Request))
#41 C:/Users/sumarin/Herd/foodpos-690916/foodpos/vendor/laravel/framework/src/Illuminate/Foundation/Http/Kernel.php(200): Illuminate/Routing/Router->dispatch(Object(Illuminate/Http/Request))
#42 C:/Users/sumarin/Herd/foodpos-690916/foodpos/vendor/laravel/framework/src/Illuminate/Pipeline/Pipeline.php(180): Illuminate/Foundation/Http/Kernel->Illuminate/Foundation/Http/{closure}(Object(Illuminate/Http/Request))
#43 C:/Users/sumarin/Herd/foodpos-690916/foodpos/vendor/laravel/framework/src/Illuminate/Foundation/Http/Middleware/TransformsRequest.php(21): Illuminate/Pipeline/Pipeline->Illuminate/Pipeline/{closure}(Object(Illuminate/Http/Request))
#44 C:/Users/sumarin/Herd/foodpos-690916/foodpos/vendor/laravel/framework/src/Illuminate/Foundation/Http/Middleware/ConvertEmptyStringsToNull.php(31): Illuminate/Foundation/Http/Middleware/TransformsRequest->handle(Object(Illuminate/Http/Request), Object(Closure))
#45 C:/Users/sumarin/Herd/foodpos-690916/foodpos/vendor/laravel/framework/src/Illuminate/Pipeline/Pipeline.php(219): Illuminate/Foundation/Http/Middleware/ConvertEmptyStringsToNull->handle(Object(Illuminate/Http/Request), Object(Closure))
#46 C:/Users/sumarin/Herd/foodpos-690916/foodpos/vendor/laravel/framework/src/Illuminate/Foundation/Http/Middleware/TransformsRequest.php(21): Illuminate/Pipeline/Pipeline->Illuminate/Pipeline/{closure}(Object(Illuminate/Http/Request))
#47 C:/Users/sumarin/Herd/foodpos-690916/foodpos/vendor/laravel/framework/src/Illuminate/Foundation/Http/Middleware/TrimStrings.php(51): Illuminate/Foundation/Http/Middleware/TransformsRequest->handle(Object(Illuminate/Http/Request), Object(Closure))
#48 C:/Users/sumarin/Herd/foodpos-690916/foodpos/vendor/laravel/framework/src/Illuminate/Pipeline/Pipeline.php(219): Illuminate/Foundation/Http/Middleware/TrimStrings->handle(Object(Illuminate/Http/Request), Object(Closure))
#49 C:/Users/sumarin/Herd/foodpos-690916/foodpos/vendor/laravel/framework/src/Illuminate/Http/Middleware/ValidatePostSize.php(27): Illuminate/Pipeline/Pipeline->Illuminate/Pipeline/{closure}(Object(Illuminate/Http/Request))
#50 C:/Users/sumarin/Herd/foodpos-690916/foodpos/vendor/laravel/framework/src/Illuminate/Pipeline/Pipeline.php(219): Illuminate/Http/Middleware/ValidatePostSize->handle(Object(Illuminate/Http/Request), Object(Closure))
#51 C:/Users/sumarin/Herd/foodpos-690916/foodpos/vendor/laravel/framework/src/Illuminate/Foundation/Http/Middleware/PreventRequestsDuringMaintenance.php(109): Illuminate/Pipeline/Pipeline->Illuminate/Pipeline/{closure}(Object(Illuminate/Http/Request))
#52 C:/Users/sumarin/Herd/foodpos-690916/foodpos/vendor/laravel/framework/src/Illuminate/Pipeline/Pipeline.php(219): Illuminate/Foundation/Http/Middleware/PreventRequestsDuringMaintenance->handle(Object(Illuminate/Http/Request), Object(Closure))
#53 C:/Users/sumarin/Herd/foodpos-690916/foodpos/vendor/laravel/framework/src/Illuminate/Http/Middleware/HandleCors.php(61): Illuminate/Pipeline/Pipeline->Illuminate/Pipeline/{closure}(Object(Illuminate/Http/Request))
#54 C:/Users/sumarin/Herd/foodpos-690916/foodpos/vendor/laravel/framework/src/Illuminate/Pipeline/Pipeline.php(219): Illuminate/Http/Middleware/HandleCors->handle(Object(Illuminate/Http/Request), Object(Closure))
#55 C:/Users/sumarin/Herd/foodpos-690916/foodpos/vendor/laravel/framework/src/Illuminate/Http/Middleware/TrustProxies.php(58): Illuminate/Pipeline/Pipeline->Illuminate/Pipeline/{closure}(Object(Illuminate/Http/Request))
#56 C:/Users/sumarin/Herd/foodpos-690916/foodpos/vendor/laravel/framework/src/Illuminate/Pipeline/Pipeline.php(219): Illuminate/Http/Middleware/TrustProxies->handle(Object(Illuminate/Http/Request), Object(Closure))
#57 C:/Users/sumarin/Herd/foodpos-690916/foodpos/vendor/laravel/framework/src/Illuminate/Foundation/Http/Middleware/InvokeDeferredCallbacks.php(22): Illuminate/Pipeline/Pipeline->Illuminate/Pipeline/{closure}(Object(Illuminate/Http/Request))
#58 C:/Users/sumarin/Herd/foodpos-690916/foodpos/vendor/laravel/framework/src/Illuminate/Pipeline/Pipeline.php(219): Illuminate/Foundation/Http/Middleware/InvokeDeferredCallbacks->handle(Object(Illuminate/Http/Request), Object(Closure))
#59 C:/Users/sumarin/Herd/foodpos-690916/foodpos/vendor/laravel/framework/src/Illuminate/Http/Middleware/ValidatePathEncoding.php(26): Illuminate/Pipeline/Pipeline->Illuminate/Pipeline/{closure}(Object(Illuminate/Http/Request))
#60 C:/Users/sumarin/Herd/foodpos-690916/foodpos/vendor/laravel/framework/src/Illuminate/Pipeline/Pipeline.php(219): Illuminate/Http/Middleware/ValidatePathEncoding->handle(Object(Illuminate/Http/Request), Object(Closure))
#61 C:/Users/sumarin/Herd/foodpos-690916/foodpos/vendor/laravel/framework/src/Illuminate/Pipeline/Pipeline.php(137): Illuminate/Pipeline/Pipeline->Illuminate/Pipeline/{closure}(Object(Illuminate/Http/Request))
#62 C:/Users/sumarin/Herd/foodpos-690916/foodpos/vendor/laravel/framework/src/Illuminate/Foundation/Http/Kernel.php(175): Illuminate/Pipeline/Pipeline->then(Object(Closure))
#63 C:/Users/sumarin/Herd/foodpos-690916/foodpos/vendor/laravel/framework/src/Illuminate/Foundation/Http/Kernel.php(144): Illuminate/Foundation/Http/Kernel->sendRequestThroughRouter(Object(Illuminate/Http/Request))
#64 C:/Users/sumarin/Herd/foodpos-690916/foodpos/vendor/laravel/framework/src/Illuminate/Foundation/Application.php(1220): Illuminate/Foundation/Http/Kernel->handle(Object(Illuminate/Http/Request))
#65 C:/Users/sumarin/Herd/foodpos-690916/foodpos/public/index.php(14): Illuminate/Foundation/Application->handleRequest(Object(Illuminate/Http/Request))
#66 C:/Users/sumarin/Herd/foodpos-690916/foodpos/vendor/laravel/framework/src/Illuminate/Foundation/resources/server.php(23): require_once('C://Users//sumari...')
#67 {main}

[previous exception] [object] (Illuminate\\Foundation\\ViteManifestNotFoundException(code: 0): Vite manifest not found at: C:\\Users\\sumarin\\Herd\\foodpos-690916\\foodpos\\public\\build/manifest.json at C:/Users/sumarin/Herd/foodpos-690916/foodpos/vendor/laravel/framework/src/Illuminate/Foundation/Vite.php:946)
[stacktrace]
#0 C:/Users/sumarin/Herd/foodpos-690916/foodpos/vendor/laravel/framework/src/Illuminate/Foundation/Vite.php(384): Illuminate/Foundation/Vite->manifest('build')
#1 C:/Users/sumarin/Herd/foodpos-690916/foodpos/storage/framework/views/382d2c03681df12ff94ed80f631309ff.php(12): Illuminate/Foundation/Vite->__invoke(Object(Illuminate/Support/Collection))
#2 C:/Users/sumarin/Herd/foodpos-690916/foodpos/vendor/laravel/framework/src/Illuminate/Filesystem/Filesystem.php(123): require('C://Users//sumari...')
#3 C:/Users/sumarin/Herd/foodpos-690916/foodpos/vendor/laravel/framework/src/Illuminate/Filesystem/Filesystem.php(124): Illuminate/Filesystem/Filesystem::Illuminate/Filesystem/{closure}()
#4 C:/Users/sumarin/Herd/foodpos-690916/foodpos/vendor/laravel/framework/src/Illuminate/View/Engines/PhpEngine.php(57): Illuminate/Filesystem/Filesystem->getRequire('C://Users//sumari...', Array)
#5 C:/Users/sumarin/Herd/foodpos-690916/foodpos/vendor/laravel/framework/src/Illuminate/View/Engines/CompilerEngine.php(76): Illuminate/View/Engines/PhpEngine->evaluatePath('C://Users//sumari...', Array)
#6 C:/Users/sumarin/Herd/foodpos-690916/foodpos/vendor/laravel/framework/src/Illuminate/View/View.php(208): Illuminate/View/Engines/CompilerEngine->get('C://Users//sumari...', Array)
#7 C:/Users/sumarin/Herd/foodpos-690916/foodpos/vendor/laravel/framework/src/Illuminate/View/View.php(191): Illuminate/View/View->getContents()
#8 C:/Users/sumarin/Herd/foodpos-690916/foodpos/vendor/laravel/framework/src/Illuminate/View/View.php(160): Illuminate/View/View->renderContents()
#9 C:/Users/sumarin/Herd/foodpos-690916/foodpos/vendor/laravel/framework/src/Illuminate/Http/Response.php(78): Illuminate/View/View->render()
#10 C:/Users/sumarin/Herd/foodpos-690916/foodpos/vendor/laravel/framework/src/Illuminate/Http/Response.php(34): Illuminate/Http/Response->setContent(Object(Illuminate/View/View))
#11 C:/Users/sumarin/Herd/foodpos-690916/foodpos/vendor/laravel/framework/src/Illuminate/Routing/ResponseFactory.php(61): Illuminate/Http/Response->__construct(Object(Illuminate/View/View), 200, Array)
#12 C:/Users/sumarin/Herd/foodpos-690916/foodpos/vendor/laravel/framework/src/Illuminate/Routing/ResponseFactory.php(91): Illuminate/Routing/ResponseFactory->make(Object(Illuminate/View/View), 200, Array)
#13 C:/Users/sumarin/Herd/foodpos-690916/foodpos/vendor/laravel/framework/src/Illuminate/Support/Facades/Facade.php(363): Illuminate/Routing/ResponseFactory->view('app', Array)
#14 C:/Users/sumarin/Herd/foodpos-690916/foodpos/vendor/inertiajs/inertia-laravel/src/Response.php(219): Illuminate/Support/Facades/Facade::__callStatic('view', Array)
#15 C:/Users/sumarin/Herd/foodpos-690916/foodpos/vendor/laravel/framework/src/Illuminate/Routing/Router.php(921): Inertia/Response->toResponse(Object(Illuminate/Http/Request))
#16 C:/Users/sumarin/Herd/foodpos-690916/foodpos/vendor/laravel/framework/src/Illuminate/Routing/Router.php(906): Illuminate/Routing/Router::toResponse(Object(Illuminate/Http/Request), Object(Inertia/Response))
#17 C:/Users/sumarin/Herd/foodpos-690916/foodpos/vendor/laravel/framework/src/Illuminate/Routing/Router.php(821): Illuminate/Routing/Router->prepareResponse(Object(Illuminate/Http/Request), Object(Inertia/Response))
#18 C:/Users/sumarin/Herd/foodpos-690916/foodpos/vendor/laravel/framework/src/Illuminate/Pipeline/Pipeline.php(180): Illuminate/Routing/Router->Illuminate/Routing/{closure}(Object(Illuminate/Http/Request))
#19 C:/Users/sumarin/Herd/foodpos-690916/foodpos/vendor/laravel/framework/src/Illuminate/Http/Middleware/AddLinkHeadersForPreloadedAssets.php(32): Illuminate/Pipeline/Pipeline->Illuminate/Pipeline/{closure}(Object(Illuminate/Http/Request))
#20 C:/Users/sumarin/Herd/foodpos-690916/foodpos/vendor/laravel/framework/src/Illuminate/Pipeline/Pipeline.php(219): Illuminate/Http/Middleware/AddLinkHeadersForPreloadedAssets->handle(Object(Illuminate/Http/Request), Object(Closure))
#21 C:/Users/sumarin/Herd/foodpos-690916/foodpos/vendor/inertiajs/inertia-laravel/src/Middleware.php(122): Illuminate/Pipeline/Pipeline->Illuminate/Pipeline/{closure}(Object(Illuminate/Http/Request))
#22 C:/Users/sumarin/Herd/foodpos-690916/foodpos/vendor/laravel/framework/src/Illuminate/Pipeline/Pipeline.php(219): Inertia/Middleware->handle(Object(Illuminate/Http/Request), Object(Closure))
#23 C:/Users/sumarin/Herd/foodpos-690916/foodpos/app/Http/Middleware/ResolveCurrentBranch.php(40): Illuminate/Pipeline/Pipeline->Illuminate/Pipeline/{closure}(Object(Illuminate/Http/Request))
#24 C:/Users/sumarin/Herd/foodpos-690916/foodpos/vendor/laravel/framework/src/Illuminate/Pipeline/Pipeline.php(219): App/Http/Middleware/ResolveCurrentBranch->handle(Object(Illuminate/Http/Request), Object(Closure))
#25 C:/Users/sumarin/Herd/foodpos-690916/foodpos/vendor/laravel/framework/src/Illuminate/Routing/Middleware/SubstituteBindings.php(50): Illuminate/Pipeline/Pipeline->Illuminate/Pipeline/{closure}(Object(Illuminate/Http/Request))
#26 C:/Users/sumarin/Herd/foodpos-690916/foodpos/vendor/laravel/framework/src/Illuminate/Pipeline/Pipeline.php(219): Illuminate/Routing/Middleware/SubstituteBindings->handle(Object(Illuminate/Http/Request), Object(Closure))
#27 C:/Users/sumarin/Herd/foodpos-690916/foodpos/vendor/laravel/framework/src/Illuminate/Auth/Middleware/Authenticate.php(63): Illuminate/Pipeline/Pipeline->Illuminate/Pipeline/{closure}(Object(Illuminate/Http/Request))
#28 C:/Users/sumarin/Herd/foodpos-690916/foodpos/vendor/laravel/framework/src/Illuminate/Pipeline/Pipeline.php(219): Illuminate/Auth/Middleware/Authenticate->handle(Object(Illuminate/Http/Request), Object(Closure))
#29 C:/Users/sumarin/Herd/foodpos-690916/foodpos/vendor/laravel/framework/src/Illuminate/Foundation/Http/Middleware/VerifyCsrfToken.php(87): Illuminate/Pipeline/Pipeline->Illuminate/Pipeline/{closure}(Object(Illuminate/Http/Request))
#30 C:/Users/sumarin/Herd/foodpos-690916/foodpos/vendor/laravel/framework/src/Illuminate/Pipeline/Pipeline.php(219): Illuminate/Foundation/Http/Middleware/VerifyCsrfToken->handle(Object(Illuminate/Http/Request), Object(Closure))
#31 C:/Users/sumarin/Herd/foodpos-690916/foodpos/vendor/laravel/framework/src/Illuminate/View/Middleware/ShareErrorsFromSession.php(48): Illuminate/Pipeline/Pipeline->Illuminate/Pipeline/{closure}(Object(Illuminate/Http/Request))
#32 C:/Users/sumarin/Herd/foodpos-690916/foodpos/vendor/laravel/framework/src/Illuminate/Pipeline/Pipeline.php(219): Illuminate/View/Middleware/ShareErrorsFromSession->handle(Object(Illuminate/Http/Request), Object(Closure))
#33 C:/Users/sumarin/Herd/foodpos-690916/foodpos/vendor/laravel/framework/src/Illuminate/Session/Middleware/StartSession.php(120): Illuminate/Pipeline/Pipeline->Illuminate/Pipeline/{closure}(Object(Illuminate/Http/Request))
#34 C:/Users/sumarin/Herd/foodpos-690916/foodpos/vendor/laravel/framework/src/Illuminate/Session/Middleware/StartSession.php(63): Illuminate/Session/Middleware/StartSession->handleStatefulRequest(Object(Illuminate/Http/Request), Object(Illuminate/Session/Store), Object(Closure))
#35 C:/Users/sumarin/Herd/foodpos-690916/foodpos/vendor/laravel/framework/src/Illuminate/Pipeline/Pipeline.php(219): Illuminate/Session/Middleware/StartSession->handle(Object(Illuminate/Http/Request), Object(Closure))
#36 C:/Users/sumarin/Herd/foodpos-690916/foodpos/vendor/laravel/framework/src/Illuminate/Cookie/Middleware/AddQueuedCookiesToResponse.php(36): Illuminate/Pipeline/Pipeline->Illuminate/Pipeline/{closure}(Object(Illuminate/Http/Request))
#37 C:/Users/sumarin/Herd/foodpos-690916/foodpos/vendor/laravel/framework/src/Illuminate/Pipeline/Pipeline.php(219): Illuminate/Cookie/Middleware/AddQueuedCookiesToResponse->handle(Object(Illuminate/Http/Request), Object(Closure))
#38 C:/Users/sumarin/Herd/foodpos-690916/foodpos/vendor/laravel/framework/src/Illuminate/Cookie/Middleware/EncryptCookies.php(74): Illuminate/Pipeline/Pipeline->Illuminate/Pipeline/{closure}(Object(Illuminate/Http/Request))
#39 C:/Users/sumarin/Herd/foodpos-690916/foodpos/vendor/laravel/framework/src/Illuminate/Pipeline/Pipeline.php(219): Illuminate/Cookie/Middleware/EncryptCookies->handle(Object(Illuminate/Http/Request), Object(Closure))
#40 C:/Users/sumarin/Herd/foodpos-690916/foodpos/vendor/laravel/framework/src/Illuminate/Pipeline/Pipeline.php(137): Illuminate/Pipeline/Pipeline->Illuminate/Pipeline/{closure}(Object(Illuminate/Http/Request))
#41 C:/Users/sumarin/Herd/foodpos-690916/foodpos/vendor/laravel/framework/src/Illuminate/Routing/Router.php(821): Illuminate/Pipeline/Pipeline->then(Object(Closure))
#42 C:/Users/sumarin/Herd/foodpos-690916/foodpos/vendor/laravel/framework/src/Illuminate/Routing/Router.php(800): Illuminate/Routing/Router->runRouteWithinStack(Object(Illuminate/Routing/Route), Object(Illuminate/Http/Request))
#43 C:/Users/sumarin/Herd/foodpos-690916/foodpos/vendor/laravel/framework/src/Illuminate/Routing/Router.php(764): Illuminate/Routing/Router->runRoute(Object(Illuminate/Http/Request), Object(Illuminate/Routing/Route))
#44 C:/Users/sumarin/Herd/foodpos-690916/foodpos/vendor/laravel/framework/src/Illuminate/Routing/Router.php(753): Illuminate/Routing/Router->dispatchToRoute(Object(Illuminate/Http/Request))
#45 C:/Users/sumarin/Herd/foodpos-690916/foodpos/vendor/laravel/framework/src/Illuminate/Foundation/Http/Kernel.php(200): Illuminate/Routing/Router->dispatch(Object(Illuminate/Http/Request))
#46 C:/Users/sumarin/Herd/foodpos-690916/foodpos/vendor/laravel/framework/src/Illuminate/Pipeline/Pipeline.php(180): Illuminate/Foundation/Http/Kernel->Illuminate/Foundation/Http/{closure}(Object(Illuminate/Http/Request))
#47 C:/Users/sumarin/Herd/foodpos-690916/foodpos/vendor/laravel/framework/src/Illuminate/Foundation/Http/Middleware/TransformsRequest.php(21): Illuminate/Pipeline/Pipeline->Illuminate/Pipeline/{closure}(Object(Illuminate/Http/Request))
#48 C:/Users/sumarin/Herd/foodpos-690916/foodpos/vendor/laravel/framework/src/Illuminate/Foundation/Http/Middleware/ConvertEmptyStringsToNull.php(31): Illuminate/Foundation/Http/Middleware/TransformsRequest->handle(Object(Illuminate/Http/Request), Object(Closure))
#49 C:/Users/sumarin/Herd/foodpos-690916/foodpos/vendor/laravel/framework/src/Illuminate/Pipeline/Pipeline.php(219): Illuminate/Foundation/Http/Middleware/ConvertEmptyStringsToNull->handle(Object(Illuminate/Http/Request), Object(Closure))
#50 C:/Users/sumarin/Herd/foodpos-690916/foodpos/vendor/laravel/framework/src/Illuminate/Foundation/Http/Middleware/TransformsRequest.php(21): Illuminate/Pipeline/Pipeline->Illuminate/Pipeline/{closure}(Object(Illuminate/Http/Request))
#51 C:/Users/sumarin/Herd/foodpos-690916/foodpos/vendor/laravel/framework/src/Illuminate/Foundation/Http/Middleware/TrimStrings.php(51): Illuminate/Foundation/Http/Middleware/TransformsRequest->handle(Object(Illuminate/Http/Request), Object(Closure))
#52 C:/Users/sumarin/Herd/foodpos-690916/foodpos/vendor/laravel/framework/src/Illuminate/Pipeline/Pipeline.php(219): Illuminate/Foundation/Http/Middleware/TrimStrings->handle(Object(Illuminate/Http/Request), Object(Closure))
#53 C:/Users/sumarin/Herd/foodpos-690916/foodpos/vendor/laravel/framework/src/Illuminate/Http/Middleware/ValidatePostSize.php(27): Illuminate/Pipeline/Pipeline->Illuminate/Pipeline/{closure}(Object(Illuminate/Http/Request))
#54 C:/Users/sumarin/Herd/foodpos-690916/foodpos/vendor/laravel/framework/src/Illuminate/Pipeline/Pipeline.php(219): Illuminate/Http/Middleware/ValidatePostSize->handle(Object(Illuminate/Http/Request), Object(Closure))
#55 C:/Users/sumarin/Herd/foodpos-690916/foodpos/vendor/laravel/framework/src/Illuminate/Foundation/Http/Middleware/PreventRequestsDuringMaintenance.php(109): Illuminate/Pipeline/Pipeline->Illuminate/Pipeline/{closure}(Object(Illuminate/Http/Request))
#56 C:/Users/sumarin/Herd/foodpos-690916/foodpos/vendor/laravel/framework/src/Illuminate/Pipeline/Pipeline.php(219): Illuminate/Foundation/Http/Middleware/PreventRequestsDuringMaintenance->handle(Object(Illuminate/Http/Request), Object(Closure))
#57 C:/Users/sumarin/Herd/foodpos-690916/foodpos/vendor/laravel/framework/src/Illuminate/Http/Middleware/HandleCors.php(61): Illuminate/Pipeline/Pipeline->Illuminate/Pipeline/{closure}(Object(Illuminate/Http/Request))
#58 C:/Users/sumarin/Herd/foodpos-690916/foodpos/vendor/laravel/framework/src/Illuminate/Pipeline/Pipeline.php(219): Illuminate/Http/Middleware/HandleCors->handle(Object(Illuminate/Http/Request), Object(Closure))
#59 C:/Users/sumarin/Herd/foodpos-690916/foodpos/vendor/laravel/framework/src/Illuminate/Http/Middleware/TrustProxies.php(58): Illuminate/Pipeline/Pipeline->Illuminate/Pipeline/{closure}(Object(Illuminate/Http/Request))
#60 C:/Users/sumarin/Herd/foodpos-690916/foodpos/vendor/laravel/framework/src/Illuminate/Pipeline/Pipeline.php(219): Illuminate/Http/Middleware/TrustProxies->handle(Object(Illuminate/Http/Request), Object(Closure))
#61 C:/Users/sumarin/Herd/foodpos-690916/foodpos/vendor/laravel/framework/src/Illuminate/Foundation/Http/Middleware/InvokeDeferredCallbacks.php(22): Illuminate/Pipeline/Pipeline->Illuminate/Pipeline/{closure}(Object(Illuminate/Http/Request))
#62 C:/Users/sumarin/Herd/foodpos-690916/foodpos/vendor/laravel/framework/src/Illuminate/Pipeline/Pipeline.php(219): Illuminate/Foundation/Http/Middleware/InvokeDeferredCallbacks->handle(Object(Illuminate/Http/Request), Object(Closure))
#63 C:/Users/sumarin/Herd/foodpos-690916/foodpos/vendor/laravel/framework/src/Illuminate/Http/Middleware/ValidatePathEncoding.php(26): Illuminate/Pipeline/Pipeline->Illuminate/Pipeline/{closure}(Object(Illuminate/Http/Request))
#64 C:/Users/sumarin/Herd/foodpos-690916/foodpos/vendor/laravel/framework/src/Illuminate/Pipeline/Pipeline.php(219): Illuminate/Http/Middleware/ValidatePathEncoding->handle(Object(Illuminate/Http/Request), Object(Closure))
#65 C:/Users/sumarin/Herd/foodpos-690916/foodpos/vendor/laravel/framework/src/Illuminate/Pipeline/Pipeline.php(137): Illuminate/Pipeline/Pipeline->Illuminate/Pipeline/{closure}(Object(Illuminate/Http/Request))
#66 C:/Users/sumarin/Herd/foodpos-690916/foodpos/vendor/laravel/framework/src/Illuminate/Foundation/Http/Kernel.php(175): Illuminate/Pipeline/Pipeline->then(Object(Closure))
#67 C:/Users/sumarin/Herd/foodpos-690916/foodpos/vendor/laravel/framework/src/Illuminate/Foundation/Http/Kernel.php(144): Illuminate/Foundation/Http/Kernel->sendRequestThroughRouter(Object(Illuminate/Http/Request))
#68 C:/Users/sumarin/Herd/foodpos-690916/foodpos/vendor/laravel/framework/src/Illuminate/Foundation/Application.php(1220): Illuminate/Foundation/Http/Kernel->handle(Object(Illuminate/Http/Request))
#69 C:/Users/sumarin/Herd/foodpos-690916/foodpos/public/index.php(14): Illuminate/Foundation/Application->handleRequest(Object(Illuminate/Http/Request))
#70 C:/Users/sumarin/Herd/foodpos-690916/foodpos/vendor/laravel/framework/src/Illuminate/Foundation/resources/server.php(23): require_once('C://Users//sumari...')
#71 {main}
"} 
[2026-09-21 08:53:06] local.ERROR: Vite manifest not found at: C:\Users\sumarin\Herd\foodpos-690916\foodpos\public\build/manifest.json (View: C:\Users\sumarin\Herd\foodpos-690916\foodpos\resources\views\app.blade.php) {"userId":1,"exception":"[object] (Illuminate\\View\\ViewException(code: 0): Vite manifest not found at: C:\\Users\\sumarin\\Herd\\foodpos-690916\\foodpos\\public\\build/manifest.json (View: C:\\Users\\sumarin\\Herd\\foodpos-690916\\foodpos\\resources\\views\\app.blade.php) at C:/Users/sumarin/Herd/foodpos-690916/foodpos/vendor/laravel/framework/src/Illuminate/Foundation/Vite.php:946)
[stacktrace]
#0 C:/Users/sumarin/Herd/foodpos-690916/foodpos/vendor/laravel/framework/src/Illuminate/View/Engines/PhpEngine.php(59): Illuminate/View/Engines/CompilerEngine->handleViewException(Object(Illuminate/Foundation/ViteManifestNotFoundException), 1)
#1 C:/Users/sumarin/Herd/foodpos-690916/foodpos/vendor/laravel/framework/src/Illuminate/View/Engines/CompilerEngine.php(76): Illuminate/View/Engines/PhpEngine->evaluatePath('C://Users//sumari...', Array)
#2 C:/Users/sumarin/Herd/foodpos-690916/foodpos/vendor/laravel/framework/src/Illuminate/View/View.php(208): Illuminate/View/Engines/CompilerEngine->get('C://Users//sumari...', Array)
#3 C:/Users/sumarin/Herd/foodpos-690916/foodpos/vendor/laravel/framework/src/Illuminate/View/View.php(191): Illuminate/View/View->getContents()
#4 C:/Users/sumarin/Herd/foodpos-690916/foodpos/vendor/laravel/framework/src/Illuminate/View/View.php(160): Illuminate/View/View->renderContents()
#5 C:/Users/sumarin/Herd/foodpos-690916/foodpos/vendor/laravel/framework/src/Illuminate/Http/Response.php(78): Illuminate/View/View->render()
#6 C:/Users/sumarin/Herd/foodpos-690916/foodpos/vendor/laravel/framework/src/Illuminate/Http/Response.php(34): Illuminate/Http/Response->setContent(Object(Illuminate/View/View))
#7 C:/Users/sumarin/Herd/foodpos-690916/foodpos/vendor/laravel/framework/src/Illuminate/Routing/ResponseFactory.php(61): Illuminate/Http/Response->__construct(Object(Illuminate/View/View), 200, Array)
#8 C:/Users/sumarin/Herd/foodpos-690916/foodpos/vendor/laravel/framework/src/Illuminate/Routing/ResponseFactory.php(91): Illuminate/Routing/ResponseFactory->make(Object(Illuminate/View/View), 200, Array)
#9 C:/Users/sumarin/Herd/foodpos-690916/foodpos/vendor/laravel/framework/src/Illuminate/Support/Facades/Facade.php(363): Illuminate/Routing/ResponseFactory->view('app', Array)
#10 C:/Users/sumarin/Herd/foodpos-690916/foodpos/vendor/inertiajs/inertia-laravel/src/Response.php(219): Illuminate/Support/Facades/Facade::__callStatic('view', Array)
#11 C:/Users/sumarin/Herd/foodpos-690916/foodpos/vendor/laravel/framework/src/Illuminate/Routing/Router.php(921): Inertia/Response->toResponse(Object(Illuminate/Http/Request))
#12 C:/Users/sumarin/Herd/foodpos-690916/foodpos/vendor/laravel/framework/src/Illuminate/Routing/Router.php(906): Illuminate/Routing/Router::toResponse(Object(Illuminate/Http/Request), Object(Inertia/Response))
#13 C:/Users/sumarin/Herd/foodpos-690916/foodpos/vendor/laravel/framework/src/Illuminate/Routing/Router.php(821): Illuminate/Routing/Router->prepareResponse(Object(Illuminate/Http/Request), Object(Inertia/Response))
#14 C:/Users/sumarin/Herd/foodpos-690916/foodpos/vendor/laravel/framework/src/Illuminate/Pipeline/Pipeline.php(180): Illuminate/Routing/Router->Illuminate/Routing/{closure}(Object(Illuminate/Http/Request))
#15 C:/Users/sumarin/Herd/foodpos-690916/foodpos/vendor/laravel/framework/src/Illuminate/Http/Middleware/AddLinkHeadersForPreloadedAssets.php(32): Illuminate/Pipeline/Pipeline->Illuminate/Pipeline/{closure}(Object(Illuminate/Http/Request))
#16 C:/Users/sumarin/Herd/foodpos-690916/foodpos/vendor/laravel/framework/src/Illuminate/Pipeline/Pipeline.php(219): Illuminate/Http/Middleware/AddLinkHeadersForPreloadedAssets->handle(Object(Illuminate/Http/Request), Object(Closure))
#17 C:/Users/sumarin/Herd/foodpos-690916/foodpos/vendor/inertiajs/inertia-laravel/src/Middleware.php(122): Illuminate/Pipeline/Pipeline->Illuminate/Pipeline/{closure}(Object(Illuminate/Http/Request))
#18 C:/Users/sumarin/Herd/foodpos-690916/foodpos/vendor/laravel/framework/src/Illuminate/Pipeline/Pipeline.php(219): Inertia/Middleware->handle(Object(Illuminate/Http/Request), Object(Closure))
#19 C:/Users/sumarin/Herd/foodpos-690916/foodpos/app/Http/Middleware/ResolveCurrentBranch.php(40): Illuminate/Pipeline/Pipeline->Illuminate/Pipeline/{closure}(Object(Illuminate/Http/Request))
#20 C:/Users/sumarin/Herd/foodpos-690916/foodpos/vendor/laravel/framework/src/Illuminate/Pipeline/Pipeline.php(219): App/Http/Middleware/ResolveCurrentBranch->handle(Object(Illuminate/Http/Request), Object(Closure))
#21 C:/Users/sumarin/Herd/foodpos-690916/foodpos/vendor/laravel/framework/src/Illuminate/Routing/Middleware/SubstituteBindings.php(50): Illuminate/Pipeline/Pipeline->Illuminate/Pipeline/{closure}(Object(Illuminate/Http/Request))
#22 C:/Users/sumarin/Herd/foodpos-690916/foodpos/vendor/laravel/framework/src/Illuminate/Pipeline/Pipeline.php(219): Illuminate/Routing/Middleware/SubstituteBindings->handle(Object(Illuminate/Http/Request), Object(Closure))
#23 C:/Users/sumarin/Herd/foodpos-690916/foodpos/vendor/laravel/framework/src/Illuminate/Auth/Middleware/Authenticate.php(63): Illuminate/Pipeline/Pipeline->Illuminate/Pipeline/{closure}(Object(Illuminate/Http/Request))
#24 C:/Users/sumarin/Herd/foodpos-690916/foodpos/vendor/laravel/framework/src/Illuminate/Pipeline/Pipeline.php(219): Illuminate/Auth/Middleware/Authenticate->handle(Object(Illuminate/Http/Request), Object(Closure))
#25 C:/Users/sumarin/Herd/foodpos-690916/foodpos/vendor/laravel/framework/src/Illuminate/Foundation/Http/Middleware/VerifyCsrfToken.php(87): Illuminate/Pipeline/Pipeline->Illuminate/Pipeline/{closure}(Object(Illuminate/Http/Request))
#26 C:/Users/sumarin/Herd/foodpos-690916/foodpos/vendor/laravel/framework/src/Illuminate/Pipeline/Pipeline.php(219): Illuminate/Foundation/Http/Middleware/VerifyCsrfToken->handle(Object(Illuminate/Http/Request), Object(Closure))
#27 C:/Users/sumarin/Herd/foodpos-690916/foodpos/vendor/laravel/framework/src/Illuminate/View/Middleware/ShareErrorsFromSession.php(48): Illuminate/Pipeline/Pipeline->Illuminate/Pipeline/{closure}(Object(Illuminate/Http/Request))
#28 C:/Users/sumarin/Herd/foodpos-690916/foodpos/vendor/laravel/framework/src/Illuminate/Pipeline/Pipeline.php(219): Illuminate/View/Middleware/ShareErrorsFromSession->handle(Object(Illuminate/Http/Request), Object(Closure))
#29 C:/Users/sumarin/Herd/foodpos-690916/foodpos/vendor/laravel/framework/src/Illuminate/Session/Middleware/StartSession.php(120): Illuminate/Pipeline/Pipeline->Illuminate/Pipeline/{closure}(Object(Illuminate/Http/Request))
#30 C:/Users/sumarin/Herd/foodpos-690916/foodpos/vendor/laravel/framework/src/Illuminate/Session/Middleware/StartSession.php(63): Illuminate/Session/Middleware/StartSession->handleStatefulRequest(Object(Illuminate/Http/Request), Object(Illuminate/Session/Store), Object(Closure))
#31 C:/Users/sumarin/Herd/foodpos-690916/foodpos/vendor/laravel/framework/src/Illuminate/Pipeline/Pipeline.php(219): Illuminate/Session/Middleware/StartSession->handle(Object(Illuminate/Http/Request), Object(Closure))
#32 C:/Users/sumarin/Herd/foodpos-690916/foodpos/vendor/laravel/framework/src/Illuminate/Cookie/Middleware/AddQueuedCookiesToResponse.php(36): Illuminate/Pipeline/Pipeline->Illuminate/Pipeline/{closure}(Object(Illuminate/Http/Request))
#33 C:/Users/sumarin/Herd/foodpos-690916/foodpos/vendor/laravel/framework/src/Illuminate/Pipeline/Pipeline.php(219): Illuminate/Cookie/Middleware/AddQueuedCookiesToResponse->handle(Object(Illuminate/Http/Request), Object(Closure))
#34 C:/Users/sumarin/Herd/foodpos-690916/foodpos/vendor/laravel/framework/src/Illuminate/Cookie/Middleware/EncryptCookies.php(74): Illuminate/Pipeline/Pipeline->Illuminate/Pipeline/{closure}(Object(Illuminate/Http/Request))
#35 C:/Users/sumarin/Herd/foodpos-690916/foodpos/vendor/laravel/framework/src/Illuminate/Pipeline/Pipeline.php(219): Illuminate/Cookie/Middleware/EncryptCookies->handle(Object(Illuminate/Http/Request), Object(Closure))
#36 C:/Users/sumarin/Herd/foodpos-690916/foodpos/vendor/laravel/framework/src/Illuminate/Pipeline/Pipeline.php(137): Illuminate/Pipeline/Pipeline->Illuminate/Pipeline/{closure}(Object(Illuminate/Http/Request))
#37 C:/Users/sumarin/Herd/foodpos-690916/foodpos/vendor/laravel/framework/src/Illuminate/Routing/Router.php(821): Illuminate/Pipeline/Pipeline->then(Object(Closure))
#38 C:/Users/sumarin/Herd/foodpos-690916/foodpos/vendor/laravel/framework/src/Illuminate/Routing/Router.php(800): Illuminate/Routing/Router->runRouteWithinStack(Object(Illuminate/Routing/Route), Object(Illuminate/Http/Request))
#39 C:/Users/sumarin/Herd/foodpos-690916/foodpos/vendor/laravel/framework/src/Illuminate/Routing/Router.php(764): Illuminate/Routing/Router->runRoute(Object(Illuminate/Http/Request), Object(Illuminate/Routing/Route))
#40 C:/Users/sumarin/Herd/foodpos-690916/foodpos/vendor/laravel/framework/src/Illuminate/Routing/Router.php(753): Illuminate/Routing/Router->dispatchToRoute(Object(Illuminate/Http/Request))
#41 C:/Users/sumarin/Herd/foodpos-690916/foodpos/vendor/laravel/framework/src/Illuminate/Foundation/Http/Kernel.php(200): Illuminate/Routing/Router->dispatch(Object(Illuminate/Http/Request))
#42 C:/Users/sumarin/Herd/foodpos-690916/foodpos/vendor/laravel/framework/src/Illuminate/Pipeline/Pipeline.php(180): Illuminate/Foundation/Http/Kernel->Illuminate/Foundation/Http/{closure}(Object(Illuminate/Http/Request))
#43 C:/Users/sumarin/Herd/foodpos-690916/foodpos/vendor/laravel/framework/src/Illuminate/Foundation/Http/Middleware/TransformsRequest.php(21): Illuminate/Pipeline/Pipeline->Illuminate/Pipeline/{closure}(Object(Illuminate/Http/Request))
#44 C:/Users/sumarin/Herd/foodpos-690916/foodpos/vendor/laravel/framework/src/Illuminate/Foundation/Http/Middleware/ConvertEmptyStringsToNull.php(31): Illuminate/Foundation/Http/Middleware/TransformsRequest->handle(Object(Illuminate/Http/Request), Object(Closure))
#45 C:/Users/sumarin/Herd/foodpos-690916/foodpos/vendor/laravel/framework/src/Illuminate/Pipeline/Pipeline.php(219): Illuminate/Foundation/Http/Middleware/ConvertEmptyStringsToNull->handle(Object(Illuminate/Http/Request), Object(Closure))
#46 C:/Users/sumarin/Herd/foodpos-690916/foodpos/vendor/laravel/framework/src/Illuminate/Foundation/Http/Middleware/TransformsRequest.php(21): Illuminate/Pipeline/Pipeline->Illuminate/Pipeline/{closure}(Object(Illuminate/Http/Request))
#47 C:/Users/sumarin/Herd/foodpos-690916/foodpos/vendor/laravel/framework/src/Illuminate/Foundation/Http/Middleware/TrimStrings.php(51): Illuminate/Foundation/Http/Middleware/TransformsRequest->handle(Object(Illuminate/Http/Request), Object(Closure))
#48 C:/Users/sumarin/Herd/foodpos-690916/foodpos/vendor/laravel/framework/src/Illuminate/Pipeline/Pipeline.php(219): Illuminate/Foundation/Http/Middleware/TrimStrings->handle(Object(Illuminate/Http/Request), Object(Closure))
#49 C:/Users/sumarin/Herd/foodpos-690916/foodpos/vendor/laravel/framework/src/Illuminate/Http/Middleware/ValidatePostSize.php(27): Illuminate/Pipeline/Pipeline->Illuminate/Pipeline/{closure}(Object(Illuminate/Http/Request))
#50 C:/Users/sumarin/Herd/foodpos-690916/foodpos/vendor/laravel/framework/src/Illuminate/Pipeline/Pipeline.php(219): Illuminate/Http/Middleware/ValidatePostSize->handle(Object(Illuminate/Http/Request), Object(Closure))
#51 C:/Users/sumarin/Herd/foodpos-690916/foodpos/vendor/laravel/framework/src/Illuminate/Foundation/Http/Middleware/PreventRequestsDuringMaintenance.php(109): Illuminate/Pipeline/Pipeline->Illuminate/Pipeline/{closure}(Object(Illuminate/Http/Request))
#52 C:/Users/sumarin/Herd/foodpos-690916/foodpos/vendor/laravel/framework/src/Illuminate/Pipeline/Pipeline.php(219): Illuminate/Foundation/Http/Middleware/PreventRequestsDuringMaintenance->handle(Object(Illuminate/Http/Request), Object(Closure))
#53 C:/Users/sumarin/Herd/foodpos-690916/foodpos/vendor/laravel/framework/src/Illuminate/Http/Middleware/HandleCors.php(61): Illuminate/Pipeline/Pipeline->Illuminate/Pipeline/{closure}(Object(Illuminate/Http/Request))
#54 C:/Users/sumarin/Herd/foodpos-690916/foodpos/vendor/laravel/framework/src/Illuminate/Pipeline/Pipeline.php(219): Illuminate/Http/Middleware/HandleCors->handle(Object(Illuminate/Http/Request), Object(Closure))
#55 C:/Users/sumarin/Herd/foodpos-690916/foodpos/vendor/laravel/framework/src/Illuminate/Http/Middleware/TrustProxies.php(58): Illuminate/Pipeline/Pipeline->Illuminate/Pipeline/{closure}(Object(Illuminate/Http/Request))
#56 C:/Users/sumarin/Herd/foodpos-690916/foodpos/vendor/laravel/framework/src/Illuminate/Pipeline/Pipeline.php(219): Illuminate/Http/Middleware/TrustProxies->handle(Object(Illuminate/Http/Request), Object(Closure))
#57 C:/Users/sumarin/Herd/foodpos-690916/foodpos/vendor/laravel/framework/src/Illuminate/Foundation/Http/Middleware/InvokeDeferredCallbacks.php(22): Illuminate/Pipeline/Pipeline->Illuminate/Pipeline/{closure}(Object(Illuminate/Http/Request))
#58 C:/Users/sumarin/Herd/foodpos-690916/foodpos/vendor/laravel/framework/src/Illuminate/Pipeline/Pipeline.php(219): Illuminate/Foundation/Http/Middleware/InvokeDeferredCallbacks->handle(Object(Illuminate/Http/Request), Object(Closure))
#59 C:/Users/sumarin/Herd/foodpos-690916/foodpos/vendor/laravel/framework/src/Illuminate/Http/Middleware/ValidatePathEncoding.php(26): Illuminate/Pipeline/Pipeline->Illuminate/Pipeline/{closure}(Object(Illuminate/Http/Request))
#60 C:/Users/sumarin/Herd/foodpos-690916/foodpos/vendor/laravel/framework/src/Illuminate/Pipeline/Pipeline.php(219): Illuminate/Http/Middleware/ValidatePathEncoding->handle(Object(Illuminate/Http/Request), Object(Closure))
#61 C:/Users/sumarin/Herd/foodpos-690916/foodpos/vendor/laravel/framework/src/Illuminate/Pipeline/Pipeline.php(137): Illuminate/Pipeline/Pipeline->Illuminate/Pipeline/{closure}(Object(Illuminate/Http/Request))
#62 C:/Users/sumarin/Herd/foodpos-690916/foodpos/vendor/laravel/framework/src/Illuminate/Foundation/Http/Kernel.php(175): Illuminate/Pipeline/Pipeline->then(Object(Closure))
#63 C:/Users/sumarin/Herd/foodpos-690916/foodpos/vendor/laravel/framework/src/Illuminate/Foundation/Http/Kernel.php(144): Illuminate/Foundation/Http/Kernel->sendRequestThroughRouter(Object(Illuminate/Http/Request))
#64 C:/Users/sumarin/Herd/foodpos-690916/foodpos/vendor/laravel/framework/src/Illuminate/Foundation/Application.php(1220): Illuminate/Foundation/Http/Kernel->handle(Object(Illuminate/Http/Request))
#65 C:/Users/sumarin/Herd/foodpos-690916/foodpos/public/index.php(14): Illuminate/Foundation/Application->handleRequest(Object(Illuminate/Http/Request))
#66 C:/Users/sumarin/Herd/foodpos-690916/foodpos/vendor/laravel/framework/src/Illuminate/Foundation/resources/server.php(23): require_once('C://Users//sumari...')
#67 {main}

[previous exception] [object] (Illuminate\\Foundation\\ViteManifestNotFoundException(code: 0): Vite manifest not found at: C:\\Users\\sumarin\\Herd\\foodpos-690916\\foodpos\\public\\build/manifest.json at C:/Users/sumarin/Herd/foodpos-690916/foodpos/vendor/laravel/framework/src/Illuminate/Foundation/Vite.php:946)
[stacktrace]
#0 C:/Users/sumarin/Herd/foodpos-690916/foodpos/vendor/laravel/framework/src/Illuminate/Foundation/Vite.php(384): Illuminate/Foundation/Vite->manifest('build')
#1 C:/Users/sumarin/Herd/foodpos-690916/foodpos/storage/framework/views/382d2c03681df12ff94ed80f631309ff.php(12): Illuminate/Foundation/Vite->__invoke(Object(Illuminate/Support/Collection))
#2 C:/Users/sumarin/Herd/foodpos-690916/foodpos/vendor/laravel/framework/src/Illuminate/Filesystem/Filesystem.php(123): require('C://Users//sumari...')
#3 C:/Users/sumarin/Herd/foodpos-690916/foodpos/vendor/laravel/framework/src/Illuminate/Filesystem/Filesystem.php(124): Illuminate/Filesystem/Filesystem::Illuminate/Filesystem/{closure}()
#4 C:/Users/sumarin/Herd/foodpos-690916/foodpos/vendor/laravel/framework/src/Illuminate/View/Engines/PhpEngine.php(57): Illuminate/Filesystem/Filesystem->getRequire('C://Users//sumari...', Array)
#5 C:/Users/sumarin/Herd/foodpos-690916/foodpos/vendor/laravel/framework/src/Illuminate/View/Engines/CompilerEngine.php(76): Illuminate/View/Engines/PhpEngine->evaluatePath('C://Users//sumari...', Array)
#6 C:/Users/sumarin/Herd/foodpos-690916/foodpos/vendor/laravel/framework/src/Illuminate/View/View.php(208): Illuminate/View/Engines/CompilerEngine->get('C://Users//sumari...', Array)
#7 C:/Users/sumarin/Herd/foodpos-690916/foodpos/vendor/laravel/framework/src/Illuminate/View/View.php(191): Illuminate/View/View->getContents()
#8 C:/Users/sumarin/Herd/foodpos-690916/foodpos/vendor/laravel/framework/src/Illuminate/View/View.php(160): Illuminate/View/View->renderContents()
#9 C:/Users/sumarin/Herd/foodpos-690916/foodpos/vendor/laravel/framework/src/Illuminate/Http/Response.php(78): Illuminate/View/View->render()
#10 C:/Users/sumarin/Herd/foodpos-690916/foodpos/vendor/laravel/framework/src/Illuminate/Http/Response.php(34): Illuminate/Http/Response->setContent(Object(Illuminate/View/View))
#11 C:/Users/sumarin/Herd/foodpos-690916/foodpos/vendor/laravel/framework/src/Illuminate/Routing/ResponseFactory.php(61): Illuminate/Http/Response->__construct(Object(Illuminate/View/View), 200, Array)
#12 C:/Users/sumarin/Herd/foodpos-690916/foodpos/vendor/laravel/framework/src/Illuminate/Routing/ResponseFactory.php(91): Illuminate/Routing/ResponseFactory->make(Object(Illuminate/View/View), 200, Array)
#13 C:/Users/sumarin/Herd/foodpos-690916/foodpos/vendor/laravel/framework/src/Illuminate/Support/Facades/Facade.php(363): Illuminate/Routing/ResponseFactory->view('app', Array)
#14 C:/Users/sumarin/Herd/foodpos-690916/foodpos/vendor/inertiajs/inertia-laravel/src/Response.php(219): Illuminate/Support/Facades/Facade::__callStatic('view', Array)
#15 C:/Users/sumarin/Herd/foodpos-690916/foodpos/vendor/laravel/framework/src/Illuminate/Routing/Router.php(921): Inertia/Response->toResponse(Object(Illuminate/Http/Request))
#16 C:/Users/sumarin/Herd/foodpos-690916/foodpos/vendor/laravel/framework/src/Illuminate/Routing/Router.php(906): Illuminate/Routing/Router::toResponse(Object(Illuminate/Http/Request), Object(Inertia/Response))
#17 C:/Users/sumarin/Herd/foodpos-690916/foodpos/vendor/laravel/framework/src/Illuminate/Routing/Router.php(821): Illuminate/Routing/Router->prepareResponse(Object(Illuminate/Http/Request), Object(Inertia/Response))
#18 C:/Users/sumarin/Herd/foodpos-690916/foodpos/vendor/laravel/framework/src/Illuminate/Pipeline/Pipeline.php(180): Illuminate/Routing/Router->Illuminate/Routing/{closure}(Object(Illuminate/Http/Request))
#19 C:/Users/sumarin/Herd/foodpos-690916/foodpos/vendor/laravel/framework/src/Illuminate/Http/Middleware/AddLinkHeadersForPreloadedAssets.php(32): Illuminate/Pipeline/Pipeline->Illuminate/Pipeline/{closure}(Object(Illuminate/Http/Request))
#20 C:/Users/sumarin/Herd/foodpos-690916/foodpos/vendor/laravel/framework/src/Illuminate/Pipeline/Pipeline.php(219): Illuminate/Http/Middleware/AddLinkHeadersForPreloadedAssets->handle(Object(Illuminate/Http/Request), Object(Closure))
#21 C:/Users/sumarin/Herd/foodpos-690916/foodpos/vendor/inertiajs/inertia-laravel/src/Middleware.php(122): Illuminate/Pipeline/Pipeline->Illuminate/Pipeline/{closure}(Object(Illuminate/Http/Request))
#22 C:/Users/sumarin/Herd/foodpos-690916/foodpos/vendor/laravel/framework/src/Illuminate/Pipeline/Pipeline.php(219): Inertia/Middleware->handle(Object(Illuminate/Http/Request), Object(Closure))
#23 C:/Users/sumarin/Herd/foodpos-690916/foodpos/app/Http/Middleware/ResolveCurrentBranch.php(40): Illuminate/Pipeline/Pipeline->Illuminate/Pipeline/{closure}(Object(Illuminate/Http/Request))
#24 C:/Users/sumarin/Herd/foodpos-690916/foodpos/vendor/laravel/framework/src/Illuminate/Pipeline/Pipeline.php(219): App/Http/Middleware/ResolveCurrentBranch->handle(Object(Illuminate/Http/Request), Object(Closure))
#25 C:/Users/sumarin/Herd/foodpos-690916/foodpos/vendor/laravel/framework/src/Illuminate/Routing/Middleware/SubstituteBindings.php(50): Illuminate/Pipeline/Pipeline->Illuminate/Pipeline/{closure}(Object(Illuminate/Http/Request))
#26 C:/Users/sumarin/Herd/foodpos-690916/foodpos/vendor/laravel/framework/src/Illuminate/Pipeline/Pipeline.php(219): Illuminate/Routing/Middleware/SubstituteBindings->handle(Object(Illuminate/Http/Request), Object(Closure))
#27 C:/Users/sumarin/Herd/foodpos-690916/foodpos/vendor/laravel/framework/src/Illuminate/Auth/Middleware/Authenticate.php(63): Illuminate/Pipeline/Pipeline->Illuminate/Pipeline/{closure}(Object(Illuminate/Http/Request))
#28 C:/Users/sumarin/Herd/foodpos-690916/foodpos/vendor/laravel/framework/src/Illuminate/Pipeline/Pipeline.php(219): Illuminate/Auth/Middleware/Authenticate->handle(Object(Illuminate/Http/Request), Object(Closure))
#29 C:/Users/sumarin/Herd/foodpos-690916/foodpos/vendor/laravel/framework/src/Illuminate/Foundation/Http/Middleware/VerifyCsrfToken.php(87): Illuminate/Pipeline/Pipeline->Illuminate/Pipeline/{closure}(Object(Illuminate/Http/Request))
#30 C:/Users/sumarin/Herd/foodpos-690916/foodpos/vendor/laravel/framework/src/Illuminate/Pipeline/Pipeline.php(219): Illuminate/Foundation/Http/Middleware/VerifyCsrfToken->handle(Object(Illuminate/Http/Request), Object(Closure))
#31 C:/Users/sumarin/Herd/foodpos-690916/foodpos/vendor/laravel/framework/src/Illuminate/View/Middleware/ShareErrorsFromSession.php(48): Illuminate/Pipeline/Pipeline->Illuminate/Pipeline/{closure}(Object(Illuminate/Http/Request))
#32 C:/Users/sumarin/Herd/foodpos-690916/foodpos/vendor/laravel/framework/src/Illuminate/Pipeline/Pipeline.php(219): Illuminate/View/Middleware/ShareErrorsFromSession->handle(Object(Illuminate/Http/Request), Object(Closure))
#33 C:/Users/sumarin/Herd/foodpos-690916/foodpos/vendor/laravel/framework/src/Illuminate/Session/Middleware/StartSession.php(120): Illuminate/Pipeline/Pipeline->Illuminate/Pipeline/{closure}(Object(Illuminate/Http/Request))
#34 C:/Users/sumarin/Herd/foodpos-690916/foodpos/vendor/laravel/framework/src/Illuminate/Session/Middleware/StartSession.php(63): Illuminate/Session/Middleware/StartSession->handleStatefulRequest(Object(Illuminate/Http/Request), Object(Illuminate/Session/Store), Object(Closure))
#35 C:/Users/sumarin/Herd/foodpos-690916/foodpos/vendor/laravel/framework/src/Illuminate/Pipeline/Pipeline.php(219): Illuminate/Session/Middleware/StartSession->handle(Object(Illuminate/Http/Request), Object(Closure))
#36 C:/Users/sumarin/Herd/foodpos-690916/foodpos/vendor/laravel/framework/src/Illuminate/Cookie/Middleware/AddQueuedCookiesToResponse.php(36): Illuminate/Pipeline/Pipeline->Illuminate/Pipeline/{closure}(Object(Illuminate/Http/Request))
#37 C:/Users/sumarin/Herd/foodpos-690916/foodpos/vendor/laravel/framework/src/Illuminate/Pipeline/Pipeline.php(219): Illuminate/Cookie/Middleware/AddQueuedCookiesToResponse->handle(Object(Illuminate/Http/Request), Object(Closure))
#38 C:/Users/sumarin/Herd/foodpos-690916/foodpos/vendor/laravel/framework/src/Illuminate/Cookie/Middleware/EncryptCookies.php(74): Illuminate/Pipeline/Pipeline->Illuminate/Pipeline/{closure}(Object(Illuminate/Http/Request))
#39 C:/Users/sumarin/Herd/foodpos-690916/foodpos/vendor/laravel/framework/src/Illuminate/Pipeline/Pipeline.php(219): Illuminate/Cookie/Middleware/EncryptCookies->handle(Object(Illuminate/Http/Request), Object(Closure))
#40 C:/Users/sumarin/Herd/foodpos-690916/foodpos/vendor/laravel/framework/src/Illuminate/Pipeline/Pipeline.php(137): Illuminate/Pipeline/Pipeline->Illuminate/Pipeline/{closure}(Object(Illuminate/Http/Request))
#41 C:/Users/sumarin/Herd/foodpos-690916/foodpos/vendor/laravel/framework/src/Illuminate/Routing/Router.php(821): Illuminate/Pipeline/Pipeline->then(Object(Closure))
#42 C:/Users/sumarin/Herd/foodpos-690916/foodpos/vendor/laravel/framework/src/Illuminate/Routing/Router.php(800): Illuminate/Routing/Router->runRouteWithinStack(Object(Illuminate/Routing/Route), Object(Illuminate/Http/Request))
#43 C:/Users/sumarin/Herd/foodpos-690916/foodpos/vendor/laravel/framework/src/Illuminate/Routing/Router.php(764): Illuminate/Routing/Router->runRoute(Object(Illuminate/Http/Request), Object(Illuminate/Routing/Route))
#44 C:/Users/sumarin/Herd/foodpos-690916/foodpos/vendor/laravel/framework/src/Illuminate/Routing/Router.php(753): Illuminate/Routing/Router->dispatchToRoute(Object(Illuminate/Http/Request))
#45 C:/Users/sumarin/Herd/foodpos-690916/foodpos/vendor/laravel/framework/src/Illuminate/Foundation/Http/Kernel.php(200): Illuminate/Routing/Router->dispatch(Object(Illuminate/Http/Request))
#46 C:/Users/sumarin/Herd/foodpos-690916/foodpos/vendor/laravel/framework/src/Illuminate/Pipeline/Pipeline.php(180): Illuminate/Foundation/Http/Kernel->Illuminate/Foundation/Http/{closure}(Object(Illuminate/Http/Request))
#47 C:/Users/sumarin/Herd/foodpos-690916/foodpos/vendor/laravel/framework/src/Illuminate/Foundation/Http/Middleware/TransformsRequest.php(21): Illuminate/Pipeline/Pipeline->Illuminate/Pipeline/{closure}(Object(Illuminate/Http/Request))
#48 C:/Users/sumarin/Herd/foodpos-690916/foodpos/vendor/laravel/framework/src/Illuminate/Foundation/Http/Middleware/ConvertEmptyStringsToNull.php(31): Illuminate/Foundation/Http/Middleware/TransformsRequest->handle(Object(Illuminate/Http/Request), Object(Closure))
#49 C:/Users/sumarin/Herd/foodpos-690916/foodpos/vendor/laravel/framework/src/Illuminate/Pipeline/Pipeline.php(219): Illuminate/Foundation/Http/Middleware/ConvertEmptyStringsToNull->handle(Object(Illuminate/Http/Request), Object(Closure))
#50 C:/Users/sumarin/Herd/foodpos-690916/foodpos/vendor/laravel/framework/src/Illuminate/Foundation/Http/Middleware/TransformsRequest.php(21): Illuminate/Pipeline/Pipeline->Illuminate/Pipeline/{closure}(Object(Illuminate/Http/Request))
#51 C:/Users/sumarin/Herd/foodpos-690916/foodpos/vendor/laravel/framework/src/Illuminate/Foundation/Http/Middleware/TrimStrings.php(51): Illuminate/Foundation/Http/Middleware/TransformsRequest->handle(Object(Illuminate/Http/Request), Object(Closure))
#52 C:/Users/sumarin/Herd/foodpos-690916/foodpos/vendor/laravel/framework/src/Illuminate/Pipeline/Pipeline.php(219): Illuminate/Foundation/Http/Middleware/TrimStrings->handle(Object(Illuminate/Http/Request), Object(Closure))
#53 C:/Users/sumarin/Herd/foodpos-690916/foodpos/vendor/laravel/framework/src/Illuminate/Http/Middleware/ValidatePostSize.php(27): Illuminate/Pipeline/Pipeline->Illuminate/Pipeline/{closure}(Object(Illuminate/Http/Request))
#54 C:/Users/sumarin/Herd/foodpos-690916/foodpos/vendor/laravel/framework/src/Illuminate/Pipeline/Pipeline.php(219): Illuminate/Http/Middleware/ValidatePostSize->handle(Object(Illuminate/Http/Request), Object(Closure))
#55 C:/Users/sumarin/Herd/foodpos-690916/foodpos/vendor/laravel/framework/src/Illuminate/Foundation/Http/Middleware/PreventRequestsDuringMaintenance.php(109): Illuminate/Pipeline/Pipeline->Illuminate/Pipeline/{closure}(Object(Illuminate/Http/Request))
#56 C:/Users/sumarin/Herd/foodpos-690916/foodpos/vendor/laravel/framework/src/Illuminate/Pipeline/Pipeline.php(219): Illuminate/Foundation/Http/Middleware/PreventRequestsDuringMaintenance->handle(Object(Illuminate/Http/Request), Object(Closure))
#57 C:/Users/sumarin/Herd/foodpos-690916/foodpos/vendor/laravel/framework/src/Illuminate/Http/Middleware/HandleCors.php(61): Illuminate/Pipeline/Pipeline->Illuminate/Pipeline/{closure}(Object(Illuminate/Http/Request))
#58 C:/Users/sumarin/Herd/foodpos-690916/foodpos/vendor/laravel/framework/src/Illuminate/Pipeline/Pipeline.php(219): Illuminate/Http/Middleware/HandleCors->handle(Object(Illuminate/Http/Request), Object(Closure))
#59 C:/Users/sumarin/Herd/foodpos-690916/foodpos/vendor/laravel/framework/src/Illuminate/Http/Middleware/TrustProxies.php(58): Illuminate/Pipeline/Pipeline->Illuminate/Pipeline/{closure}(Object(Illuminate/Http/Request))
#60 C:/Users/sumarin/Herd/foodpos-690916/foodpos/vendor/laravel/framework/src/Illuminate/Pipeline/Pipeline.php(219): Illuminate/Http/Middleware/TrustProxies->handle(Object(Illuminate/Http/Request), Object(Closure))
#61 C:/Users/sumarin/Herd/foodpos-690916/foodpos/vendor/laravel/framework/src/Illuminate/Foundation/Http/Middleware/InvokeDeferredCallbacks.php(22): Illuminate/Pipeline/Pipeline->Illuminate/Pipeline/{closure}(Object(Illuminate/Http/Request))
#62 C:/Users/sumarin/Herd/foodpos-690916/foodpos/vendor/laravel/framework/src/Illuminate/Pipeline/Pipeline.php(219): Illuminate/Foundation/Http/Middleware/InvokeDeferredCallbacks->handle(Object(Illuminate/Http/Request), Object(Closure))
#63 C:/Users/sumarin/Herd/foodpos-690916/foodpos/vendor/laravel/framework/src/Illuminate/Http/Middleware/ValidatePathEncoding.php(26): Illuminate/Pipeline/Pipeline->Illuminate/Pipeline/{closure}(Object(Illuminate/Http/Request))
#64 C:/Users/sumarin/Herd/foodpos-690916/foodpos/vendor/laravel/framework/src/Illuminate/Pipeline/Pipeline.php(219): Illuminate/Http/Middleware/ValidatePathEncoding->handle(Object(Illuminate/Http/Request), Object(Closure))
#65 C:/Users/sumarin/Herd/foodpos-690916/foodpos/vendor/laravel/framework/src/Illuminate/Pipeline/Pipeline.php(137): Illuminate/Pipeline/Pipeline->Illuminate/Pipeline/{closure}(Object(Illuminate/Http/Request))
#66 C:/Users/sumarin/Herd/foodpos-690916/foodpos/vendor/laravel/framework/src/Illuminate/Foundation/Http/Kernel.php(175): Illuminate/Pipeline/Pipeline->then(Object(Closure))
#67 C:/Users/sumarin/Herd/foodpos-690916/foodpos/vendor/laravel/framework/src/Illuminate/Foundation/Http/Kernel.php(144): Illuminate/Foundation/Http/Kernel->sendRequestThroughRouter(Object(Illuminate/Http/Request))
#68 C:/Users/sumarin/Herd/foodpos-690916/foodpos/vendor/laravel/framework/src/Illuminate/Foundation/Application.php(1220): Illuminate/Foundation/Http/Kernel->handle(Object(Illuminate/Http/Request))
#69 C:/Users/sumarin/Herd/foodpos-690916/foodpos/public/index.php(14): Illuminate/Foundation/Application->handleRequest(Object(Illuminate/Http/Request))
#70 C:/Users/sumarin/Herd/foodpos-690916/foodpos/vendor/laravel/framework/src/Illuminate/Foundation/resources/server.php(23): require_once('C://Users//sumari...')
#71 {main}
"} 
[2026-09-23 03:54:43] local.ERROR: SQLSTATE[HY000]: General error: 1 duplicate column name: theme_color (Connection: sqlite, Database: C:\Users\sumarin\Herd\foodpos-690916\foodpos\database\database.sqlite, SQL: alter table "POS2_branches" add column "theme_color" varchar) {"exception":"[object] (Illuminate\\Database\\QueryException(code: HY000): SQLSTATE[HY000]: General error: 1 duplicate column name: theme_color (Connection: sqlite, Database: C:\\Users\\sumarin\\Herd\\foodpos-690916\\foodpos\\database\\database.sqlite, SQL: alter table \"POS2_branches\" add column \"theme_color\" varchar) at C:/Users/sumarin/Herd/foodpos-690916/foodpos/vendor/laravel/framework/src/Illuminate/Database/Connection.php:838)
[stacktrace]
#0 C:/Users/sumarin/Herd/foodpos-690916/foodpos/vendor/laravel/framework/src/Illuminate/Database/Connection.php(794): Illuminate/Database/Connection->runQueryCallback('alter table \"PO...', Array, Object(Closure))
#1 C:/Users/sumarin/Herd/foodpos-690916/foodpos/vendor/laravel/framework/src/Illuminate/Database/Connection.php(573): Illuminate/Database/Connection->run('alter table \"PO...', Array, Object(Closure))
#2 C:/Users/sumarin/Herd/foodpos-690916/foodpos/vendor/laravel/framework/src/Illuminate/Database/Schema/Blueprint.php(121): Illuminate/Database/Connection->statement('alter table \"PO...')
#3 C:/Users/sumarin/Herd/foodpos-690916/foodpos/vendor/laravel/framework/src/Illuminate/Database/Schema/Builder.php(686): Illuminate/Database/Schema/Blueprint->build()
#4 C:/Users/sumarin/Herd/foodpos-690916/foodpos/vendor/laravel/framework/src/Illuminate/Database/Schema/Builder.php(494): Illuminate/Database/Schema/Builder->build(Object(Illuminate/Database/Schema/Blueprint))
#5 C:/Users/sumarin/Herd/foodpos-690916/foodpos/vendor/laravel/framework/src/Illuminate/Support/Facades/Facade.php(363): Illuminate/Database/Schema/Builder->table('branches', Object(Closure))
#6 C:/Users/sumarin/Herd/foodpos-690916/foodpos/database/migrations/2026_01_01_001800_add_theme_color_to_branches_table.php(11): Illuminate/Support/Facades/Facade::__callStatic('table', Array)
#7 C:/Users/sumarin/Herd/foodpos-690916/foodpos/vendor/laravel/framework/src/Illuminate/Database/Migrations/Migrator.php(517): Illuminate/Database/Migrations/Migration@anonymous->up()
#8 C:/Users/sumarin/Herd/foodpos-690916/foodpos/vendor/laravel/framework/src/Illuminate/Database/Migrations/Migrator.php(442): Illuminate/Database/Migrations/Migrator->runMethod(Object(Illuminate/Database/SQLiteConnection), Object(Illuminate/Database/Migrations/Migration@anonymous), 'up')
#9 C:/Users/sumarin/Herd/foodpos-690916/foodpos/vendor/laravel/framework/src/Illuminate/Database/Migrations/Migrator.php(451): Illuminate/Database/Migrations/Migrator->Illuminate/Database/Migrations/{closure}()
#10 C:/Users/sumarin/Herd/foodpos-690916/foodpos/vendor/laravel/framework/src/Illuminate/Database/Migrations/Migrator.php(253): Illuminate/Database/Migrations/Migrator->runMigration(Object(Illuminate/Database/Migrations/Migration@anonymous), 'up')
#11 C:/Users/sumarin/Herd/foodpos-690916/foodpos/vendor/laravel/framework/src/Illuminate/Console/View/Components/Task.php(41): Illuminate/Database/Migrations/Migrator->Illuminate/Database/Migrations/{closure}()
#12 C:/Users/sumarin/Herd/foodpos-690916/foodpos/vendor/laravel/framework/src/Illuminate/Database/Migrations/Migrator.php(814): Illuminate/Console/View/Components/Task->render('2026_01_01_0018...', Object(Closure))
#13 C:/Users/sumarin/Herd/foodpos-690916/foodpos/vendor/laravel/framework/src/Illuminate/Database/Migrations/Migrator.php(253): Illuminate/Database/Migrations/Migrator->write('Illuminate//Cons...', '2026_01_01_0018...', Object(Closure))
#14 C:/Users/sumarin/Herd/foodpos-690916/foodpos/vendor/laravel/framework/src/Illuminate/Database/Migrations/Migrator.php(211): Illuminate/Database/Migrations/Migrator->runUp('C://Users//sumari...', 1, false)
#15 C:/Users/sumarin/Herd/foodpos-690916/foodpos/vendor/laravel/framework/src/Illuminate/Database/Migrations/Migrator.php(138): Illuminate/Database/Migrations/Migrator->runPending(Array, Array)
#16 C:/Users/sumarin/Herd/foodpos-690916/foodpos/vendor/laravel/framework/src/Illuminate/Database/Console/Migrations/MigrateCommand.php(116): Illuminate/Database/Migrations/Migrator->run(Array, Array)
#17 C:/Users/sumarin/Herd/foodpos-690916/foodpos/vendor/laravel/framework/src/Illuminate/Database/Migrations/Migrator.php(671): Illuminate/Database/Console/Migrations/MigrateCommand->Illuminate/Database/Console/Migrations/{closure}()
#18 C:/Users/sumarin/Herd/foodpos-690916/foodpos/vendor/laravel/framework/src/Illuminate/Database/Console/Migrations/MigrateCommand.php(109): Illuminate/Database/Migrations/Migrator->usingConnection(NULL, Object(Closure))
#19 C:/Users/sumarin/Herd/foodpos-690916/foodpos/vendor/laravel/framework/src/Illuminate/Database/Console/Migrations/MigrateCommand.php(88): Illuminate/Database/Console/Migrations/MigrateCommand->runMigrations()
#20 C:/Users/sumarin/Herd/foodpos-690916/foodpos/vendor/laravel/framework/src/Illuminate/Container/BoundMethod.php(36): Illuminate/Database/Console/Migrations/MigrateCommand->handle()
#21 C:/Users/sumarin/Herd/foodpos-690916/foodpos/vendor/laravel/framework/src/Illuminate/Container/Util.php(43): Illuminate/Container/BoundMethod::Illuminate/Container/{closure}()
#22 C:/Users/sumarin/Herd/foodpos-690916/foodpos/vendor/laravel/framework/src/Illuminate/Container/BoundMethod.php(96): Illuminate/Container/Util::unwrapIfClosure(Object(Closure))
#23 C:/Users/sumarin/Herd/foodpos-690916/foodpos/vendor/laravel/framework/src/Illuminate/Container/BoundMethod.php(35): Illuminate/Container/BoundMethod::callBoundMethod(Object(Illuminate/Foundation/Application), Array, Object(Closure))
#24 C:/Users/sumarin/Herd/foodpos-690916/foodpos/vendor/laravel/framework/src/Illuminate/Container/Container.php(799): Illuminate/Container/BoundMethod::call(Object(Illuminate/Foundation/Application), Array, Array, NULL)
#25 C:/Users/sumarin/Herd/foodpos-690916/foodpos/vendor/laravel/framework/src/Illuminate/Console/Command.php(211): Illuminate/Container/Container->call(Array)
#26 C:/Users/sumarin/Herd/foodpos-690916/foodpos/vendor/symfony/console/Command/Command.php(341): Illuminate/Console/Command->execute(Object(Symfony/Component/Console/Input/ArrayInput), Object(Illuminate/Console/OutputStyle))
#27 C:/Users/sumarin/Herd/foodpos-690916/foodpos/vendor/laravel/framework/src/Illuminate/Console/Command.php(180): Symfony/Component/Console/Command/Command->run(Object(Symfony/Component/Console/Input/ArrayInput), Object(Illuminate/Console/OutputStyle))
#28 C:/Users/sumarin/Herd/foodpos-690916/foodpos/vendor/laravel/framework/src/Illuminate/Console/Concerns/CallsCommands.php(68): Illuminate/Console/Command->run(Object(Symfony/Component/Console/Input/ArrayInput), Object(Illuminate/Console/OutputStyle))
#29 C:/Users/sumarin/Herd/foodpos-690916/foodpos/vendor/laravel/framework/src/Illuminate/Console/Concerns/CallsCommands.php(29): Illuminate/Console/Command->runCommand('migrate', Array, Object(Illuminate/Console/OutputStyle))
#30 C:/Users/sumarin/Herd/foodpos-690916/foodpos/vendor/laravel/framework/src/Illuminate/Database/Console/Migrations/FreshCommand.php(88): Illuminate/Console/Command->call('migrate', Array)
#31 C:/Users/sumarin/Herd/foodpos-690916/foodpos/vendor/laravel/framework/src/Illuminate/Container/BoundMethod.php(36): Illuminate/Database/Console/Migrations/FreshCommand->handle()
#32 C:/Users/sumarin/Herd/foodpos-690916/foodpos/vendor/laravel/framework/src/Illuminate/Container/Util.php(43): Illuminate/Container/BoundMethod::Illuminate/Container/{closure}()
#33 C:/Users/sumarin/Herd/foodpos-690916/foodpos/vendor/laravel/framework/src/Illuminate/Container/BoundMethod.php(96): Illuminate/Container/Util::unwrapIfClosure(Object(Closure))
#34 C:/Users/sumarin/Herd/foodpos-690916/foodpos/vendor/laravel/framework/src/Illuminate/Container/BoundMethod.php(35): Illuminate/Container/BoundMethod::callBoundMethod(Object(Illuminate/Foundation/Application), Array, Object(Closure))
#35 C:/Users/sumarin/Herd/foodpos-690916/foodpos/vendor/laravel/framework/src/Illuminate/Container/Container.php(799): Illuminate/Container/BoundMethod::call(Object(Illuminate/Foundation/Application), Array, Array, NULL)
#36 C:/Users/sumarin/Herd/foodpos-690916/foodpos/vendor/laravel/framework/src/Illuminate/Console/Command.php(211): Illuminate/Container/Container->call(Array)
#37 C:/Users/sumarin/Herd/foodpos-690916/foodpos/vendor/symfony/console/Command/Command.php(341): Illuminate/Console/Command->execute(Object(Symfony/Component/Console/Input/ArgvInput), Object(Illuminate/Console/OutputStyle))
#38 C:/Users/sumarin/Herd/foodpos-690916/foodpos/vendor/laravel/framework/src/Illuminate/Console/Command.php(180): Symfony/Component/Console/Command/Command->run(Object(Symfony/Component/Console/Input/ArgvInput), Object(Illuminate/Console/OutputStyle))
#39 C:/Users/sumarin/Herd/foodpos-690916/foodpos/vendor/symfony/console/Application.php(1117): Illuminate/Console/Command->run(Object(Symfony/Component/Console/Input/ArgvInput), Object(Symfony/Component/Console/Output/ConsoleOutput))
#40 C:/Users/sumarin/Herd/foodpos-690916/foodpos/vendor/symfony/console/Application.php(356): Symfony/Component/Console/Application->doRunCommand(Object(Illuminate/Database/Console/Migrations/FreshCommand), Object(Symfony/Component/Console/Input/ArgvInput), Object(Symfony/Component/Console/Output/ConsoleOutput))
#41 C:/Users/sumarin/Herd/foodpos-690916/foodpos/vendor/symfony/console/Application.php(195): Symfony/Component/Console/Application->doRun(Object(Symfony/Component/Console/Input/ArgvInput), Object(Symfony/Component/Console/Output/ConsoleOutput))
#42 C:/Users/sumarin/Herd/foodpos-690916/foodpos/vendor/laravel/framework/src/Illuminate/Foundation/Console/Kernel.php(198): Symfony/Component/Console/Application->run(Object(Symfony/Component/Console/Input/ArgvInput), Object(Symfony/Component/Console/Output/ConsoleOutput))
#43 C:/Users/sumarin/Herd/foodpos-690916/foodpos/vendor/laravel/framework/src/Illuminate/Foundation/Application.php(1235): Illuminate/Foundation/Console/Kernel->handle(Object(Symfony/Component/Console/Input/ArgvInput), Object(Symfony/Component/Console/Output/ConsoleOutput))
#44 C:/Users/sumarin/Herd/foodpos-690916/foodpos/artisan(11): Illuminate/Foundation/Application->handleCommand(Object(Symfony/Component/Console/Input/ArgvInput))
#45 {main}

[previous exception] [object] (PDOException(code: HY000): SQLSTATE[HY000]: General error: 1 duplicate column name: theme_color at C:/Users/sumarin/Herd/foodpos-690916/foodpos/vendor/laravel/framework/src/Illuminate/Database/Connection.php:578)
[stacktrace]
#0 C:/Users/sumarin/Herd/foodpos-690916/foodpos/vendor/laravel/framework/src/Illuminate/Database/Connection.php(578): PDO->prepare('alter table \"PO...')
#1 C:/Users/sumarin/Herd/foodpos-690916/foodpos/vendor/laravel/framework/src/Illuminate/Database/Connection.php(827): Illuminate/Database/Connection->Illuminate/Database/{closure}('alter table \"PO...', Array)
#2 C:/Users/sumarin/Herd/foodpos-690916/foodpos/vendor/laravel/framework/src/Illuminate/Database/Connection.php(794): Illuminate/Database/Connection->runQueryCallback('alter table \"PO...', Array, Object(Closure))
#3 C:/Users/sumarin/Herd/foodpos-690916/foodpos/vendor/laravel/framework/src/Illuminate/Database/Connection.php(573): Illuminate/Database/Connection->run('alter table \"PO...', Array, Object(Closure))
#4 C:/Users/sumarin/Herd/foodpos-690916/foodpos/vendor/laravel/framework/src/Illuminate/Database/Schema/Blueprint.php(121): Illuminate/Database/Connection->statement('alter table \"PO...')
#5 C:/Users/sumarin/Herd/foodpos-690916/foodpos/vendor/laravel/framework/src/Illuminate/Database/Schema/Builder.php(686): Illuminate/Database/Schema/Blueprint->build()
#6 C:/Users/sumarin/Herd/foodpos-690916/foodpos/vendor/laravel/framework/src/Illuminate/Database/Schema/Builder.php(494): Illuminate/Database/Schema/Builder->build(Object(Illuminate/Database/Schema/Blueprint))
#7 C:/Users/sumarin/Herd/foodpos-690916/foodpos/vendor/laravel/framework/src/Illuminate/Support/Facades/Facade.php(363): Illuminate/Database/Schema/Builder->table('branches', Object(Closure))
#8 C:/Users/sumarin/Herd/foodpos-690916/foodpos/database/migrations/2026_01_01_001800_add_theme_color_to_branches_table.php(11): Illuminate/Support/Facades/Facade::__callStatic('table', Array)
#9 C:/Users/sumarin/Herd/foodpos-690916/foodpos/vendor/laravel/framework/src/Illuminate/Database/Migrations/Migrator.php(517): Illuminate/Database/Migrations/Migration@anonymous->up()
#10 C:/Users/sumarin/Herd/foodpos-690916/foodpos/vendor/laravel/framework/src/Illuminate/Database/Migrations/Migrator.php(442): Illuminate/Database/Migrations/Migrator->runMethod(Object(Illuminate/Database/SQLiteConnection), Object(Illuminate/Database/Migrations/Migration@anonymous), 'up')
#11 C:/Users/sumarin/Herd/foodpos-690916/foodpos/vendor/laravel/framework/src/Illuminate/Database/Migrations/Migrator.php(451): Illuminate/Database/Migrations/Migrator->Illuminate/Database/Migrations/{closure}()
#12 C:/Users/sumarin/Herd/foodpos-690916/foodpos/vendor/laravel/framework/src/Illuminate/Database/Migrations/Migrator.php(253): Illuminate/Database/Migrations/Migrator->runMigration(Object(Illuminate/Database/Migrations/Migration@anonymous), 'up')
#13 C:/Users/sumarin/Herd/foodpos-690916/foodpos/vendor/laravel/framework/src/Illuminate/Console/View/Components/Task.php(41): Illuminate/Database/Migrations/Migrator->Illuminate/Database/Migrations/{closure}()
#14 C:/Users/sumarin/Herd/foodpos-690916/foodpos/vendor/laravel/framework/src/Illuminate/Database/Migrations/Migrator.php(814): Illuminate/Console/View/Components/Task->render('2026_01_01_0018...', Object(Closure))
#15 C:/Users/sumarin/Herd/foodpos-690916/foodpos/vendor/laravel/framework/src/Illuminate/Database/Migrations/Migrator.php(253): Illuminate/Database/Migrations/Migrator->write('Illuminate//Cons...', '2026_01_01_0018...', Object(Closure))
#16 C:/Users/sumarin/Herd/foodpos-690916/foodpos/vendor/laravel/framework/src/Illuminate/Database/Migrations/Migrator.php(211): Illuminate/Database/Migrations/Migrator->runUp('C://Users//sumari...', 1, false)
#17 C:/Users/sumarin/Herd/foodpos-690916/foodpos/vendor/laravel/framework/src/Illuminate/Database/Migrations/Migrator.php(138): Illuminate/Database/Migrations/Migrator->runPending(Array, Array)
#18 C:/Users/sumarin/Herd/foodpos-690916/foodpos/vendor/laravel/framework/src/Illuminate/Database/Console/Migrations/MigrateCommand.php(116): Illuminate/Database/Migrations/Migrator->run(Array, Array)
#19 C:/Users/sumarin/Herd/foodpos-690916/foodpos/vendor/laravel/framework/src/Illuminate/Database/Migrations/Migrator.php(671): Illuminate/Database/Console/Migrations/MigrateCommand->Illuminate/Database/Console/Migrations/{closure}()
#20 C:/Users/sumarin/Herd/foodpos-690916/foodpos/vendor/laravel/framework/src/Illuminate/Database/Console/Migrations/MigrateCommand.php(109): Illuminate/Database/Migrations/Migrator->usingConnection(NULL, Object(Closure))
#21 C:/Users/sumarin/Herd/foodpos-690916/foodpos/vendor/laravel/framework/src/Illuminate/Database/Console/Migrations/MigrateCommand.php(88): Illuminate/Database/Console/Migrations/MigrateCommand->runMigrations()
#22 C:/Users/sumarin/Herd/foodpos-690916/foodpos/vendor/laravel/framework/src/Illuminate/Container/BoundMethod.php(36): Illuminate/Database/Console/Migrations/MigrateCommand->handle()
#23 C:/Users/sumarin/Herd/foodpos-690916/foodpos/vendor/laravel/framework/src/Illuminate/Container/Util.php(43): Illuminate/Container/BoundMethod::Illuminate/Container/{closure}()
#24 C:/Users/sumarin/Herd/foodpos-690916/foodpos/vendor/laravel/framework/src/Illuminate/Container/BoundMethod.php(96): Illuminate/Container/Util::unwrapIfClosure(Object(Closure))
#25 C:/Users/sumarin/Herd/foodpos-690916/foodpos/vendor/laravel/framework/src/Illuminate/Container/BoundMethod.php(35): Illuminate/Container/BoundMethod::callBoundMethod(Object(Illuminate/Foundation/Application), Array, Object(Closure))
#26 C:/Users/sumarin/Herd/foodpos-690916/foodpos/vendor/laravel/framework/src/Illuminate/Container/Container.php(799): Illuminate/Container/BoundMethod::call(Object(Illuminate/Foundation/Application), Array, Array, NULL)
#27 C:/Users/sumarin/Herd/foodpos-690916/foodpos/vendor/laravel/framework/src/Illuminate/Console/Command.php(211): Illuminate/Container/Container->call(Array)
#28 C:/Users/sumarin/Herd/foodpos-690916/foodpos/vendor/symfony/console/Command/Command.php(341): Illuminate/Console/Command->execute(Object(Symfony/Component/Console/Input/ArrayInput), Object(Illuminate/Console/OutputStyle))
#29 C:/Users/sumarin/Herd/foodpos-690916/foodpos/vendor/laravel/framework/src/Illuminate/Console/Command.php(180): Symfony/Component/Console/Command/Command->run(Object(Symfony/Component/Console/Input/ArrayInput), Object(Illuminate/Console/OutputStyle))
#30 C:/Users/sumarin/Herd/foodpos-690916/foodpos/vendor/laravel/framework/src/Illuminate/Console/Concerns/CallsCommands.php(68): Illuminate/Console/Command->run(Object(Symfony/Component/Console/Input/ArrayInput), Object(Illuminate/Console/OutputStyle))
#31 C:/Users/sumarin/Herd/foodpos-690916/foodpos/vendor/laravel/framework/src/Illuminate/Console/Concerns/CallsCommands.php(29): Illuminate/Console/Command->runCommand('migrate', Array, Object(Illuminate/Console/OutputStyle))
#32 C:/Users/sumarin/Herd/foodpos-690916/foodpos/vendor/laravel/framework/src/Illuminate/Database/Console/Migrations/FreshCommand.php(88): Illuminate/Console/Command->call('migrate', Array)
#33 C:/Users/sumarin/Herd/foodpos-690916/foodpos/vendor/laravel/framework/src/Illuminate/Container/BoundMethod.php(36): Illuminate/Database/Console/Migrations/FreshCommand->handle()
#34 C:/Users/sumarin/Herd/foodpos-690916/foodpos/vendor/laravel/framework/src/Illuminate/Container/Util.php(43): Illuminate/Container/BoundMethod::Illuminate/Container/{closure}()
#35 C:/Users/sumarin/Herd/foodpos-690916/foodpos/vendor/laravel/framework/src/Illuminate/Container/BoundMethod.php(96): Illuminate/Container/Util::unwrapIfClosure(Object(Closure))
#36 C:/Users/sumarin/Herd/foodpos-690916/foodpos/vendor/laravel/framework/src/Illuminate/Container/BoundMethod.php(35): Illuminate/Container/BoundMethod::callBoundMethod(Object(Illuminate/Foundation/Application), Array, Object(Closure))
#37 C:/Users/sumarin/Herd/foodpos-690916/foodpos/vendor/laravel/framework/src/Illuminate/Container/Container.php(799): Illuminate/Container/BoundMethod::call(Object(Illuminate/Foundation/Application), Array, Array, NULL)
#38 C:/Users/sumarin/Herd/foodpos-690916/foodpos/vendor/laravel/framework/src/Illuminate/Console/Command.php(211): Illuminate/Container/Container->call(Array)
#39 C:/Users/sumarin/Herd/foodpos-690916/foodpos/vendor/symfony/console/Command/Command.php(341): Illuminate/Console/Command->execute(Object(Symfony/Component/Console/Input/ArgvInput), Object(Illuminate/Console/OutputStyle))
#40 C:/Users/sumarin/Herd/foodpos-690916/foodpos/vendor/laravel/framework/src/Illuminate/Console/Command.php(180): Symfony/Component/Console/Command/Command->run(Object(Symfony/Component/Console/Input/ArgvInput), Object(Illuminate/Console/OutputStyle))
#41 C:/Users/sumarin/Herd/foodpos-690916/foodpos/vendor/symfony/console/Application.php(1117): Illuminate/Console/Command->run(Object(Symfony/Component/Console/Input/ArgvInput), Object(Symfony/Component/Console/Output/ConsoleOutput))
#42 C:/Users/sumarin/Herd/foodpos-690916/foodpos/vendor/symfony/console/Application.php(356): Symfony/Component/Console/Application->doRunCommand(Object(Illuminate/Database/Console/Migrations/FreshCommand), Object(Symfony/Component/Console/Input/ArgvInput), Object(Symfony/Component/Console/Output/ConsoleOutput))
#43 C:/Users/sumarin/Herd/foodpos-690916/foodpos/vendor/symfony/console/Application.php(195): Symfony/Component/Console/Application->doRun(Object(Symfony/Component/Console/Input/ArgvInput), Object(Symfony/Component/Console/Output/ConsoleOutput))
#44 C:/Users/sumarin/Herd/foodpos-690916/foodpos/vendor/laravel/framework/src/Illuminate/Foundation/Console/Kernel.php(198): Symfony/Component/Console/Application->run(Object(Symfony/Component/Console/Input/ArgvInput), Object(Symfony/Component/Console/Output/ConsoleOutput))
#45 C:/Users/sumarin/Herd/foodpos-690916/foodpos/vendor/laravel/framework/src/Illuminate/Foundation/Application.php(1235): Illuminate/Foundation/Console/Kernel->handle(Object(Symfony/Component/Console/Input/ArgvInput), Object(Symfony/Component/Console/Output/ConsoleOutput))
#46 C:/Users/sumarin/Herd/foodpos-690916/foodpos/artisan(11): Illuminate/Foundation/Application->handleCommand(Object(Symfony/Component/Console/Input/ArgvInput))
#47 {main}
"} 
[2026-09-23 09:11:50] testing.WARNING: บันทึก error ลงตารางไม่สำเร็จ {"reason":"SQLSTATE[HY000]: General error: 1 no such table: POS2_error_events (Connection: sqlite, Database: :memory:, SQL: select * from \"POS2_error_events\" where \"fingerprint\" = 62c5f44e08fea077c917fc3cc08105ee6d52cf50430644063bc3dba11cf023da limit 1)"} 
[2026-09-23 09:11:50] testing.ERROR: สำรองข้อมูลไม่สำเร็จ {"kind":"database","slot":"mon","error":"คำสั่งสำรองฐานข้อมูลนี้เขียนไว้สำหรับ SQL Server เท่านั้น (ตอนนี้ต่ออยู่กับ sqlite) ฐานข้อมูลชนิดอื่นต้องสำรองด้วยเครื่องมือของตัวเอง"} 
[2026-09-23 09:11:51] testing.ERROR: สำรองข้อมูลไม่สำเร็จ {"kind":"uploads","slot":"fri","error":"ไฟล์ที่จะสำรองรวม 1 MB เกินเพดาน 1 MB ที่ตั้งไว้ — ย้ายไฟล์เก่าออกก่อน หรือขยายค่า BACKUP_MAX_FILES_MB ถ้าตั้งใจให้ใหญ่ขนาดนี้"} 
[2026-09-23 09:11:59] testing.ERROR: สำรองข้อมูลไม่สำเร็จ {"kind":"database","slot":"wed","error":"คำสั่งสำรองฐานข้อมูลนี้เขียนไว้สำหรับ SQL Server เท่านั้น (ตอนนี้ต่ออยู่กับ sqlite) ฐานข้อมูลชนิดอื่นต้องสำรองด้วยเครื่องมือของตัวเอง"} 
[2026-09-23 09:11:59] testing.ERROR: สำรองข้อมูลไม่สำเร็จ {"kind":"database","slot":"m09","error":"คำสั่งสำรองฐานข้อมูลนี้เขียนไว้สำหรับ SQL Server เท่านั้น (ตอนนี้ต่ออยู่กับ sqlite) ฐานข้อมูลชนิดอื่นต้องสำรองด้วยเครื่องมือของตัวเอง"} 
[2026-09-23 09:13:07] local.ERROR: สำรองข้อมูลไม่สำเร็จ {"kind":"database","slot":"wed","error":"คำสั่งสำรองฐานข้อมูลนี้เขียนไว้สำหรับ SQL Server เท่านั้น (ตอนนี้ต่ออยู่กับ sqlite) ฐานข้อมูลชนิดอื่นต้องสำรองด้วยเครื่องมือของตัวเอง"} 
[2026-09-23 09:13:07] local.ERROR: สำรองข้อมูลไม่สำเร็จ {"kind":"database","slot":"m09","error":"คำสั่งสำรองฐานข้อมูลนี้เขียนไว้สำหรับ SQL Server เท่านั้น (ตอนนี้ต่ออยู่กับ sqlite) ฐานข้อมูลชนิดอื่นต้องสำรองด้วยเครื่องมือของตัวเอง"} 
[2026-09-23 09:16:50] local.ERROR: สำรองข้อมูลไม่สำเร็จ {"kind":"database","slot":"wed","error":"คำสั่งสำรองฐานข้อมูลนี้เขียนไว้สำหรับ SQL Server เท่านั้น (ตอนนี้ต่ออยู่กับ sqlite) ฐานข้อมูลชนิดอื่นต้องสำรองด้วยเครื่องมือของตัวเอง"} 
[2026-09-23 09:16:50] local.ERROR: สำรองข้อมูลไม่สำเร็จ {"kind":"database","slot":"m09","error":"คำสั่งสำรองฐานข้อมูลนี้เขียนไว้สำหรับ SQL Server เท่านั้น (ตอนนี้ต่ออยู่กับ sqlite) ฐานข้อมูลชนิดอื่นต้องสำรองด้วยเครื่องมือของตัวเอง"} 
[2026-09-23 09:17:55] testing.WARNING: บันทึก error ลงตารางไม่สำเร็จ {"reason":"SQLSTATE[HY000]: General error: 1 no such table: POS2_error_events (Connection: sqlite, Database: :memory:, SQL: select * from \"POS2_error_events\" where \"fingerprint\" = 62c5f44e08fea077c917fc3cc08105ee6d52cf50430644063bc3dba11cf023da limit 1)"} 
[2026-09-23 09:17:55] testing.ERROR: สำรองข้อมูลไม่สำเร็จ {"kind":"database","slot":"mon","error":"คำสั่งสำรองฐานข้อมูลนี้เขียนไว้สำหรับ SQL Server เท่านั้น (ตอนนี้ต่ออยู่กับ sqlite) ฐานข้อมูลชนิดอื่นต้องสำรองด้วยเครื่องมือของตัวเอง"} 
[2026-09-23 09:17:55] testing.ERROR: สำรองข้อมูลไม่สำเร็จ {"kind":"uploads","slot":"fri","error":"ไฟล์ที่จะสำรองรวม 1 MB เกินเพดาน 1 MB ที่ตั้งไว้ — ย้ายไฟล์เก่าออกก่อน หรือขยายค่า BACKUP_MAX_FILES_MB ถ้าตั้งใจให้ใหญ่ขนาดนี้"} 
[2026-09-23 09:17:58] testing.ERROR: สำรองข้อมูลไม่สำเร็จ {"kind":"database","slot":"wed","error":"คำสั่งสำรองฐานข้อมูลนี้เขียนไว้สำหรับ SQL Server เท่านั้น (ตอนนี้ต่ออยู่กับ sqlite) ฐานข้อมูลชนิดอื่นต้องสำรองด้วยเครื่องมือของตัวเอง"} 
[2026-09-23 09:17:58] testing.ERROR: สำรองข้อมูลไม่สำเร็จ {"kind":"database","slot":"m09","error":"คำสั่งสำรองฐานข้อมูลนี้เขียนไว้สำหรับ SQL Server เท่านั้น (ตอนนี้ต่ออยู่กับ sqlite) ฐานข้อมูลชนิดอื่นต้องสำรองด้วยเครื่องมือของตัวเอง"} 
[2026-09-23 09:23:20] testing.WARNING: บันทึก error ลงตารางไม่สำเร็จ {"reason":"SQLSTATE[HY000]: General error: 1 no such table: POS2_error_events (Connection: sqlite, Database: :memory:, SQL: select * from \"POS2_error_events\" where \"fingerprint\" = 62c5f44e08fea077c917fc3cc08105ee6d52cf50430644063bc3dba11cf023da limit 1)"} 
[2026-09-23 09:23:21] testing.ERROR: สำรองข้อมูลไม่สำเร็จ {"kind":"database","slot":"mon","error":"คำสั่งสำรองฐานข้อมูลนี้เขียนไว้สำหรับ SQL Server เท่านั้น (ตอนนี้ต่ออยู่กับ sqlite) ฐานข้อมูลชนิดอื่นต้องสำรองด้วยเครื่องมือของตัวเอง"} 
[2026-09-23 09:23:21] testing.ERROR: สำรองข้อมูลไม่สำเร็จ {"kind":"uploads","slot":"fri","error":"ไฟล์ที่จะสำรองรวม 1 MB เกินเพดาน 1 MB ที่ตั้งไว้ — ย้ายไฟล์เก่าออกก่อน หรือขยายค่า BACKUP_MAX_FILES_MB ถ้าตั้งใจให้ใหญ่ขนาดนี้"} 
[2026-09-23 09:23:23] testing.ERROR: สำรองข้อมูลไม่สำเร็จ {"kind":"database","slot":"wed","error":"คำสั่งสำรองฐานข้อมูลนี้เขียนไว้สำหรับ SQL Server เท่านั้น (ตอนนี้ต่ออยู่กับ sqlite) ฐานข้อมูลชนิดอื่นต้องสำรองด้วยเครื่องมือของตัวเอง"} 
[2026-09-23 09:23:23] testing.ERROR: สำรองข้อมูลไม่สำเร็จ {"kind":"database","slot":"m09","error":"คำสั่งสำรองฐานข้อมูลนี้เขียนไว้สำหรับ SQL Server เท่านั้น (ตอนนี้ต่ออยู่กับ sqlite) ฐานข้อมูลชนิดอื่นต้องสำรองด้วยเครื่องมือของตัวเอง"} 
[2026-09-23 09:24:43] local.ERROR: สำรองข้อมูลไม่สำเร็จ {"kind":"database","slot":"wed","error":"คำสั่งสำรองฐานข้อมูลนี้เขียนไว้สำหรับ SQL Server เท่านั้น (ตอนนี้ต่ออยู่กับ sqlite) ฐานข้อมูลชนิดอื่นต้องสำรองด้วยเครื่องมือของตัวเอง"} 
[2026-09-23 09:24:43] local.ERROR: สำรองข้อมูลไม่สำเร็จ {"kind":"database","slot":"m09","error":"คำสั่งสำรองฐานข้อมูลนี้เขียนไว้สำหรับ SQL Server เท่านั้น (ตอนนี้ต่ออยู่กับ sqlite) ฐานข้อมูลชนิดอื่นต้องสำรองด้วยเครื่องมือของตัวเอง"} 
[2026-09-23 09:50:18] testing.WARNING: บันทึก error ลงตารางไม่สำเร็จ {"reason":"SQLSTATE[HY000]: General error: 1 no such table: POS2_error_events (Connection: sqlite, Database: :memory:, SQL: select * from \"POS2_error_events\" where \"fingerprint\" = 62c5f44e08fea077c917fc3cc08105ee6d52cf50430644063bc3dba11cf023da limit 1)"} 
[2026-09-23 09:50:18] testing.ERROR: สำรองข้อมูลไม่สำเร็จ {"kind":"database","slot":"mon","error":"คำสั่งสำรองฐานข้อมูลนี้เขียนไว้สำหรับ SQL Server เท่านั้น (ตอนนี้ต่ออยู่กับ sqlite) ฐานข้อมูลชนิดอื่นต้องสำรองด้วยเครื่องมือของตัวเอง"} 
[2026-09-23 09:50:18] testing.ERROR: สำรองข้อมูลไม่สำเร็จ {"kind":"uploads","slot":"fri","error":"ไฟล์ที่จะสำรองรวม 1 MB เกินเพดาน 1 MB ที่ตั้งไว้ — ย้ายไฟล์เก่าออกก่อน หรือขยายค่า BACKUP_MAX_FILES_MB ถ้าตั้งใจให้ใหญ่ขนาดนี้"} 
[2026-09-23 09:50:21] testing.ERROR: สำรองข้อมูลไม่สำเร็จ {"kind":"database","slot":"wed","error":"คำสั่งสำรองฐานข้อมูลนี้เขียนไว้สำหรับ SQL Server เท่านั้น (ตอนนี้ต่ออยู่กับ sqlite) ฐานข้อมูลชนิดอื่นต้องสำรองด้วยเครื่องมือของตัวเอง"} 
[2026-09-23 09:50:21] testing.ERROR: สำรองข้อมูลไม่สำเร็จ {"kind":"database","slot":"m09","error":"คำสั่งสำรองฐานข้อมูลนี้เขียนไว้สำหรับ SQL Server เท่านั้น (ตอนนี้ต่ออยู่กับ sqlite) ฐานข้อมูลชนิดอื่นต้องสำรองด้วยเครื่องมือของตัวเอง"} 
[2026-09-23 10:00:55] testing.WARNING: บันทึก error ลงตารางไม่สำเร็จ {"reason":"SQLSTATE[HY000]: General error: 1 no such table: POS2_error_events (Connection: sqlite, Database: :memory:, SQL: select * from \"POS2_error_events\" where \"fingerprint\" = 62c5f44e08fea077c917fc3cc08105ee6d52cf50430644063bc3dba11cf023da limit 1)"} 
[2026-09-23 10:00:55] testing.ERROR: สำรองข้อมูลไม่สำเร็จ {"kind":"database","slot":"mon","error":"คำสั่งสำรองฐานข้อมูลนี้เขียนไว้สำหรับ SQL Server เท่านั้น (ตอนนี้ต่ออยู่กับ sqlite) ฐานข้อมูลชนิดอื่นต้องสำรองด้วยเครื่องมือของตัวเอง"} 
[2026-09-23 10:00:55] testing.ERROR: สำรองข้อมูลไม่สำเร็จ {"kind":"uploads","slot":"fri","error":"ไฟล์ที่จะสำรองรวม 1 MB เกินเพดาน 1 MB ที่ตั้งไว้ — ย้ายไฟล์เก่าออกก่อน หรือขยายค่า BACKUP_MAX_FILES_MB ถ้าตั้งใจให้ใหญ่ขนาดนี้"} 
[2026-09-23 10:00:58] testing.ERROR: สำรองข้อมูลไม่สำเร็จ {"kind":"database","slot":"wed","error":"คำสั่งสำรองฐานข้อมูลนี้เขียนไว้สำหรับ SQL Server เท่านั้น (ตอนนี้ต่ออยู่กับ sqlite) ฐานข้อมูลชนิดอื่นต้องสำรองด้วยเครื่องมือของตัวเอง"} 
[2026-09-23 10:00:58] testing.ERROR: สำรองข้อมูลไม่สำเร็จ {"kind":"database","slot":"m09","error":"คำสั่งสำรองฐานข้อมูลนี้เขียนไว้สำหรับ SQL Server เท่านั้น (ตอนนี้ต่ออยู่กับ sqlite) ฐานข้อมูลชนิดอื่นต้องสำรองด้วยเครื่องมือของตัวเอง"} 
[2026-09-24 02:07:38] testing.WARNING: บันทึก error ลงตารางไม่สำเร็จ {"reason":"SQLSTATE[HY000]: General error: 1 no such table: POS2_error_events (Connection: sqlite, Database: :memory:, SQL: select * from \"POS2_error_events\" where \"fingerprint\" = 62c5f44e08fea077c917fc3cc08105ee6d52cf50430644063bc3dba11cf023da limit 1)"} 
[2026-09-24 02:07:38] testing.ERROR: สำรองข้อมูลไม่สำเร็จ {"kind":"database","slot":"mon","error":"คำสั่งสำรองฐานข้อมูลนี้เขียนไว้สำหรับ SQL Server เท่านั้น (ตอนนี้ต่ออยู่กับ sqlite) ฐานข้อมูลชนิดอื่นต้องสำรองด้วยเครื่องมือของตัวเอง"} 
[2026-09-24 02:07:38] testing.ERROR: สำรองข้อมูลไม่สำเร็จ {"kind":"uploads","slot":"fri","error":"ไฟล์ที่จะสำรองรวม 1 MB เกินเพดาน 1 MB ที่ตั้งไว้ — ย้ายไฟล์เก่าออกก่อน หรือขยายค่า BACKUP_MAX_FILES_MB ถ้าตั้งใจให้ใหญ่ขนาดนี้"} 
[2026-09-24 02:07:44] testing.ERROR: สำรองข้อมูลไม่สำเร็จ {"kind":"database","slot":"thu","error":"คำสั่งสำรองฐานข้อมูลนี้เขียนไว้สำหรับ SQL Server เท่านั้น (ตอนนี้ต่ออยู่กับ sqlite) ฐานข้อมูลชนิดอื่นต้องสำรองด้วยเครื่องมือของตัวเอง"} 
[2026-09-24 02:07:44] testing.ERROR: สำรองข้อมูลไม่สำเร็จ {"kind":"database","slot":"m09","error":"คำสั่งสำรองฐานข้อมูลนี้เขียนไว้สำหรับ SQL Server เท่านั้น (ตอนนี้ต่ออยู่กับ sqlite) ฐานข้อมูลชนิดอื่นต้องสำรองด้วยเครื่องมือของตัวเอง"} 
[2026-09-24 02:15:59] local.ERROR: สำรองข้อมูลไม่สำเร็จ {"kind":"database","slot":"thu","error":"คำสั่งสำรองฐานข้อมูลนี้เขียนไว้สำหรับ SQL Server เท่านั้น (ตอนนี้ต่ออยู่กับ sqlite) ฐานข้อมูลชนิดอื่นต้องสำรองด้วยเครื่องมือของตัวเอง"} 
[2026-09-24 02:15:59] local.ERROR: สำรองข้อมูลไม่สำเร็จ {"kind":"database","slot":"m09","error":"คำสั่งสำรองฐานข้อมูลนี้เขียนไว้สำหรับ SQL Server เท่านั้น (ตอนนี้ต่ออยู่กับ sqlite) ฐานข้อมูลชนิดอื่นต้องสำรองด้วยเครื่องมือของตัวเอง"} 
[2026-09-24 02:16:29] testing.WARNING: บันทึก error ลงตารางไม่สำเร็จ {"reason":"SQLSTATE[HY000]: General error: 1 no such table: POS2_error_events (Connection: sqlite, Database: :memory:, SQL: select * from \"POS2_error_events\" where \"fingerprint\" = 62c5f44e08fea077c917fc3cc08105ee6d52cf50430644063bc3dba11cf023da limit 1)"} 
[2026-09-24 02:16:29] testing.ERROR: สำรองข้อมูลไม่สำเร็จ {"kind":"database","slot":"mon","error":"คำสั่งสำรองฐานข้อมูลนี้เขียนไว้สำหรับ SQL Server เท่านั้น (ตอนนี้ต่ออยู่กับ sqlite) ฐานข้อมูลชนิดอื่นต้องสำรองด้วยเครื่องมือของตัวเอง"} 
[2026-09-24 02:16:29] testing.ERROR: สำรองข้อมูลไม่สำเร็จ {"kind":"uploads","slot":"fri","error":"ไฟล์ที่จะสำรองรวม 1 MB เกินเพดาน 1 MB ที่ตั้งไว้ — ย้ายไฟล์เก่าออกก่อน หรือขยายค่า BACKUP_MAX_FILES_MB ถ้าตั้งใจให้ใหญ่ขนาดนี้"} 
[2026-09-24 02:16:31] testing.ERROR: สำรองข้อมูลไม่สำเร็จ {"kind":"database","slot":"thu","error":"คำสั่งสำรองฐานข้อมูลนี้เขียนไว้สำหรับ SQL Server เท่านั้น (ตอนนี้ต่ออยู่กับ sqlite) ฐานข้อมูลชนิดอื่นต้องสำรองด้วยเครื่องมือของตัวเอง"} 
[2026-09-24 02:16:31] testing.ERROR: สำรองข้อมูลไม่สำเร็จ {"kind":"database","slot":"m09","error":"คำสั่งสำรองฐานข้อมูลนี้เขียนไว้สำหรับ SQL Server เท่านั้น (ตอนนี้ต่ออยู่กับ sqlite) ฐานข้อมูลชนิดอื่นต้องสำรองด้วยเครื่องมือของตัวเอง"} 
[2026-09-24 08:22:07] testing.WARNING: บันทึก error ลงตารางไม่สำเร็จ {"reason":"SQLSTATE[HY000]: General error: 1 no such table: POS2_error_events (Connection: sqlite, Database: :memory:, SQL: select * from \"POS2_error_events\" where \"fingerprint\" = 62c5f44e08fea077c917fc3cc08105ee6d52cf50430644063bc3dba11cf023da limit 1)"} 
[2026-09-24 08:22:07] testing.ERROR: สำรองข้อมูลไม่สำเร็จ {"kind":"database","slot":"mon","error":"คำสั่งสำรองฐานข้อมูลนี้เขียนไว้สำหรับ SQL Server เท่านั้น (ตอนนี้ต่ออยู่กับ sqlite) ฐานข้อมูลชนิดอื่นต้องสำรองด้วยเครื่องมือของตัวเอง"} 
[2026-09-24 08:22:08] testing.ERROR: สำรองข้อมูลไม่สำเร็จ {"kind":"uploads","slot":"fri","error":"ไฟล์ที่จะสำรองรวม 1 MB เกินเพดาน 1 MB ที่ตั้งไว้ — ย้ายไฟล์เก่าออกก่อน หรือขยายค่า BACKUP_MAX_FILES_MB ถ้าตั้งใจให้ใหญ่ขนาดนี้"} 
[2026-09-24 08:22:16] testing.ERROR: สำรองข้อมูลไม่สำเร็จ {"kind":"database","slot":"thu","error":"คำสั่งสำรองฐานข้อมูลนี้เขียนไว้สำหรับ SQL Server เท่านั้น (ตอนนี้ต่ออยู่กับ sqlite) ฐานข้อมูลชนิดอื่นต้องสำรองด้วยเครื่องมือของตัวเอง"} 
[2026-09-24 08:22:16] testing.ERROR: สำรองข้อมูลไม่สำเร็จ {"kind":"database","slot":"m09","error":"คำสั่งสำรองฐานข้อมูลนี้เขียนไว้สำหรับ SQL Server เท่านั้น (ตอนนี้ต่ออยู่กับ sqlite) ฐานข้อมูลชนิดอื่นต้องสำรองด้วยเครื่องมือของตัวเอง"} 
[2026-09-24 08:33:18] testing.WARNING: บันทึก error ลงตารางไม่สำเร็จ {"reason":"SQLSTATE[HY000]: General error: 1 no such table: POS2_error_events (Connection: sqlite, Database: :memory:, SQL: select * from \"POS2_error_events\" where \"fingerprint\" = 62c5f44e08fea077c917fc3cc08105ee6d52cf50430644063bc3dba11cf023da limit 1)"} 
[2026-09-24 08:33:18] testing.ERROR: สำรองข้อมูลไม่สำเร็จ {"kind":"database","slot":"mon","error":"คำสั่งสำรองฐานข้อมูลนี้เขียนไว้สำหรับ SQL Server เท่านั้น (ตอนนี้ต่ออยู่กับ sqlite) ฐานข้อมูลชนิดอื่นต้องสำรองด้วยเครื่องมือของตัวเอง"} 
[2026-09-24 08:33:18] testing.ERROR: สำรองข้อมูลไม่สำเร็จ {"kind":"uploads","slot":"fri","error":"ไฟล์ที่จะสำรองรวม 1 MB เกินเพดาน 1 MB ที่ตั้งไว้ — ย้ายไฟล์เก่าออกก่อน หรือขยายค่า BACKUP_MAX_FILES_MB ถ้าตั้งใจให้ใหญ่ขนาดนี้"} 
[2026-09-24 08:33:20] testing.ERROR: สำรองข้อมูลไม่สำเร็จ {"kind":"database","slot":"thu","error":"คำสั่งสำรองฐานข้อมูลนี้เขียนไว้สำหรับ SQL Server เท่านั้น (ตอนนี้ต่ออยู่กับ sqlite) ฐานข้อมูลชนิดอื่นต้องสำรองด้วยเครื่องมือของตัวเอง"} 
[2026-09-24 08:33:20] testing.ERROR: สำรองข้อมูลไม่สำเร็จ {"kind":"database","slot":"m09","error":"คำสั่งสำรองฐานข้อมูลนี้เขียนไว้สำหรับ SQL Server เท่านั้น (ตอนนี้ต่ออยู่กับ sqlite) ฐานข้อมูลชนิดอื่นต้องสำรองด้วยเครื่องมือของตัวเอง"} 
[2026-09-24 08:34:25] testing.WARNING: บันทึก error ลงตารางไม่สำเร็จ {"reason":"SQLSTATE[HY000]: General error: 1 no such table: POS2_error_events (Connection: sqlite, Database: :memory:, SQL: select * from \"POS2_error_events\" where \"fingerprint\" = 62c5f44e08fea077c917fc3cc08105ee6d52cf50430644063bc3dba11cf023da limit 1)"} 
[2026-09-24 08:34:25] testing.ERROR: สำรองข้อมูลไม่สำเร็จ {"kind":"database","slot":"mon","error":"คำสั่งสำรองฐานข้อมูลนี้เขียนไว้สำหรับ SQL Server เท่านั้น (ตอนนี้ต่ออยู่กับ sqlite) ฐานข้อมูลชนิดอื่นต้องสำรองด้วยเครื่องมือของตัวเอง"} 
[2026-09-24 08:34:26] testing.ERROR: สำรองข้อมูลไม่สำเร็จ {"kind":"uploads","slot":"fri","error":"ไฟล์ที่จะสำรองรวม 1 MB เกินเพดาน 1 MB ที่ตั้งไว้ — ย้ายไฟล์เก่าออกก่อน หรือขยายค่า BACKUP_MAX_FILES_MB ถ้าตั้งใจให้ใหญ่ขนาดนี้"} 
[2026-09-24 08:34:28] testing.ERROR: สำรองข้อมูลไม่สำเร็จ {"kind":"database","slot":"thu","error":"คำสั่งสำรองฐานข้อมูลนี้เขียนไว้สำหรับ SQL Server เท่านั้น (ตอนนี้ต่ออยู่กับ sqlite) ฐานข้อมูลชนิดอื่นต้องสำรองด้วยเครื่องมือของตัวเอง"} 
[2026-09-24 08:34:28] testing.ERROR: สำรองข้อมูลไม่สำเร็จ {"kind":"database","slot":"m09","error":"คำสั่งสำรองฐานข้อมูลนี้เขียนไว้สำหรับ SQL Server เท่านั้น (ตอนนี้ต่ออยู่กับ sqlite) ฐานข้อมูลชนิดอื่นต้องสำรองด้วยเครื่องมือของตัวเอง"} 
[2026-09-24 08:41:22] testing.WARNING: บันทึก error ลงตารางไม่สำเร็จ {"reason":"SQLSTATE[HY000]: General error: 1 no such table: POS2_error_events (Connection: sqlite, Database: :memory:, SQL: select * from \"POS2_error_events\" where \"fingerprint\" = 62c5f44e08fea077c917fc3cc08105ee6d52cf50430644063bc3dba11cf023da limit 1)"} 
[2026-09-24 08:41:22] testing.ERROR: สำรองข้อมูลไม่สำเร็จ {"kind":"database","slot":"mon","error":"คำสั่งสำรองฐานข้อมูลนี้เขียนไว้สำหรับ SQL Server เท่านั้น (ตอนนี้ต่ออยู่กับ sqlite) ฐานข้อมูลชนิดอื่นต้องสำรองด้วยเครื่องมือของตัวเอง"} 
[2026-09-24 08:41:22] testing.ERROR: สำรองข้อมูลไม่สำเร็จ {"kind":"uploads","slot":"fri","error":"ไฟล์ที่จะสำรองรวม 1 MB เกินเพดาน 1 MB ที่ตั้งไว้ — ย้ายไฟล์เก่าออกก่อน หรือขยายค่า BACKUP_MAX_FILES_MB ถ้าตั้งใจให้ใหญ่ขนาดนี้"} 
[2026-09-24 08:41:25] testing.ERROR: สำรองข้อมูลไม่สำเร็จ {"kind":"database","slot":"thu","error":"คำสั่งสำรองฐานข้อมูลนี้เขียนไว้สำหรับ SQL Server เท่านั้น (ตอนนี้ต่ออยู่กับ sqlite) ฐานข้อมูลชนิดอื่นต้องสำรองด้วยเครื่องมือของตัวเอง"} 
[2026-09-24 08:41:25] testing.ERROR: สำรองข้อมูลไม่สำเร็จ {"kind":"database","slot":"m09","error":"คำสั่งสำรองฐานข้อมูลนี้เขียนไว้สำหรับ SQL Server เท่านั้น (ตอนนี้ต่ออยู่กับ sqlite) ฐานข้อมูลชนิดอื่นต้องสำรองด้วยเครื่องมือของตัวเอง"} 
[2026-09-24 08:50:37] testing.WARNING: บันทึก error ลงตารางไม่สำเร็จ {"reason":"SQLSTATE[HY000]: General error: 1 no such table: POS2_error_events (Connection: sqlite, Database: :memory:, SQL: select * from \"POS2_error_events\" where \"fingerprint\" = 62c5f44e08fea077c917fc3cc08105ee6d52cf50430644063bc3dba11cf023da limit 1)"} 
[2026-09-24 08:50:37] testing.ERROR: สำรองข้อมูลไม่สำเร็จ {"kind":"database","slot":"mon","error":"คำสั่งสำรองฐานข้อมูลนี้เขียนไว้สำหรับ SQL Server เท่านั้น (ตอนนี้ต่ออยู่กับ sqlite) ฐานข้อมูลชนิดอื่นต้องสำรองด้วยเครื่องมือของตัวเอง"} 
[2026-09-24 08:50:37] testing.ERROR: สำรองข้อมูลไม่สำเร็จ {"kind":"uploads","slot":"fri","error":"ไฟล์ที่จะสำรองรวม 1 MB เกินเพดาน 1 MB ที่ตั้งไว้ — ย้ายไฟล์เก่าออกก่อน หรือขยายค่า BACKUP_MAX_FILES_MB ถ้าตั้งใจให้ใหญ่ขนาดนี้"} 
[2026-09-24 08:50:40] testing.ERROR: สำรองข้อมูลไม่สำเร็จ {"kind":"database","slot":"thu","error":"คำสั่งสำรองฐานข้อมูลนี้เขียนไว้สำหรับ SQL Server เท่านั้น (ตอนนี้ต่ออยู่กับ sqlite) ฐานข้อมูลชนิดอื่นต้องสำรองด้วยเครื่องมือของตัวเอง"} 
[2026-09-24 08:50:40] testing.ERROR: สำรองข้อมูลไม่สำเร็จ {"kind":"database","slot":"m09","error":"คำสั่งสำรองฐานข้อมูลนี้เขียนไว้สำหรับ SQL Server เท่านั้น (ตอนนี้ต่ออยู่กับ sqlite) ฐานข้อมูลชนิดอื่นต้องสำรองด้วยเครื่องมือของตัวเอง"} 
[2026-09-24 09:25:06] testing.WARNING: บันทึก error ลงตารางไม่สำเร็จ {"reason":"SQLSTATE[HY000]: General error: 1 no such table: POS2_error_events (Connection: sqlite, Database: :memory:, SQL: select * from \"POS2_error_events\" where \"fingerprint\" = 62c5f44e08fea077c917fc3cc08105ee6d52cf50430644063bc3dba11cf023da limit 1)"} 
[2026-09-24 09:25:07] testing.ERROR: สำรองข้อมูลไม่สำเร็จ {"kind":"database","slot":"mon","error":"คำสั่งสำรองฐานข้อมูลนี้เขียนไว้สำหรับ SQL Server เท่านั้น (ตอนนี้ต่ออยู่กับ sqlite) ฐานข้อมูลชนิดอื่นต้องสำรองด้วยเครื่องมือของตัวเอง"} 
[2026-09-24 09:25:07] testing.ERROR: สำรองข้อมูลไม่สำเร็จ {"kind":"uploads","slot":"fri","error":"ไฟล์ที่จะสำรองรวม 1 MB เกินเพดาน 1 MB ที่ตั้งไว้ — ย้ายไฟล์เก่าออกก่อน หรือขยายค่า BACKUP_MAX_FILES_MB ถ้าตั้งใจให้ใหญ่ขนาดนี้"} 
[2026-09-24 09:25:09] testing.ERROR: สำรองข้อมูลไม่สำเร็จ {"kind":"database","slot":"thu","error":"คำสั่งสำรองฐานข้อมูลนี้เขียนไว้สำหรับ SQL Server เท่านั้น (ตอนนี้ต่ออยู่กับ sqlite) ฐานข้อมูลชนิดอื่นต้องสำรองด้วยเครื่องมือของตัวเอง"} 
[2026-09-24 09:25:09] testing.ERROR: สำรองข้อมูลไม่สำเร็จ {"kind":"database","slot":"m09","error":"คำสั่งสำรองฐานข้อมูลนี้เขียนไว้สำหรับ SQL Server เท่านั้น (ตอนนี้ต่ออยู่กับ sqlite) ฐานข้อมูลชนิดอื่นต้องสำรองด้วยเครื่องมือของตัวเอง"} 
[2026-09-24 09:28:09] testing.WARNING: บันทึก error ลงตารางไม่สำเร็จ {"reason":"SQLSTATE[HY000]: General error: 1 no such table: POS2_error_events (Connection: sqlite, Database: :memory:, SQL: select * from \"POS2_error_events\" where \"fingerprint\" = 62c5f44e08fea077c917fc3cc08105ee6d52cf50430644063bc3dba11cf023da limit 1)"} 
[2026-09-24 09:28:09] testing.ERROR: สำรองข้อมูลไม่สำเร็จ {"kind":"database","slot":"mon","error":"คำสั่งสำรองฐานข้อมูลนี้เขียนไว้สำหรับ SQL Server เท่านั้น (ตอนนี้ต่ออยู่กับ sqlite) ฐานข้อมูลชนิดอื่นต้องสำรองด้วยเครื่องมือของตัวเอง"} 
[2026-09-24 09:28:09] testing.ERROR: สำรองข้อมูลไม่สำเร็จ {"kind":"uploads","slot":"fri","error":"ไฟล์ที่จะสำรองรวม 1 MB เกินเพดาน 1 MB ที่ตั้งไว้ — ย้ายไฟล์เก่าออกก่อน หรือขยายค่า BACKUP_MAX_FILES_MB ถ้าตั้งใจให้ใหญ่ขนาดนี้"} 
[2026-09-24 09:28:12] testing.ERROR: สำรองข้อมูลไม่สำเร็จ {"kind":"database","slot":"thu","error":"คำสั่งสำรองฐานข้อมูลนี้เขียนไว้สำหรับ SQL Server เท่านั้น (ตอนนี้ต่ออยู่กับ sqlite) ฐานข้อมูลชนิดอื่นต้องสำรองด้วยเครื่องมือของตัวเอง"} 
[2026-09-24 09:28:12] testing.ERROR: สำรองข้อมูลไม่สำเร็จ {"kind":"database","slot":"m09","error":"คำสั่งสำรองฐานข้อมูลนี้เขียนไว้สำหรับ SQL Server เท่านั้น (ตอนนี้ต่ออยู่กับ sqlite) ฐานข้อมูลชนิดอื่นต้องสำรองด้วยเครื่องมือของตัวเอง"} 
[2026-09-24 10:06:50] testing.WARNING: บันทึก error ลงตารางไม่สำเร็จ {"reason":"SQLSTATE[HY000]: General error: 1 no such table: POS2_error_events (Connection: sqlite, Database: :memory:, SQL: select * from \"POS2_error_events\" where \"fingerprint\" = 62c5f44e08fea077c917fc3cc08105ee6d52cf50430644063bc3dba11cf023da limit 1)"} 
[2026-09-24 10:06:50] testing.ERROR: สำรองข้อมูลไม่สำเร็จ {"kind":"database","slot":"mon","error":"คำสั่งสำรองฐานข้อมูลนี้เขียนไว้สำหรับ SQL Server เท่านั้น (ตอนนี้ต่ออยู่กับ sqlite) ฐานข้อมูลชนิดอื่นต้องสำรองด้วยเครื่องมือของตัวเอง"} 
[2026-09-24 10:06:51] testing.ERROR: สำรองข้อมูลไม่สำเร็จ {"kind":"uploads","slot":"fri","error":"ไฟล์ที่จะสำรองรวม 1 MB เกินเพดาน 1 MB ที่ตั้งไว้ — ย้ายไฟล์เก่าออกก่อน หรือขยายค่า BACKUP_MAX_FILES_MB ถ้าตั้งใจให้ใหญ่ขนาดนี้"} 
[2026-09-24 10:06:54] testing.ERROR: สำรองข้อมูลไม่สำเร็จ {"kind":"database","slot":"thu","error":"คำสั่งสำรองฐานข้อมูลนี้เขียนไว้สำหรับ SQL Server เท่านั้น (ตอนนี้ต่ออยู่กับ sqlite) ฐานข้อมูลชนิดอื่นต้องสำรองด้วยเครื่องมือของตัวเอง"} 
[2026-09-24 10:06:54] testing.ERROR: สำรองข้อมูลไม่สำเร็จ {"kind":"database","slot":"m09","error":"คำสั่งสำรองฐานข้อมูลนี้เขียนไว้สำหรับ SQL Server เท่านั้น (ตอนนี้ต่ออยู่กับ sqlite) ฐานข้อมูลชนิดอื่นต้องสำรองด้วยเครื่องมือของตัวเอง"} 
[2026-09-25 01:21:34] testing.WARNING: บันทึก error ลงตารางไม่สำเร็จ {"reason":"SQLSTATE[HY000]: General error: 1 no such table: POS2_error_events (Connection: sqlite, Database: :memory:, SQL: select * from \"POS2_error_events\" where \"fingerprint\" = 62c5f44e08fea077c917fc3cc08105ee6d52cf50430644063bc3dba11cf023da limit 1)"} 
[2026-09-25 01:21:34] testing.ERROR: สำรองข้อมูลไม่สำเร็จ {"kind":"database","slot":"mon","error":"คำสั่งสำรองฐานข้อมูลนี้เขียนไว้สำหรับ SQL Server เท่านั้น (ตอนนี้ต่ออยู่กับ sqlite) ฐานข้อมูลชนิดอื่นต้องสำรองด้วยเครื่องมือของตัวเอง"} 
[2026-09-25 01:21:34] testing.ERROR: สำรองข้อมูลไม่สำเร็จ {"kind":"uploads","slot":"fri","error":"ไฟล์ที่จะสำรองรวม 1 MB เกินเพดาน 1 MB ที่ตั้งไว้ — ย้ายไฟล์เก่าออกก่อน หรือขยายค่า BACKUP_MAX_FILES_MB ถ้าตั้งใจให้ใหญ่ขนาดนี้"} 
[2026-09-25 01:21:38] testing.ERROR: สำรองข้อมูลไม่สำเร็จ {"kind":"database","slot":"fri","error":"คำสั่งสำรองฐานข้อมูลนี้เขียนไว้สำหรับ SQL Server เท่านั้น (ตอนนี้ต่ออยู่กับ sqlite) ฐานข้อมูลชนิดอื่นต้องสำรองด้วยเครื่องมือของตัวเอง"} 
[2026-09-25 01:21:38] testing.ERROR: สำรองข้อมูลไม่สำเร็จ {"kind":"database","slot":"m09","error":"คำสั่งสำรองฐานข้อมูลนี้เขียนไว้สำหรับ SQL Server เท่านั้น (ตอนนี้ต่ออยู่กับ sqlite) ฐานข้อมูลชนิดอื่นต้องสำรองด้วยเครื่องมือของตัวเอง"} 
[2026-09-25 01:47:08] testing.WARNING: บันทึก error ลงตารางไม่สำเร็จ {"reason":"SQLSTATE[HY000]: General error: 1 no such table: POS2_error_events (Connection: sqlite, Database: :memory:, SQL: select * from \"POS2_error_events\" where \"fingerprint\" = 62c5f44e08fea077c917fc3cc08105ee6d52cf50430644063bc3dba11cf023da limit 1)"} 
[2026-09-25 01:47:08] testing.ERROR: สำรองข้อมูลไม่สำเร็จ {"kind":"database","slot":"mon","error":"คำสั่งสำรองฐานข้อมูลนี้เขียนไว้สำหรับ SQL Server เท่านั้น (ตอนนี้ต่ออยู่กับ sqlite) ฐานข้อมูลชนิดอื่นต้องสำรองด้วยเครื่องมือของตัวเอง"} 
[2026-09-25 01:47:09] testing.ERROR: สำรองข้อมูลไม่สำเร็จ {"kind":"uploads","slot":"fri","error":"ไฟล์ที่จะสำรองรวม 1 MB เกินเพดาน 1 MB ที่ตั้งไว้ — ย้ายไฟล์เก่าออกก่อน หรือขยายค่า BACKUP_MAX_FILES_MB ถ้าตั้งใจให้ใหญ่ขนาดนี้"} 
[2026-09-25 01:47:12] testing.ERROR: สำรองข้อมูลไม่สำเร็จ {"kind":"database","slot":"fri","error":"คำสั่งสำรองฐานข้อมูลนี้เขียนไว้สำหรับ SQL Server เท่านั้น (ตอนนี้ต่ออยู่กับ sqlite) ฐานข้อมูลชนิดอื่นต้องสำรองด้วยเครื่องมือของตัวเอง"} 
[2026-09-25 01:47:12] testing.ERROR: สำรองข้อมูลไม่สำเร็จ {"kind":"database","slot":"m09","error":"คำสั่งสำรองฐานข้อมูลนี้เขียนไว้สำหรับ SQL Server เท่านั้น (ตอนนี้ต่ออยู่กับ sqlite) ฐานข้อมูลชนิดอื่นต้องสำรองด้วยเครื่องมือของตัวเอง"} 
